frame_index,timestamp_s,camera_center_x_px,path_center_x_px,lateral_error,heading_error,angular_z_rad_s,linear_x_m_s,confidence,instruction,left_boundary_detected,right_boundary_detected
0,0.000,640.00,426.78,-0.227852,-0.105299,0.058168,0.193736,0.982963,TURN LEFT,1,1
6,0.100,640.00,445.31,-0.235082,-0.069121,0.098022,0.195697,0.983701,TURN LEFT,1,1
12,0.200,640.00,448.76,-0.222082,-0.076737,0.124733,0.197616,0.528876,TURN LEFT,1,0
18,0.300,640.00,453.41,-0.223273,-0.068269,0.143386,0.198176,0.533063,TURN LEFT,1,0
24,0.400,640.00,472.36,-0.192748,-0.069184,0.150495,0.204290,0.997535,TURN LEFT,1,1
30,0.501,640.00,489.98,-0.183669,-0.050745,0.151900,0.207882,0.988923,TURN LEFT,1,1
36,0.601,640.00,496.87,-0.158167,-0.065479,0.149000,0.211666,0.985613,TURN LEFT,1,1
42,0.701,640.00,503.54,-0.154974,-0.058252,0.145533,0.212999,0.550000,TURN LEFT,0,1
48,0.801,640.00,512.66,-0.141156,-0.057805,0.140091,0.215848,1.000000,TURN LEFT,1,1
54,0.901,640.00,519.66,-0.155199,-0.032837,0.136676,0.215363,1.000000,TURN LEFT,1,1
60,1.001,640.00,521.50,-0.158966,-0.026189,0.134356,0.215228,1.000000,TURN LEFT,1,1
66,1.101,640.00,526.39,-0.144517,-0.033006,0.130319,0.217516,0.550000,TURN LEFT,1,0
72,1.201,640.00,524.82,-0.125962,-0.054004,0.125574,0.219295,0.550000,TURN LEFT,1,0
78,1.301,640.00,528.26,-0.125870,-0.048728,0.121622,0.219814,0.550000,TURN LEFT,1,0
84,1.401,640.00,529.43,-0.131449,-0.041321,0.119221,0.219382,0.550000,TURN LEFT,1,0
90,1.502,640.00,526.85,-0.130823,-0.045980,0.117818,0.219068,0.550000,TURN LEFT,1,0
96,1.602,640.00,518.35,-0.126650,-0.063427,0.117642,0.218262,0.550000,TURN LEFT,1,0
102,1.702,640.00,520.57,-0.129225,-0.057384,0.117463,0.218312,0.550000,TURN LEFT,1,0
108,1.802,640.00,516.95,-0.135370,-0.056893,0.118576,0.217110,0.550000,TURN LEFT,1,0
114,1.902,640.00,518.66,-0.111422,-0.078168,0.116434,0.219958,0.550000,TURN LEFT,1,0
120,2.002,640.00,527.18,-0.102708,-0.073568,0.112611,0.222164,0.550000,TURN LEFT,1,0
126,2.102,640.00,525.86,-0.071828,-0.106520,0.106603,0.225313,0.550000,TURN LEFT,1,0
132,2.202,640.00,524.42,-0.046420,-0.134171,0.099651,0.227853,0.550000,TURN LEFT,1,0
138,2.302,640.00,516.51,-0.066861,-0.126097,0.098147,0.224466,0.550000,TURN LEFT,1,0
144,2.402,640.00,512.13,-0.099037,-0.100757,0.101338,0.220332,0.550000,TURN LEFT,1,0
150,2.502,640.00,504.73,-0.111062,-0.100305,0.106116,0.217933,0.550000,TURN LEFT,1,0
156,2.603,640.00,501.91,-0.134489,-0.081278,0.112611,0.214977,0.550000,TURN LEFT,1,0
162,2.703,640.00,539.49,-0.064337,-0.092712,0.103677,0.228143,0.990317,TURN LEFT,1,1
168,2.803,640.00,556.78,-0.088679,-0.041357,0.097323,0.228067,0.959601,TURN LEFT,1,1
174,2.903,640.00,568.02,-0.087108,-0.025362,0.090851,0.229902,0.978539,TURN LEFT,1,1
180,3.003,640.00,577.12,-0.039179,-0.059078,0.079430,0.236442,1.000000,TURN LEFT,1,1
186,3.103,640.00,587.65,-0.009418,-0.072377,0.057189,0.250000,0.970672,GO STRAIGHT,1,1
192,3.203,640.00,595.82,0.033073,-0.102099,0.041176,0.250000,1.000000,GO STRAIGHT,1,1
198,3.303,640.00,595.98,0.042160,-0.110946,0.029647,0.250000,0.994244,GO STRAIGHT,1,1
204,3.403,640.00,604.04,0.064434,-0.120621,0.021346,0.250000,1.000000,GO STRAIGHT,1,1
210,3.504,640.00,604.27,0.038737,-0.094565,0.015369,0.250000,0.986425,GO STRAIGHT,1,1
216,3.604,640.00,589.77,0.002802,-0.081286,0.011066,0.250000,1.000000,GO STRAIGHT,1,1
222,3.704,640.00,591.96,-0.006238,-0.068827,0.007967,0.250000,1.000000,GO STRAIGHT,1,1
228,3.804,640.00,593.40,-0.032019,-0.040792,0.016458,0.239629,0.983879,GO STRAIGHT,1,1
234,3.904,640.00,599.05,0.013586,-0.077575,0.011850,0.250000,1.000000,GO STRAIGHT,1,1
240,4.004,640.00,579.40,-0.067113,-0.027571,0.025328,0.233754,1.000000,TURN LEFT,1,1
246,4.104,640.00,558.51,-0.088490,-0.038838,0.040625,0.228344,0.978946,TURN LEFT,1,1
252,4.204,640.00,581.78,-0.038288,-0.052675,0.042453,0.237229,1.000000,GO STRAIGHT,1,1
258,4.304,640.00,599.57,0.037604,-0.100770,0.030566,0.250000,1.000000,GO STRAIGHT,1,1
264,4.404,640.00,612.29,0.084445,-0.127735,0.022007,0.250000,1.000000,GO STRAIGHT,1,1
270,4.505,640.00,603.50,0.028652,-0.085684,0.015845,0.250000,1.000000,GO STRAIGHT,1,1
276,4.605,640.00,587.65,-0.029049,-0.052743,0.022678,0.239100,1.000000,GO STRAIGHT,1,1
282,4.705,640.00,580.50,-0.063113,-0.029859,0.032508,0.234350,0.977809,TURN LEFT,1,1
288,4.805,640.00,565.97,-0.100227,-0.015452,0.045968,0.228177,1.000000,TURN LEFT,1,1
294,4.905,640.00,543.06,-0.142780,-0.008691,0.063932,0.220174,1.000000,TURN LEFT,1,1
300,5.005,640.00,544.09,-0.161174,0.011317,0.078769,0.218334,1.000000,TURN LEFT,1,1
306,5.105,640.00,553.54,-0.165857,0.030762,0.088529,0.219226,0.550000,TURN LEFT,1,0
312,5.205,640.00,557.75,-0.171840,0.043328,0.095581,0.219202,0.550000,TURN LEFT,1,0
318,5.305,640.00,555.84,-0.165098,0.033595,0.100196,0.219649,0.550000,TURN LEFT,1,0
324,5.405,640.00,555.86,-0.157238,0.025771,0.102636,0.220504,0.550000,TURN LEFT,1,0
330,5.506,640.00,556.71,-0.142507,0.012365,0.102612,0.222225,1.000000,TURN LEFT,1,1
336,5.606,640.00,565.66,-0.126533,0.010373,0.099436,0.225281,1.000000,TURN LEFT,1,1
342,5.706,640.00,577.54,-0.104210,0.006618,0.092830,0.229460,1.000000,TURN LEFT,1,1
348,5.806,640.00,583.54,-0.086017,-0.002197,0.085116,0.232319,1.000000,TURN LEFT,1,1
354,5.906,640.00,587.32,-0.075601,-0.006716,0.077818,0.234007,1.000000,TURN LEFT,1,1
360,6.006,640.00,589.89,-0.065624,-0.012665,0.071051,0.235470,1.000000,TURN LEFT,1,1
366,6.106,640.00,596.93,-0.053248,-0.014046,0.063716,0.237853,1.000000,GO STRAIGHT,1,1
372,6.206,640.00,603.59,-0.043250,-0.013639,0.056294,0.239922,1.000000,GO STRAIGHT,1,1
378,6.306,640.00,608.82,-0.037810,-0.010908,0.040532,0.250000,1.000000,GO STRAIGHT,1,1
384,6.406,640.00,612.28,-0.028772,-0.014538,0.029183,0.250000,1.000000,GO STRAIGHT,1,1
390,6.506,640.00,617.62,-0.023767,-0.011209,0.021012,0.250000,1.000000,GO STRAIGHT,1,1
396,6.607,640.00,614.90,-0.021139,-0.018073,0.015128,0.250000,1.000000,GO STRAIGHT,1,1
402,6.707,640.00,611.84,-0.013430,-0.030565,0.010892,0.250000,1.000000,GO STRAIGHT,1,1
408,6.807,640.00,595.33,-0.067030,-0.002766,0.022190,0.236122,1.000000,TURN LEFT,1,1
414,6.907,640.00,591.55,-0.076522,0.000818,0.031966,0.234534,1.000000,TURN LEFT,1,1
420,7.007,640.00,592.48,-0.111728,0.037476,0.042806,0.230858,1.000000,TURN LEFT,1,1
426,7.107,640.00,598.81,-0.085623,0.021269,0.046717,0.234624,1.000000,TURN LEFT,1,1
432,7.207,640.00,606.73,-0.079082,0.027093,0.047588,0.236505,1.000000,GO STRAIGHT,1,1
438,7.307,640.00,607.33,-0.074748,0.023704,0.047638,0.237064,1.000000,GO STRAIGHT,1,1
444,7.407,640.00,606.83,-0.064783,0.012959,0.046634,0.238069,1.000000,GO STRAIGHT,1,1
450,7.508,640.00,604.82,-0.060010,0.005041,0.045684,0.238288,1.000000,GO STRAIGHT,1,1
456,7.608,640.00,611.83,-0.057656,0.013637,0.043664,0.239581,1.000000,GO STRAIGHT,1,1
462,7.708,640.00,612.63,-0.054715,0.011956,0.041757,0.240019,1.000000,GO STRAIGHT,1,1
468,7.808,640.00,611.59,-0.051108,0.006717,0.040139,0.240255,1.000000,GO STRAIGHT,1,1
474,7.908,640.00,612.19,-0.041508,-0.001940,0.028900,0.250000,1.000000,GO STRAIGHT,1,1
480,8.008,640.00,610.73,-0.035926,-0.009803,0.020808,0.250000,1.000000,GO STRAIGHT,1,1
486,8.108,640.00,603.87,-0.030168,-0.026281,0.014982,0.250000,1.000000,GO STRAIGHT,1,1
492,8.208,640.00,615.52,-0.021729,-0.016520,0.010787,0.250000,1.000000,GO STRAIGHT,1,1
498,8.308,640.00,618.87,-0.031168,-0.001854,0.007767,0.250000,0.985357,GO STRAIGHT,1,1
504,8.408,640.00,619.48,-0.045183,0.013115,0.005592,0.250000,1.000000,GO STRAIGHT,1,1
510,8.508,640.00,609.71,-0.064137,0.016810,0.015848,0.238566,0.994852,GO STRAIGHT,1,1
516,8.609,640.00,612.63,0.017791,-0.060564,0.011410,0.250000,0.971675,GO STRAIGHT,1,1
522,8.709,640.00,621.37,0.061910,-0.091017,0.008215,0.250000,1.000000,GO STRAIGHT,1,1
528,8.809,640.00,621.39,0.097179,-0.126251,0.005915,0.250000,1.000000,GO STRAIGHT,1,1
534,8.909,640.00,627.39,0.133838,-0.153547,-0.008800,0.237369,1.000000,GO STRAIGHT,1,1
540,9.009,640.00,606.84,0.059378,-0.111187,-0.006336,0.250000,1.000000,GO STRAIGHT,1,1
546,9.109,640.00,597.41,0.007969,-0.074513,0.000000,0.250000,0.981546,GO STRAIGHT,1,1
552,9.209,640.00,611.08,0.060764,-0.105951,0.000000,0.250000,0.990079,GO STRAIGHT,1,1
558,9.309,640.00,599.30,0.009229,-0.072821,0.000000,0.250000,0.978144,GO STRAIGHT,1,1
564,9.409,640.00,601.46,-0.025338,-0.034878,0.000000,0.250000,0.961237,GO STRAIGHT,1,1
570,9.510,640.00,601.12,-0.042962,-0.017785,0.010765,0.239588,0.977322,GO STRAIGHT,1,1
576,9.610,640.00,620.22,0.023664,-0.054572,0.007751,0.250000,1.000000,GO STRAIGHT,1,1
582,9.710,640.00,632.43,0.085112,-0.096938,0.005581,0.250000,0.974096,GO STRAIGHT,1,1
588,9.810,640.00,618.20,0.022742,-0.056812,0.000000,0.250000,0.960231,GO STRAIGHT,1,1
594,9.910,640.00,631.45,0.076047,-0.089408,0.000000,0.250000,0.979947,GO STRAIGHT,1,1
600,10.010,640.00,618.11,0.032718,-0.066917,0.000000,0.250000,0.960412,GO STRAIGHT,1,1
606,10.110,640.00,605.61,-0.005098,-0.048634,0.000000,0.250000,0.968411,GO STRAIGHT,1,1
612,10.210,640.00,619.08,0.045900,-0.078595,0.000000,0.250000,0.987249,GO STRAIGHT,1,1
618,10.310,640.00,633.64,0.097434,-0.107372,-0.009939,0.240387,0.998982,GO STRAIGHT,1,1
624,10.410,640.00,619.33,0.040750,-0.073043,-0.007156,0.250000,0.963000,GO STRAIGHT,1,1
630,10.511,640.00,612.69,0.012745,-0.055422,-0.005152,0.250000,0.957269,GO STRAIGHT,1,1
636,10.611,640.00,629.12,0.080813,-0.097808,0.000000,0.250000,0.977248,GO STRAIGHT,1,1
642,10.711,640.00,637.41,0.129028,-0.133069,-0.014055,0.236405,0.984623,TURN RIGHT,1,1
648,10.811,640.00,625.50,0.054539,-0.077200,-0.010120,0.250000,0.967624,GO STRAIGHT,1,1
654,10.911,640.00,614.03,0.008557,-0.049142,-0.007286,0.250000,0.971027,GO STRAIGHT,1,1
660,11.011,640.00,605.46,-0.024691,-0.029280,-0.005246,0.250000,0.982642,GO STRAIGHT,1,1
666,11.111,640.00,596.96,-0.046001,-0.021245,0.007965,0.238642,0.982462,GO STRAIGHT,1,1
672,11.211,640.00,611.23,0.026092,-0.071050,0.005735,0.250000,1.000000,GO STRAIGHT,1,1
678,11.311,640.00,596.89,-0.012912,-0.054451,0.000000,0.250000,0.970838,GO STRAIGHT,1,1
684,11.411,640.00,607.46,0.058372,-0.109217,0.000000,0.250000,1.000000,GO STRAIGHT,1,1
690,11.511,640.00,621.50,0.088187,-0.117095,0.000000,0.250000,1.000000,GO STRAIGHT,1,1
696,11.612,640.00,608.53,0.028578,-0.077756,0.000000,0.250000,0.980213,GO STRAIGHT,1,1
702,11.712,640.00,604.24,-0.013460,-0.042412,0.000000,0.250000,0.971512,GO STRAIGHT,1,1
708,11.812,640.00,601.23,-0.049642,-0.010932,0.011496,0.238880,0.994065,GO STRAIGHT,1,1
714,11.912,640.00,596.70,-0.069510,0.001856,0.022692,0.236057,0.981579,TURN LEFT,1,1
720,12.012,640.00,593.63,-0.084188,0.011739,0.032867,0.234012,1.000000,TURN LEFT,1,1
726,12.112,640.00,592.75,-0.098009,0.024174,0.041877,0.232384,1.000000,TURN LEFT,1,1
732,12.212,640.00,591.30,-0.104571,0.028483,0.049320,0.231459,1.000000,TURN LEFT,1,1
738,12.312,640.00,590.61,-0.108445,0.031278,0.055219,0.230937,1.000000,TURN LEFT,1,1
744,12.412,640.00,584.64,-0.107357,0.020852,0.060259,0.230170,1.000000,TURN LEFT,1,1
750,12.513,640.00,593.79,-0.115246,0.043039,0.063370,0.230670,1.000000,TURN LEFT,1,1
756,12.613,640.00,600.63,-0.128168,0.066653,0.066010,0.230284,1.000000,TURN LEFT,1,1
762,12.713,640.00,603.15,-0.121488,0.063912,0.066776,0.231381,1.000000,TURN LEFT,1,1
768,12.813,640.00,608.32,-0.125037,0.075541,0.066934,0.231762,1.000000,TURN LEFT,1,1
774,12.913,640.00,607.27,-0.124782,0.073642,0.067180,0.231634,1.000000,TURN LEFT,1,1
780,13.013,640.00,613.87,-0.066498,0.025677,0.059818,0.238926,1.000000,GO STRAIGHT,1,1
786,13.113,640.00,611.19,-0.078304,0.033285,0.056251,0.237250,1.000000,GO STRAIGHT,1,1
792,13.213,640.00,606.89,-0.086990,0.035248,0.055314,0.235671,1.000000,TURN LEFT,1,1
798,13.313,640.00,611.57,-0.098988,0.054566,0.055266,0.235066,1.000000,TURN LEFT,1,1
804,13.413,640.00,613.36,-0.101566,0.059935,0.055247,0.235051,1.000000,TURN LEFT,1,1
810,13.514,640.00,613.01,-0.102948,0.060779,0.055440,0.234850,1.000000,TURN LEFT,1,1
816,13.614,640.00,618.82,-0.109087,0.075991,0.055378,0.235045,1.000000,TURN LEFT,1,1
822,13.714,640.00,621.16,-0.114868,0.085433,0.055622,0.234766,1.000000,TURN LEFT,1,1
828,13.814,640.00,618.94,-0.116873,0.083974,0.056362,0.234220,1.000000,TURN LEFT,1,1
834,13.914,640.00,617.76,-0.115741,0.080997,0.056948,0.234168,1.000000,TURN LEFT,1,1
840,14.014,640.00,615.57,-0.113001,0.074823,0.057400,0.234139,1.000000,TURN LEFT,1,1
846,14.114,640.00,615.81,-0.116010,0.078212,0.058026,0.233849,1.000000,TURN LEFT,1,1
852,14.214,640.00,613.60,-0.116185,0.074928,0.058834,0.233503,1.000000,TURN LEFT,1,1
858,14.314,640.00,615.48,-0.117268,0.078963,0.059249,0.233665,1.000000,TURN LEFT,1,1
864,14.414,640.00,612.61,-0.116547,0.073746,0.059907,0.233317,1.000000,TURN LEFT,1,1
870,14.514,640.00,605.59,-0.109175,0.055414,0.060629,0.233077,1.000000,TURN LEFT,1,1
876,14.615,640.00,608.94,-0.111716,0.063178,0.060922,0.233296,1.000000,TURN LEFT,1,1
882,14.715,640.00,612.04,-0.116699,0.073005,0.061216,0.233216,1.000000,TURN LEFT,1,1
888,14.815,640.00,609.18,-0.108905,0.060746,0.060992,0.233637,1.000000,TURN LEFT,1,1
894,14.915,640.00,611.38,-0.109984,0.065269,0.060615,0.233846,1.000000,TURN LEFT,1,1
900,15.015,640.00,614.98,-0.108197,0.069107,0.059591,0.234573,1.000000,TURN LEFT,1,1
906,15.115,640.00,616.47,-0.110070,0.073300,0.058837,0.234590,1.000000,TURN LEFT,1,1
912,15.215,640.00,614.41,-0.110873,0.070886,0.058699,0.234198,1.000000,TURN LEFT,1,1
918,15.315,640.00,611.61,-0.108795,0.064436,0.058796,0.234009,1.000000,TURN LEFT,1,1
924,15.415,640.00,603.69,-0.096687,0.039945,0.058722,0.234147,1.000000,TURN LEFT,1,1
930,15.515,640.00,600.61,-0.093458,0.031912,0.058779,0.234041,1.000000,TURN LEFT,1,1
936,15.616,640.00,596.43,-0.096999,0.028919,0.059857,0.233038,1.000000,TURN LEFT,1,1
942,15.716,640.00,593.88,-0.098438,0.026383,0.061183,0.232506,1.000000,TURN LEFT,1,1
948,15.816,640.00,596.01,-0.107373,0.038638,0.062814,0.231853,1.000000,TURN LEFT,1,1
954,15.916,640.00,596.57,-0.121490,0.053629,0.065483,0.230406,1.000000,TURN LEFT,1,1
960,16.016,640.00,591.71,-0.137183,0.061736,0.069906,0.227987,1.000000,TURN LEFT,1,1
966,16.116,640.00,593.05,-0.157911,0.084550,0.075208,0.225939,1.000000,TURN LEFT,1,1
972,16.216,640.00,591.28,-0.149687,0.073555,0.078376,0.226567,1.000000,TURN LEFT,1,1
978,16.316,640.00,588.40,-0.169296,0.088679,0.083292,0.224018,1.000000,TURN LEFT,1,1
984,16.416,640.00,586.00,-0.181886,0.097515,0.088610,0.222298,1.000000,TURN LEFT,1,1
990,16.517,640.00,589.72,-0.174252,0.095684,0.091015,0.223675,1.000000,TURN LEFT,1,1
996,16.617,640.00,589.66,-0.161942,0.083291,0.091376,0.225001,1.000000,TURN LEFT,1,1
1002,16.717,640.00,588.16,-0.175359,0.094352,0.093370,0.223324,1.000000,TURN LEFT,1,1
1008,16.817,640.00,592.89,-0.153193,0.079583,0.091598,0.226426,1.000000,TURN LEFT,1,1
1014,16.917,640.00,595.67,-0.145875,0.076612,0.089076,0.227631,1.000000,TURN LEFT,1,1
1020,17.017,640.00,599.04,-0.137522,0.073517,0.085810,0.229035,1.000000,TURN LEFT,1,1
1026,17.117,640.00,598.26,-0.129922,0.064709,0.082725,0.229744,1.000000,TURN LEFT,1,1
1032,17.217,640.00,600.53,-0.117941,0.056262,0.078816,0.231376,0.999376,TURN LEFT,1,1
1038,17.317,640.00,602.75,-0.108287,0.050080,0.074580,0.232751,1.000000,TURN LEFT,1,1
1044,17.417,640.00,603.63,-0.106599,0.049765,0.071206,0.233064,1.000000,TURN LEFT,1,1
1050,17.518,640.00,600.83,-0.110717,0.049514,0.069667,0.232204,1.000000,TURN LEFT,1,1
1056,17.618,640.00,603.08,-0.105753,0.048072,0.067657,0.233076,1.000000,TURN LEFT,1,1
1062,17.718,640.00,598.96,-0.084546,0.020426,0.064466,0.234763,0.988906,TURN LEFT,1,1
1068,17.818,640.00,627.09,0.012908,-0.033077,0.046415,0.250000,1.000000,GO STRAIGHT,1,1
1074,17.918,640.00,642.68,0.076413,-0.072229,0.033419,0.250000,1.000000,GO STRAIGHT,1,1
1080,18.018,640.00,628.15,-0.001128,-0.017381,0.024062,0.250000,1.000000,GO STRAIGHT,1,1
1086,18.118,640.00,612.63,-0.056810,0.014041,0.027878,0.239792,1.000000,GO STRAIGHT,1,1
1092,18.218,640.00,599.79,-0.066828,0.004005,0.033714,0.236805,0.995686,GO STRAIGHT,1,1
1098,18.318,640.00,617.20,0.008699,-0.044319,0.024274,0.250000,1.000000,GO STRAIGHT,1,1
1104,18.418,640.00,630.43,0.065175,-0.080124,0.017477,0.250000,1.000000,GO STRAIGHT,1,1
1110,18.518,640.00,640.44,0.099840,-0.099147,0.000000,0.239118,1.000000,GO STRAIGHT,1,1
1116,18.619,640.00,625.18,0.021507,-0.044661,0.000000,0.250000,0.999627,GO STRAIGHT,1,1
1122,18.719,640.00,630.57,0.069152,-0.083888,0.000000,0.250000,1.000000,GO STRAIGHT,1,1
1128,18.819,640.00,635.51,0.097063,-0.104079,-0.010183,0.240150,1.000000,GO STRAIGHT,1,1
1134,18.919,640.00,636.70,0.119853,-0.125014,-0.020250,0.237505,1.000000,GO STRAIGHT,1,1
1140,19.019,640.00,637.10,0.127369,-0.131905,-0.028401,0.236632,1.000000,GO STRAIGHT,1,1
1146,19.119,640.00,636.87,0.120276,-0.125171,-0.033440,0.237434,1.000000,GO STRAIGHT,1,1
1152,19.219,640.00,636.20,0.128485,-0.134419,-0.037885,0.236643,1.000000,GO STRAIGHT,1,1
1158,19.319,640.00,632.14,0.126291,-0.138575,-0.040218,0.237483,1.000000,GO STRAIGHT,1,1
1164,19.419,640.00,636.42,0.115421,-0.121021,-0.041336,0.238027,1.000000,GO STRAIGHT,1,1
1170,19.520,640.00,601.98,-0.014968,-0.044443,-0.029762,0.250000,1.000000,GO STRAIGHT,1,1
1176,19.620,640.00,606.37,-0.027785,-0.024768,-0.021428,0.250000,0.550000,GO STRAIGHT,1,0
1182,19.720,640.00,582.75,-0.081722,-0.007728,0.000000,0.232668,1.000000,TURN LEFT,1,1
1188,19.820,640.00,596.66,-0.028312,-0.039400,0.009807,0.240514,1.000000,GO STRAIGHT,1,1
1194,19.920,640.00,610.36,0.015162,-0.061478,0.007061,0.250000,1.000000,GO STRAIGHT,1,1
1200,20.020,640.00,619.49,0.034793,-0.066834,0.005084,0.250000,1.000000,GO STRAIGHT,1,1
1206,20.120,640.00,594.40,-0.046612,-0.024634,0.015863,0.238197,1.000000,GO STRAIGHT,1,1
1212,20.220,640.00,600.86,0.004894,-0.066044,0.011421,0.250000,1.000000,GO STRAIGHT,1,1
1218,20.320,640.00,606.99,0.038144,-0.089718,0.008223,0.250000,1.000000,GO STRAIGHT,1,1
1224,20.420,640.00,609.88,0.059495,-0.106552,0.005921,0.250000,1.000000,GO STRAIGHT,1,1
1230,20.521,640.00,606.32,0.081056,-0.133675,0.000000,0.250000,1.000000,GO STRAIGHT,1,1
1236,20.621,640.00,605.28,0.096323,-0.150568,0.000000,0.250000,1.000000,GO STRAIGHT,1,1
1242,20.721,640.00,604.65,0.108734,-0.163962,0.000000,0.250000,1.000000,GO STRAIGHT,1,1
1248,20.821,640.00,611.69,0.088786,-0.133019,0.000000,0.250000,1.000000,GO STRAIGHT,1,1
1254,20.921,640.00,608.48,0.091763,-0.141012,0.000000,0.250000,1.000000,GO STRAIGHT,1,1
1260,21.021,640.00,612.56,0.068401,-0.111276,0.000000,0.250000,1.000000,GO STRAIGHT,1,1
1266,21.121,640.00,613.12,0.064100,-0.106105,0.000000,0.250000,1.000000,GO STRAIGHT,1,1
1272,21.221,640.00,615.62,0.048795,-0.086890,0.000000,0.250000,1.000000,GO STRAIGHT,1,1
1278,21.321,640.00,616.62,0.033754,-0.070291,0.000000,0.250000,1.000000,GO STRAIGHT,1,1
1284,21.421,640.00,613.59,0.048800,-0.090062,0.000000,0.250000,1.000000,GO STRAIGHT,1,1
1290,21.521,640.00,612.93,0.029012,-0.071314,0.000000,0.250000,1.000000,GO STRAIGHT,1,1
1296,21.622,640.00,615.49,0.032871,-0.071169,0.000000,0.250000,1.000000,GO STRAIGHT,1,1
1302,21.722,640.00,616.26,0.031113,-0.068209,0.000000,0.250000,1.000000,GO STRAIGHT,1,1
1308,21.822,640.00,621.06,0.037289,-0.066886,0.000000,0.250000,1.000000,GO STRAIGHT,1,1
1314,21.922,640.00,627.03,0.037615,-0.057888,0.000000,0.250000,1.000000,GO STRAIGHT,1,1
1320,22.022,640.00,625.84,0.034451,-0.056580,0.000000,0.250000,1.000000,GO STRAIGHT,1,1
1326,22.122,640.00,624.45,0.019274,-0.043570,0.000000,0.250000,1.000000,GO STRAIGHT,1,1
1332,22.222,640.00,624.22,0.028929,-0.053593,0.000000,0.250000,1.000000,GO STRAIGHT,1,1
1338,22.322,640.00,624.52,0.025437,-0.049618,0.000000,0.250000,1.000000,GO STRAIGHT,1,1
1344,22.422,640.00,620.21,0.015234,-0.046159,0.000000,0.250000,1.000000,GO STRAIGHT,1,1
1350,22.523,640.00,624.92,0.017466,-0.041034,0.000000,0.250000,1.000000,GO STRAIGHT,1,1
1356,22.623,640.00,621.02,0.021052,-0.050705,0.000000,0.250000,1.000000,GO STRAIGHT,1,1
1362,22.723,640.00,619.97,0.025526,-0.056826,0.000000,0.250000,1.000000,GO STRAIGHT,1,1
1368,22.823,640.00,616.40,0.036359,-0.073235,0.000000,0.250000,1.000000,GO STRAIGHT,1,1
1374,22.923,640.00,612.31,0.038447,-0.081720,0.000000,0.250000,1.000000,GO STRAIGHT,1,1
1380,23.023,640.00,609.77,0.047538,-0.094778,0.000000,0.250000,1.000000,GO STRAIGHT,1,1
1386,23.123,640.00,602.31,0.061020,-0.119910,0.000000,0.250000,1.000000,GO STRAIGHT,1,1
1392,23.223,640.00,601.88,0.039763,-0.099328,0.000000,0.250000,1.000000,GO STRAIGHT,1,1
1398,23.323,640.00,597.55,0.049839,-0.116165,0.000000,0.250000,1.000000,GO STRAIGHT,1,1
1404,23.423,640.00,600.58,0.044892,-0.106485,0.000000,0.250000,1.000000,GO STRAIGHT,1,1
1410,23.524,640.00,599.56,0.044928,-0.108117,0.000000,0.250000,1.000000,GO STRAIGHT,1,1
1416,23.624,640.00,603.66,0.023831,-0.080613,0.000000,0.250000,1.000000,GO STRAIGHT,1,1
1422,23.724,640.00,604.96,0.013585,-0.068331,0.000000,0.250000,1.000000,GO STRAIGHT,1,1
1428,23.824,640.00,612.51,0.002033,-0.044990,0.000000,0.250000,1.000000,GO STRAIGHT,1,1
1434,23.924,640.00,618.23,-0.002995,-0.031023,0.000000,0.250000,1.000000,GO STRAIGHT,1,1
1440,24.024,640.00,617.89,-0.024309,-0.010238,0.000000,0.250000,1.000000,GO STRAIGHT,1,1
1446,24.124,640.00,615.68,-0.022079,-0.015914,0.000000,0.250000,1.000000,GO STRAIGHT,1,1
1452,24.224,640.00,614.78,-0.016324,-0.023075,0.000000,0.250000,1.000000,GO STRAIGHT,1,1
1458,24.324,640.00,613.55,-0.012169,-0.029161,0.000000,0.250000,1.000000,GO STRAIGHT,1,1
1464,24.424,640.00,609.92,-0.017223,-0.029774,0.000000,0.250000,1.000000,GO STRAIGHT,1,1
1470,24.524,640.00,602.89,-0.008114,-0.049876,0.000000,0.250000,1.000000,GO STRAIGHT,1,1
1476,24.625,640.00,603.50,0.003426,-0.060462,0.000000,0.250000,1.000000,GO STRAIGHT,1,1
1482,24.725,640.00,597.35,0.003488,-0.070129,0.000000,0.250000,1.000000,GO STRAIGHT,1,1
1488,24.825,640.00,595.15,-0.011004,-0.059074,0.000000,0.250000,1.000000,GO STRAIGHT,1,1
1494,24.925,640.00,591.25,0.004809,-0.080983,0.000000,0.250000,1.000000,GO STRAIGHT,1,1
1500,25.025,640.00,593.19,0.009077,-0.082215,0.000000,0.250000,1.000000,GO STRAIGHT,1,1
1506,25.125,640.00,594.65,0.022296,-0.093152,0.000000,0.250000,1.000000,GO STRAIGHT,1,1
1512,25.225,640.00,594.72,0.015521,-0.086265,0.000000,0.250000,1.000000,GO STRAIGHT,1,1
1518,25.325,640.00,594.19,0.039612,-0.111192,0.000000,0.250000,1.000000,GO STRAIGHT,1,1
1524,25.425,640.00,592.74,0.053437,-0.127279,0.000000,0.250000,1.000000,GO STRAIGHT,1,1
1530,25.526,640.00,595.82,0.028588,-0.097616,0.000000,0.250000,1.000000,GO STRAIGHT,1,1
1536,25.626,640.00,591.76,0.036813,-0.112196,0.000000,0.250000,1.000000,GO STRAIGHT,1,1
1542,25.726,640.00,586.25,0.049730,-0.133710,0.000000,0.250000,1.000000,GO STRAIGHT,1,1
1548,25.826,640.00,586.18,0.002484,-0.086576,0.000000,0.250000,1.000000,GO STRAIGHT,1,1
1554,25.926,640.00,586.82,0.018432,-0.101530,0.000000,0.250000,1.000000,GO STRAIGHT,1,1
1560,26.026,640.00,583.95,0.029800,-0.117379,0.000000,0.250000,1.000000,GO STRAIGHT,1,1
1566,26.126,640.00,579.47,0.042968,-0.137541,0.000000,0.250000,1.000000,GO STRAIGHT,1,1
1572,26.226,640.00,585.80,0.040334,-0.125024,0.000000,0.250000,1.000000,GO STRAIGHT,1,1
1578,26.326,640.00,587.78,0.034347,-0.115940,0.000000,0.250000,1.000000,GO STRAIGHT,1,1
1584,26.426,640.00,583.52,0.044847,-0.133100,0.000000,0.250000,1.000000,GO STRAIGHT,1,1
1590,26.527,640.00,580.49,0.054658,-0.147643,0.000000,0.250000,1.000000,GO STRAIGHT,1,1
1596,26.627,640.00,581.76,0.054269,-0.145276,0.000000,0.250000,1.000000,GO STRAIGHT,1,1
1602,26.727,640.00,580.03,0.056934,-0.150644,0.000000,0.250000,1.000000,GO STRAIGHT,1,1
1608,26.827,640.00,579.97,0.054930,-0.148731,0.000000,0.250000,1.000000,GO STRAIGHT,1,1
1614,26.927,640.00,578.28,0.059459,-0.155892,0.000000,0.250000,1.000000,GO STRAIGHT,1,1
1620,27.027,640.00,578.43,0.055626,-0.151828,0.000000,0.250000,1.000000,GO STRAIGHT,1,1
1626,27.127,640.00,577.81,0.057065,-0.154234,0.000000,0.250000,1.000000,GO STRAIGHT,1,1
1632,27.227,640.00,576.39,0.057836,-0.157223,0.000000,0.250000,1.000000,GO STRAIGHT,1,1
1638,27.327,640.00,574.69,0.050608,-0.152661,0.000000,0.250000,1.000000,GO STRAIGHT,1,1
1644,27.427,640.00,575.55,0.043187,-0.143895,0.000000,0.250000,1.000000,GO STRAIGHT,1,1
1650,27.527,640.00,575.32,0.043816,-0.144885,0.000000,0.250000,1.000000,GO STRAIGHT,1,1
1656,27.628,640.00,577.92,0.047540,-0.144535,0.000000,0.250000,1.000000,GO STRAIGHT,1,1
1662,27.728,640.00,580.86,0.039599,-0.132002,0.000000,0.250000,1.000000,GO STRAIGHT,1,1
1668,27.828,640.00,586.03,0.002711,-0.087040,0.000000,0.250000,0.998633,GO STRAIGHT,1,1
1674,27.928,640.00,590.49,0.024525,-0.101879,0.000000,0.250000,0.995592,GO STRAIGHT,1,1
1680,28.028,640.00,591.15,-0.022177,-0.054155,0.009964,0.240362,0.988144,GO STRAIGHT,1,1
1686,28.128,640.00,591.17,-0.001760,-0.074544,0.007174,0.250000,0.983260,GO STRAIGHT,1,1
1692,28.228,640.00,591.93,0.019928,-0.095041,0.005166,0.250000,0.975780,GO STRAIGHT,1,1
1698,28.328,640.00,592.60,0.007878,-0.081944,0.000000,0.250000,1.000000,GO STRAIGHT,1,1
1704,28.428,640.00,592.92,0.021193,-0.094759,0.000000,0.250000,0.983185,GO STRAIGHT,1,1
1710,28.529,640.00,593.13,-0.019729,-0.053506,0.000000,0.250000,0.985448,GO STRAIGHT,1,1
1716,28.629,640.00,592.77,0.012033,-0.085824,0.000000,0.250000,0.994679,GO STRAIGHT,1,1
1722,28.729,640.00,592.57,0.012046,-0.086158,0.000000,0.250000,1.000000,GO STRAIGHT,1,1
1728,28.829,640.00,597.58,-0.048737,-0.017537,0.011954,0.238438,0.550000,GO STRAIGHT,1,0
1734,28.929,640.00,601.11,-0.087076,0.026317,0.024313,0.234807,0.550000,TURN LEFT,1,0
1740,29.029,640.00,598.74,-0.075002,0.010532,0.032224,0.235763,0.550000,TURN LEFT,1,0
1746,29.129,640.00,599.26,-0.084520,0.020862,0.038906,0.234810,0.550000,TURN LEFT,1,0
1752,29.229,640.00,601.43,-0.073213,0.012954,0.042118,0.236356,0.550000,TURN LEFT,1,0
1758,29.329,640.00,596.40,-0.019596,-0.048526,0.030325,0.250000,0.550000,GO STRAIGHT,1,0
1764,29.429,640.00,594.85,0.016220,-0.086771,0.021834,0.250000,0.550000,GO STRAIGHT,1,0
1770,29.530,640.00,591.32,0.032029,-0.108088,0.015720,0.250000,1.000000,GO STRAIGHT,1,1
1776,29.630,640.00,592.59,0.029742,-0.103815,0.011319,0.250000,0.550000,GO STRAIGHT,1,0
1782,29.730,640.00,589.86,-0.005266,-0.073073,0.008149,0.250000,1.000000,GO STRAIGHT,1,1
1788,29.830,640.00,589.98,-0.016308,-0.061844,0.005868,0.250000,1.000000,GO STRAIGHT,1,1
1794,29.930,640.00,593.13,-0.040074,-0.033161,0.015890,0.238717,1.000000,GO STRAIGHT,1,1
1800,30.030,640.00,591.04,-0.027776,-0.048718,0.022048,0.239740,1.000000,GO STRAIGHT,1,1
1806,30.130,640.00,591.44,-0.020599,-0.055275,0.015875,0.250000,1.000000,GO STRAIGHT,1,1
1812,30.230,640.00,590.81,-0.007950,-0.068913,0.011430,0.250000,1.000000,GO STRAIGHT,1,1
1818,30.330,640.00,591.32,-0.018046,-0.058010,0.008229,0.250000,1.000000,GO STRAIGHT,1,1
1824,30.430,640.00,590.58,-0.015271,-0.061954,0.005925,0.250000,1.000000,GO STRAIGHT,1,1
1830,30.530,640.00,591.75,-0.026246,-0.049144,0.014594,0.240010,1.000000,GO STRAIGHT,1,1
1836,30.631,640.00,594.82,-0.019931,-0.050657,0.010508,0.250000,1.000000,GO STRAIGHT,1,1
1842,30.731,640.00,595.08,-0.023471,-0.046722,0.007566,0.250000,1.000000,GO STRAIGHT,1,1
1848,30.831,640.00,593.39,-0.038416,-0.034411,0.016887,0.238935,1.000000,GO STRAIGHT,1,1
1854,30.931,640.00,596.54,-0.054447,-0.013461,0.024911,0.237665,1.000000,GO STRAIGHT,1,1
1860,31.031,640.00,597.81,-0.066247,0.000320,0.031817,0.236574,1.000000,GO STRAIGHT,1,1
1866,31.131,640.00,598.96,-0.055281,-0.008845,0.035384,0.237933,1.000000,GO STRAIGHT,1,1
1872,31.231,640.00,599.42,-0.020621,-0.042779,0.025476,0.250000,0.996423,GO STRAIGHT,1,1
1878,31.331,640.00,599.98,-0.043431,-0.019101,0.029335,0.239368,1.000000,GO STRAIGHT,1,1
1884,31.431,640.00,601.05,-0.019088,-0.041774,0.021121,0.250000,1.000000,GO STRAIGHT,1,1
1890,31.532,640.00,600.69,-0.007980,-0.053442,0.015207,0.250000,1.000000,GO STRAIGHT,1,1
1896,31.632,640.00,602.87,-0.012153,-0.045857,0.010949,0.250000,1.000000,GO STRAIGHT,1,1
1902,31.732,640.00,604.75,-0.008065,-0.047007,0.007884,0.250000,1.000000,GO STRAIGHT,1,1
1908,31.832,640.00,604.84,-0.000022,-0.054915,0.005676,0.250000,1.000000,GO STRAIGHT,1,1
1914,31.932,640.00,604.94,-0.014816,-0.039964,0.000000,0.250000,1.000000,GO STRAIGHT,1,1
1920,32.032,640.00,605.37,-0.003621,-0.050486,0.000000,0.250000,1.000000,GO STRAIGHT,1,1
1926,32.132,640.00,607.96,-0.005456,-0.044606,0.000000,0.250000,1.000000,GO STRAIGHT,1,1
1932,32.232,640.00,607.41,-0.012791,-0.038130,0.000000,0.250000,1.000000,GO STRAIGHT,1,1
1938,32.332,640.00,607.32,-0.008183,-0.042872,0.000000,0.250000,1.000000,GO STRAIGHT,1,1
1944,32.432,640.00,608.10,-0.022631,-0.027209,0.000000,0.250000,1.000000,GO STRAIGHT,1,1
1950,32.532,640.00,606.15,-0.043465,-0.009426,0.010051,0.240278,1.000000,GO STRAIGHT,1,1
1956,32.633,640.00,609.35,-0.034166,-0.013719,0.007237,0.250000,1.000000,GO STRAIGHT,1,1
1962,32.733,640.00,609.30,-0.022318,-0.025659,0.005211,0.250000,1.000000,GO STRAIGHT,1,1
1968,32.833,640.00,606.90,-0.039070,-0.012650,0.000000,0.250000,1.000000,GO STRAIGHT,1,1
1974,32.933,640.00,607.98,-0.042007,-0.008017,0.000000,0.250000,1.000000,GO STRAIGHT,1,1
1980,33.033,640.00,609.51,0.002438,-0.050078,0.000000,0.250000,0.995322,GO STRAIGHT,1,1
1986,33.133,640.00,612.66,0.026247,-0.068972,0.000000,0.250000,1.000000,GO STRAIGHT,1,1
1992,33.233,640.00,614.53,0.053899,-0.093692,0.000000,0.250000,1.000000,GO STRAIGHT,1,1
1998,33.333,640.00,617.88,0.045776,-0.080338,0.000000,0.250000,1.000000,GO STRAIGHT,1,1
2004,33.433,640.00,616.91,0.066675,-0.102758,0.000000,0.250000,0.983548,GO STRAIGHT,1,1
2010,33.534,640.00,618.04,0.067652,-0.101960,0.000000,0.250000,1.000000,GO STRAIGHT,1,1
2016,33.634,640.00,618.05,0.077371,-0.111669,0.000000,0.250000,0.989866,GO STRAIGHT,1,1
2022,33.734,640.00,615.55,0.080162,-0.118369,0.000000,0.250000,0.977499,GO STRAIGHT,1,1
2028,33.834,640.00,618.08,0.068661,-0.102912,0.000000,0.250000,0.989356,GO STRAIGHT,1,1
2034,33.934,640.00,616.43,0.017696,-0.054523,0.000000,0.250000,0.970932,GO STRAIGHT,1,1
2040,34.034,640.00,617.12,0.045132,-0.080884,0.000000,0.250000,0.982626,GO STRAIGHT,1,1
2046,34.134,640.00,617.52,0.009278,-0.044411,0.000000,0.250000,0.968709,GO STRAIGHT,1,1
2052,34.234,640.00,617.53,-0.018183,-0.016922,0.000000,0.250000,0.980813,GO STRAIGHT,1,1
2058,34.334,640.00,619.92,-0.023265,-0.008109,0.000000,0.250000,0.984326,GO STRAIGHT,1,1
2064,34.434,640.00,624.32,-0.013265,-0.011241,0.000000,0.250000,0.971774,GO STRAIGHT,1,1
2070,34.535,640.00,626.71,-0.011856,-0.008915,0.000000,0.250000,0.977083,GO STRAIGHT,1,1
2076,34.635,640.00,624.63,-0.013218,-0.010802,0.000000,0.250000,0.989102,GO STRAIGHT,1,1
2082,34.735,640.00,626.27,-0.014777,-0.006670,0.000000,0.250000,0.976480,GO STRAIGHT,1,1
2088,34.835,640.00,630.20,-0.004961,-0.010358,0.000000,0.250000,0.970801,GO STRAIGHT,1,1
2094,34.935,640.00,632.24,0.000725,-0.012855,0.000000,0.250000,0.978688,GO STRAIGHT,1,1
2100,35.035,640.00,633.76,0.005385,-0.015142,0.000000,0.250000,0.961036,GO STRAIGHT,1,1
2106,35.135,640.00,635.32,0.013578,-0.020897,0.000000,0.250000,0.985270,GO STRAIGHT,1,1
2112,35.235,640.00,637.38,0.020701,-0.024800,0.000000,0.250000,0.985922,GO STRAIGHT,1,1
2118,35.335,640.00,639.18,0.026027,-0.027305,0.000000,0.250000,0.989591,GO STRAIGHT,1,1
2124,35.435,640.00,640.23,0.029908,-0.029551,0.000000,0.250000,1.000000,GO STRAIGHT,1,1
2130,35.535,640.00,641.64,0.035531,-0.032975,0.000000,0.250000,0.973243,GO STRAIGHT,1,1
2136,35.636,640.00,643.15,0.043922,-0.039003,0.000000,0.250000,0.970471,GO STRAIGHT,1,1
2142,35.736,640.00,642.47,0.104668,-0.100812,-0.012101,0.238296,0.959762,GO STRAIGHT,1,1
2148,35.836,640.00,641.17,0.075200,-0.073366,-0.008712,0.250000,0.967498,GO STRAIGHT,1,1
2154,35.936,640.00,642.84,0.063958,-0.059520,-0.006273,0.250000,0.966939,GO STRAIGHT,1,1
2160,36.036,640.00,640.46,0.043481,-0.042763,0.000000,0.250000,0.978567,GO STRAIGHT,1,1
2166,36.136,640.00,638.44,0.089633,-0.092077,0.000000,0.250000,1.000000,GO STRAIGHT,1,1
2172,36.236,640.00,639.69,0.123395,-0.123886,-0.013772,0.236679,0.954764,GO STRAIGHT,1,1
2178,36.336,640.00,637.29,0.147493,-0.151732,-0.026020,0.234423,0.969101,TURN RIGHT,1,1
2184,36.436,640.00,637.37,0.105120,-0.109235,-0.030104,0.239002,0.959127,GO STRAIGHT,1,1
2190,36.537,640.00,638.28,0.132750,-0.135439,-0.036280,0.235874,0.961458,TURN RIGHT,1,1
2196,36.637,640.00,640.81,0.156886,-0.155618,-0.043817,0.232884,0.953429,TURN RIGHT,1,1
2202,36.737,640.00,638.41,0.101190,-0.103672,-0.042638,0.239273,0.974781,GO STRAIGHT,1,1
2208,36.837,640.00,638.82,0.129578,-0.131427,-0.045031,0.236138,0.987940,TURN RIGHT,1,1
2214,36.937,640.00,638.87,0.148502,-0.150272,-0.048881,0.234080,0.985701,TURN RIGHT,1,1
2220,37.037,640.00,637.49,0.157276,-0.161201,-0.052425,0.233334,0.981354,TURN RIGHT,1,1
2226,37.137,640.00,638.72,0.171922,-0.173922,-0.056805,0.231565,0.994087,TURN RIGHT,1,1
2232,37.237,640.00,643.23,0.191789,-0.186742,-0.062874,0.228745,0.983767,TURN RIGHT,1,1
2238,37.337,640.00,640.66,0.190690,-0.189656,-0.066728,0.229244,0.996127,TURN RIGHT,1,1
2244,37.437,640.00,640.48,0.193492,-0.192735,-0.069790,0.228967,0.974576,TURN RIGHT,1,1
2250,37.538,640.00,640.17,0.196481,-0.196214,-0.072280,0.228689,0.997704,TURN RIGHT,1,1
2256,37.638,640.00,643.40,0.209157,-0.203849,-0.075988,0.226838,0.988565,TURN RIGHT,1,1
2262,37.738,640.00,643.49,0.209777,-0.204326,-0.078740,0.226757,1.000000,TURN RIGHT,1,1
2268,37.838,640.00,643.43,0.208763,-0.203407,-0.080599,0.226876,0.983245,TURN RIGHT,1,1
2274,37.938,640.00,644.92,0.213395,-0.205705,-0.082685,0.226153,0.985533,TURN RIGHT,1,1
2280,38.038,640.00,645.73,0.217394,-0.208441,-0.084759,0.225600,0.941756,TURN RIGHT,1,1
2286,38.138,640.00,648.15,0.228311,-0.215572,-0.087846,0.224059,0.970536,TURN RIGHT,1,1
2292,38.238,640.00,650.75,0.234200,-0.217397,-0.091126,0.223036,0.972979,TURN RIGHT,1,1
2298,38.338,640.00,650.31,0.236418,-0.220304,-0.093669,0.222861,0.985387,TURN RIGHT,1,1
2304,38.438,640.00,651.69,0.243418,-0.225155,-0.096494,0.221899,0.952449,TURN RIGHT,1,1
2310,38.538,640.00,653.36,0.186346,-0.165465,-0.092393,0.227833,0.949220,TURN RIGHT,1,1
2316,38.639,640.00,654.27,0.144841,-0.122542,-0.084930,0.232195,0.928318,TURN RIGHT,1,1
2322,38.739,640.00,654.99,0.119715,-0.096297,-0.076853,0.234811,0.949303,TURN RIGHT,1,1
2328,38.839,640.00,656.79,0.154623,-0.128396,-0.075222,0.230763,0.939186,TURN RIGHT,1,1
2334,38.939,640.00,655.59,0.121660,-0.097305,-0.070172,0.234512,0.934132,TURN RIGHT,1,1
2340,39.039,640.00,652.78,0.087529,-0.067555,-0.062285,0.238624,0.939514,GO STRAIGHT,1,1
2346,39.139,640.00,650.97,0.068029,-0.050892,-0.044845,0.250000,0.921858,GO STRAIGHT,1,1
2352,39.239,640.00,648.27,0.049546,-0.036627,-0.032289,0.250000,0.925730,GO STRAIGHT,1,1
2358,39.339,640.00,646.24,0.038568,-0.028825,-0.023248,0.250000,0.921831,GO STRAIGHT,1,1
2364,39.439,640.00,643.82,0.023852,-0.017885,-0.016738,0.250000,0.921163,GO STRAIGHT,1,1
2370,39.540,640.00,641.96,0.017153,-0.014087,-0.012052,0.250000,0.929145,GO STRAIGHT,1,1
2376,39.640,640.00,641.86,0.017755,-0.014843,-0.008677,0.250000,0.926695,GO STRAIGHT,1,1
2382,39.740,640.00,640.79,0.010240,-0.008997,-0.006248,0.250000,0.930912,GO STRAIGHT,1,1
2388,39.840,640.00,639.84,0.006130,-0.006374,0.000000,0.250000,0.923237,GO STRAIGHT,1,1
2394,39.940,640.00,621.96,-0.061250,0.033062,0.000000,0.250000,0.473101,GO STRAIGHT,0,1
2400,40.040,640.00,627.44,-0.045250,0.025625,0.000000,0.250000,0.934034,GO STRAIGHT,1,1
2406,40.140,640.00,628.11,-0.032237,0.013666,0.000000,0.250000,0.470612,GO STRAIGHT,0,1
2412,40.240,640.00,627.19,-0.041027,0.021008,0.000000,0.250000,0.940770,GO STRAIGHT,1,1
2418,40.340,640.00,631.60,-0.023290,0.010168,0.000000,0.250000,0.934864,GO STRAIGHT,1,1
2424,40.440,640.00,634.83,-0.011403,0.003325,0.000000,0.250000,0.949727,GO STRAIGHT,1,1
2430,40.541,640.00,632.34,-0.022448,0.010478,0.000000,0.250000,0.941115,GO STRAIGHT,1,1
2436,40.641,640.00,633.07,-0.022480,0.011645,0.000000,0.250000,0.950089,GO STRAIGHT,1,1
2442,40.741,640.00,636.03,-0.015076,0.008867,0.000000,0.250000,0.934113,GO STRAIGHT,1,1
2448,40.841,640.00,638.06,0.051697,-0.054730,0.000000,0.250000,0.934418,GO STRAIGHT,1,1
2454,40.941,640.00,638.63,0.096617,-0.098763,-0.010611,0.239737,0.944935,GO STRAIGHT,1,1
2460,41.041,640.00,643.58,0.085132,-0.079539,-0.017723,0.240247,0.955336,GO STRAIGHT,1,1
2466,41.141,640.00,645.23,0.068240,-0.060065,-0.012760,0.250000,0.947457,GO STRAIGHT,1,1
2472,41.241,640.00,646.21,0.057306,-0.047609,-0.009187,0.250000,0.940183,GO STRAIGHT,1,1
2478,41.341,640.00,648.64,0.058638,-0.045134,-0.006615,0.250000,0.953119,GO STRAIGHT,1,1
2484,41.441,640.00,649.90,0.056709,-0.041236,0.000000,0.250000,0.968377,GO STRAIGHT,1,1
2490,41.541,640.00,650.82,0.055659,-0.038758,0.000000,0.250000,0.950261,GO STRAIGHT,1,1
2496,41.642,640.00,652.07,0.060918,-0.042057,0.000000,0.250000,0.976269,GO STRAIGHT,1,1
2502,41.742,640.00,654.37,0.068354,-0.045905,-0.009856,0.240467,0.950133,GO STRAIGHT,1,1
2508,41.842,640.00,654.97,0.074631,-0.051243,-0.017747,0.239698,0.974843,GO STRAIGHT,1,1
2514,41.942,640.00,654.87,0.075737,-0.052500,-0.023537,0.239593,0.965648,GO STRAIGHT,1,1
2520,42.042,640.00,653.93,0.075978,-0.054211,-0.027590,0.239706,1.000000,GO STRAIGHT,1,1
2526,42.142,640.00,652.49,0.078123,-0.058603,-0.030527,0.239686,0.980119,GO STRAIGHT,1,1
2532,42.242,640.00,655.84,0.079401,-0.054650,-0.033298,0.239052,0.538603,GO STRAIGHT,1,0
2538,42.342,640.00,653.31,0.084236,-0.063436,-0.035447,0.238903,0.991642,GO STRAIGHT,1,1
2544,42.442,640.00,649.29,0.106932,-0.092416,-0.038921,0.237040,1.000000,GO STRAIGHT,1,1
2550,42.543,640.00,643.31,0.081215,-0.076047,-0.028023,0.250000,0.983380,GO STRAIGHT,1,1
2556,42.643,640.00,639.67,0.101563,-0.102072,-0.031502,0.239046,0.992112,GO STRAIGHT,1,1
2562,42.743,640.00,637.19,0.078090,-0.082482,-0.022681,0.250000,1.000000,GO STRAIGHT,1,1
2568,42.843,640.00,632.09,0.094265,-0.106625,-0.016331,0.250000,0.999949,GO STRAIGHT,1,1
2574,42.943,640.00,628.64,0.056366,-0.074119,-0.011758,0.250000,1.000000,GO STRAIGHT,1,1
2580,43.043,640.00,624.54,0.030075,-0.054224,-0.008466,0.250000,1.000000,GO STRAIGHT,1,1
2586,43.143,640.00,620.01,0.009491,-0.040724,-0.006095,0.250000,1.000000,GO STRAIGHT,1,1
2592,43.243,640.00,616.41,-0.011774,-0.025085,0.000000,0.250000,1.000000,GO STRAIGHT,1,1
2598,43.343,640.00,611.57,-0.028105,-0.016317,0.000000,0.250000,1.000000,GO STRAIGHT,1,1
2604,43.443,640.00,607.33,-0.026680,-0.024360,0.000000,0.250000,1.000000,GO STRAIGHT,1,1
2610,43.544,640.00,600.72,-0.058192,-0.003183,0.012532,0.237878,1.000000,GO STRAIGHT,1,1
2616,43.644,640.00,600.22,-0.060191,-0.001958,0.021855,0.237588,1.000000,GO STRAIGHT,1,1
2622,43.744,640.00,600.24,-0.056326,-0.005795,0.028132,0.238010,1.000000,GO STRAIGHT,1,1
2628,43.844,640.00,594.93,-0.081263,0.010840,0.036258,0.234521,1.000000,TURN LEFT,1,1
2634,43.944,640.00,589.92,-0.105688,0.027442,0.045611,0.231133,1.000000,TURN LEFT,1,1
2640,44.044,640.00,587.08,-0.118449,0.035765,0.054209,0.229330,1.000000,TURN LEFT,1,1
2646,44.144,640.00,584.64,-0.127336,0.040830,0.061770,0.228005,1.000000,TURN LEFT,1,1
2652,44.244,640.00,583.24,-0.127248,0.038561,0.067417,0.227808,1.000000,TURN LEFT,1,1
2658,44.344,640.00,582.44,-0.137247,0.047305,0.072727,0.226606,1.000000,TURN LEFT,1,1
2664,44.444,640.00,582.68,-0.140141,0.050579,0.076836,0.226328,1.000000,TURN LEFT,1,1
2670,44.544,640.00,585.24,-0.132815,0.047254,0.078582,0.227501,1.000000,TURN LEFT,1,1
2676,44.645,640.00,582.87,-0.133546,0.044276,0.080285,0.227070,1.000000,TURN LEFT,1,1
2682,44.745,640.00,584.31,-0.134655,0.047638,0.081414,0.227164,1.000000,TURN LEFT,1,1
2688,44.845,640.00,587.54,-0.101956,0.019982,0.078071,0.231184,1.000000,TURN LEFT,1,1
2694,44.945,640.00,587.10,-0.096790,0.014141,0.075151,0.231680,1.000000,TURN LEFT,1,1
2700,45.045,640.00,587.73,-0.107815,0.026138,0.074188,0.230578,1.000000,TURN LEFT,1,1
2706,45.145,640.00,585.29,-0.124322,0.038835,0.075717,0.228428,1.000000,TURN LEFT,1,1
2712,45.245,640.00,587.67,-0.111922,0.030148,0.075066,0.230124,1.000000,TURN LEFT,1,1
2718,45.345,640.00,588.32,-0.113799,0.033049,0.074706,0.230017,1.000000,TURN LEFT,1,1
2724,45.445,640.00,589.12,-0.114033,0.034531,0.074351,0.230110,0.999216,TURN LEFT,1,1
2730,45.546,640.00,590.15,-0.108347,0.030457,0.073301,0.230879,0.981783,TURN LEFT,1,1
2736,45.646,640.00,589.63,-0.104429,0.025724,0.072186,0.231226,1.000000,TURN LEFT,1,1
2742,45.746,640.00,587.02,-0.112270,0.029484,0.072661,0.229990,1.000000,TURN LEFT,1,1
2748,45.846,640.00,587.48,-0.109383,0.027327,0.072608,0.230372,1.000000,TURN LEFT,1,1
2754,45.946,640.00,586.26,-0.117489,0.033521,0.073666,0.229313,1.000000,TURN LEFT,1,1
2760,46.046,640.00,586.23,-0.119957,0.035945,0.074708,0.229041,1.000000,TURN LEFT,1,1
2766,46.146,640.00,586.53,-0.121314,0.037775,0.075564,0.228939,1.000000,TURN LEFT,1,1
2772,46.246,640.00,586.69,-0.118418,0.035117,0.075832,0.229275,1.000000,TURN LEFT,1,1
2778,46.346,640.00,587.02,-0.116555,0.033777,0.075765,0.229527,1.000000,TURN LEFT,1,1
2784,46.446,640.00,584.88,-0.121395,0.035273,0.076587,0.228685,1.000000,TURN LEFT,1,1
2790,46.547,640.00,582.86,-0.116660,0.027377,0.076959,0.228899,1.000000,TURN LEFT,1,1
2796,46.647,640.00,583.77,-0.107826,0.019960,0.076098,0.229990,1.000000,TURN LEFT,1,1
2802,46.747,640.00,583.23,-0.105322,0.016622,0.075279,0.230182,1.000000,TURN LEFT,1,1
2808,46.847,640.00,586.15,-0.088259,0.004111,0.072332,0.232462,1.000000,TURN LEFT,1,1
2814,46.947,640.00,587.02,-0.090647,0.007859,0.070345,0.232332,1.000000,TURN LEFT,1,1
2820,47.047,640.00,584.22,-0.109605,0.022448,0.071465,0.229864,1.000000,TURN LEFT,1,1
2826,47.147,640.00,585.07,-0.116946,0.031126,0.072964,0.229196,1.000000,TURN LEFT,1,1
2832,47.247,640.00,583.76,-0.112828,0.024954,0.073782,0.229447,1.000000,TURN LEFT,1,1
2838,47.347,640.00,584.57,-0.121203,0.034598,0.075185,0.228660,1.000000,TURN LEFT,1,1
2844,47.447,640.00,585.17,-0.119852,0.034187,0.075952,0.228896,1.000000,TURN LEFT,1,1
2850,47.547,640.00,578.24,-0.139671,0.043174,0.079785,0.225722,1.000000,TURN LEFT,1,1
2856,47.648,640.00,575.03,-0.137739,0.036222,0.082821,0.225455,1.000000,TURN LEFT,1,1
2862,47.748,640.00,574.12,-0.140682,0.037744,0.085475,0.225002,1.000000,TURN LEFT,1,1
2868,47.848,640.00,572.14,-0.161147,0.055118,0.089982,0.222492,1.000000,TURN LEFT,1,1
2874,47.948,640.00,568.84,-0.168938,0.057744,0.094605,0.221158,1.000000,TURN LEFT,1,1
2880,48.048,640.00,567.74,-0.161133,0.048224,0.097228,0.221841,1.000000,TURN LEFT,1,1
2886,48.148,640.00,567.64,-0.138136,0.025067,0.096556,0.224317,1.000000,TURN LEFT,1,1
2892,48.248,640.00,569.26,-0.135121,0.024584,0.095486,0.224884,1.000000,TURN LEFT,1,1
2898,48.348,640.00,573.40,-0.131526,0.027464,0.093679,0.225887,0.995909,TURN LEFT,1,1
2904,48.448,640.00,572.66,-0.116673,0.011446,0.090828,0.227386,1.000000,TURN LEFT,1,1
2910,48.549,640.00,574.10,-0.111512,0.008540,0.087977,0.228159,1.000000,TURN LEFT,1,1
2916,48.649,640.00,574.43,-0.101289,-0.001157,0.084728,0.229316,1.000000,TURN LEFT,1,1
2922,48.749,640.00,570.60,-0.086913,-0.021523,0.081365,0.230306,1.000000,TURN LEFT,1,1
2928,48.849,640.00,575.61,-0.102010,0.001407,0.079867,0.229413,1.000000,TURN LEFT,1,1
2934,48.949,640.00,579.51,-0.106289,0.011779,0.078671,0.229527,1.000000,TURN LEFT,1,1
2940,49.049,640.00,583.93,-0.108428,0.020815,0.077373,0.229949,1.000000,TURN LEFT,1,1
2946,49.149,640.00,581.88,-0.104198,0.013387,0.076278,0.230104,1.000000,TURN LEFT,1,1
2952,49.249,640.00,582.48,-0.111246,0.021374,0.076187,0.229429,1.000000,TURN LEFT,1,1
2958,49.349,640.00,586.00,-0.116530,0.032158,0.076175,0.229378,1.000000,TURN LEFT,1,1
2964,49.449,640.00,581.49,-0.115299,0.023874,0.076719,0.228843,1.000000,TURN LEFT,1,1
2970,49.550,640.00,579.61,-0.102121,0.007769,0.075922,0.229993,1.000000,TURN LEFT,1,1
2976,49.650,640.00,578.60,-0.083928,-0.012015,0.073466,0.231813,1.000000,TURN LEFT,1,1
2982,49.750,640.00,577.80,-0.078585,-0.018606,0.071222,0.232274,1.000000,TURN LEFT,1,1
2988,49.850,640.00,582.05,-0.076042,-0.014511,0.068670,0.233178,1.000000,TURN LEFT,1,1
2994,49.950,640.00,582.56,-0.077070,-0.012682,0.066870,0.233143,1.000000,TURN LEFT,1,1
3000,50.050,640.00,590.82,-0.082447,0.005609,0.064911,0.233785,1.000000,TURN LEFT,1,1
3006,50.150,640.00,590.93,-0.092238,0.015570,0.064580,0.232740,1.000000,TURN LEFT,1,1
3012,50.250,640.00,585.86,-0.078189,-0.006399,0.063544,0.233511,1.000000,TURN LEFT,1,1
3018,50.350,640.00,589.35,-0.086503,0.007369,0.063195,0.233128,1.000000,TURN LEFT,1,1
3024,50.450,640.00,585.84,-0.094363,0.009738,0.064362,0.231756,1.000000,TURN LEFT,1,1
3030,50.550,640.00,584.19,-0.085210,-0.001999,0.064431,0.232502,1.000000,TURN LEFT,1,1
3036,50.651,640.00,585.96,-0.084992,0.000551,0.064185,0.232788,1.000000,TURN LEFT,1,1
3042,50.751,640.00,595.40,-0.088102,0.018408,0.062910,0.233849,1.000000,TURN LEFT,1,1
3048,50.851,640.00,593.91,-0.100842,0.028829,0.063647,0.232249,1.000000,TURN LEFT,1,1
3054,50.951,640.00,587.58,-0.092585,0.010685,0.064222,0.232207,1.000000,TURN LEFT,1,1
3060,51.051,640.00,586.72,-0.110140,0.026891,0.066734,0.230177,1.000000,TURN LEFT,1,1
3066,51.151,640.00,589.58,-0.099853,0.021079,0.066952,0.231715,1.000000,TURN LEFT,1,1
3072,51.251,640.00,593.75,-0.105284,0.033020,0.067079,0.231744,1.000000,TURN LEFT,1,1
3078,51.351,640.00,596.09,-0.114822,0.046218,0.067880,0.231058,1.000000,TURN LEFT,1,1
3084,51.451,640.00,591.28,-0.084376,0.008244,0.065785,0.233643,1.000000,TURN LEFT,1,1
3090,51.552,640.00,593.71,-0.098813,0.026480,0.065521,0.232439,1.000000,TURN LEFT,1,1
3096,51.652,640.00,593.13,-0.094230,0.021003,0.064905,0.232850,1.000000,TURN LEFT,1,1
3102,51.752,640.00,590.74,-0.092870,0.015894,0.064677,0.232642,1.000000,TURN LEFT,1,1
3108,51.852,640.00,589.91,-0.090655,0.012394,0.064390,0.232761,1.000000,TURN LEFT,1,1
3114,51.952,640.00,591.58,-0.100706,0.025047,0.065054,0.231918,1.000000,TURN LEFT,1,1
3120,52.052,640.00,593.30,-0.103830,0.030865,0.065619,0.231835,1.000000,TURN LEFT,1,1
3126,52.152,640.00,587.90,-0.084649,0.003242,0.064704,0.233113,1.000000,TURN LEFT,1,1
3132,52.252,640.00,591.88,-0.094265,0.019075,0.064513,0.232661,1.000000,TURN LEFT,1,1
3138,52.352,640.00,594.16,-0.106868,0.035237,0.065439,0.231633,1.000000,TURN LEFT,1,1
3144,52.452,640.00,590.13,-0.097935,0.020005,0.065722,0.232003,1.000000,TURN LEFT,1,1
3150,52.553,640.00,583.91,-0.085901,-0.001732,0.065528,0.232387,1.000000,TURN LEFT,1,1
3156,52.653,640.00,590.28,-0.087045,0.009354,0.064543,0.233206,1.000000,TURN LEFT,1,1
3162,52.753,640.00,596.02,-0.100801,0.032088,0.064495,0.232567,1.000000,TURN LEFT,1,1
3168,52.853,640.00,596.83,-0.090697,0.023244,0.063204,0.233781,1.000000,TURN LEFT,1,1
3174,52.953,640.00,594.03,-0.083090,0.011266,0.061852,0.234190,1.000000,TURN LEFT,1,1
3180,53.053,640.00,593.33,-0.086968,0.014049,0.061420,0.233666,1.000000,TURN LEFT,1,1
3186,53.153,640.00,595.45,-0.083555,0.013948,0.060402,0.234350,1.000000,TURN LEFT,1,1
3192,53.253,640.00,600.40,-0.081932,0.020057,0.058730,0.235259,1.000000,TURN LEFT,1,1
3198,53.353,640.00,597.12,-0.078446,0.011450,0.057637,0.235151,1.000000,TURN LEFT,1,1
3204,53.453,640.00,595.62,-0.104037,0.034699,0.059946,0.232157,1.000000,TURN LEFT,1,1
3210,53.553,640.00,597.68,-0.103669,0.037547,0.061252,0.232501,1.000000,TURN LEFT,1,1
3216,53.654,640.00,596.09,-0.102980,0.034368,0.062359,0.232340,1.000000,TURN LEFT,1,1
3222,53.754,640.00,600.75,-0.114770,0.053445,0.063763,0.231753,1.000000,TURN LEFT,1,1
3228,53.854,640.00,601.20,-0.115347,0.054715,0.064770,0.231757,1.000000,TURN LEFT,1,1
3234,53.954,640.00,600.94,-0.110233,0.049198,0.064962,0.232273,1.000000,TURN LEFT,1,1
3240,54.054,640.00,601.47,-0.092400,0.032198,0.063021,0.234283,1.000000,TURN LEFT,1,1
3246,54.154,640.00,594.86,-0.062238,-0.008291,0.059258,0.236572,1.000000,GO STRAIGHT,1,1
3252,54.254,640.00,598.45,-0.070459,0.005536,0.056920,0.236213,1.000000,TURN LEFT,1,1
3258,54.354,640.00,595.36,-0.069477,-0.000266,0.055598,0.235862,1.000000,TURN LEFT,1,1
3264,54.454,640.00,603.38,-0.075106,0.017891,0.054050,0.236440,1.000000,TURN LEFT,1,1
3270,54.555,640.00,602.16,-0.079216,0.020086,0.053583,0.235813,1.000000,TURN LEFT,1,1
3276,54.655,640.00,594.84,-0.062606,-0.007949,0.052506,0.236530,1.000000,GO STRAIGHT,1,1
3282,54.755,640.00,605.47,-0.069454,0.015494,0.050871,0.237361,1.000000,GO STRAIGHT,1,1
3288,54.855,640.00,609.01,-0.059513,0.011098,0.048037,0.238963,1.000000,GO STRAIGHT,1,1
3294,54.955,640.00,608.02,-0.049926,-0.000035,0.045075,0.239855,1.000000,GO STRAIGHT,1,1
3300,55.055,640.00,607.90,-0.053974,0.003816,0.043414,0.239398,1.000000,GO STRAIGHT,1,1
3306,55.155,640.00,610.74,-0.078123,0.032411,0.044488,0.237204,0.989108,GO STRAIGHT,1,1
3312,55.255,640.00,614.71,-0.091179,0.051660,0.046116,0.236376,1.000000,TURN LEFT,1,1
3318,55.355,640.00,615.43,-0.111969,0.073576,0.049507,0.234231,0.998833,TURN LEFT,1,1
3324,55.455,640.00,614.23,-0.097614,0.057356,0.050523,0.235609,1.000000,TURN LEFT,1,1
3330,55.556,640.00,612.14,-0.101927,0.058394,0.052059,0.234831,1.000000,TURN LEFT,1,1
3336,55.656,640.00,609.50,-0.088675,0.041025,0.052084,0.235877,1.000000,TURN LEFT,1,1
3342,55.756,640.00,606.31,-0.083524,0.030880,0.052014,0.235961,1.000000,TURN LEFT,1,1
3348,55.856,640.00,612.00,-0.091363,0.047613,0.051970,0.235955,1.000000,TURN LEFT,1,1
3354,55.956,640.00,611.17,-0.063593,0.018552,0.048955,0.238841,1.000000,GO STRAIGHT,1,1
3360,56.056,640.00,608.37,-0.076937,0.027512,0.048708,0.236980,1.000000,GO STRAIGHT,1,1
3366,56.156,640.00,610.64,-0.085667,0.039793,0.049160,0.236371,1.000000,TURN LEFT,1,1
3372,56.256,640.00,610.94,-0.101964,0.056556,0.051265,0.234650,1.000000,TURN LEFT,1,1
3378,56.356,640.00,612.64,-0.093346,0.050602,0.051555,0.235836,1.000000,TURN LEFT,1,1
3384,56.456,640.00,615.53,-0.071304,0.033068,0.048852,0.238651,1.000000,GO STRAIGHT,1,1
3390,56.556,640.00,614.90,-0.043039,0.003828,0.035174,0.250000,1.000000,GO STRAIGHT,1,1
3396,56.657,640.00,618.84,-0.058493,0.025438,0.025325,0.250000,1.000000,GO STRAIGHT,1,1
3402,56.757,640.00,616.41,-0.060681,0.023827,0.028642,0.239933,1.000000,GO STRAIGHT,1,1
3408,56.857,640.00,618.81,-0.051716,0.018610,0.020622,0.250000,1.000000,GO STRAIGHT,1,1
3414,56.957,640.00,620.65,-0.045907,0.015671,0.014848,0.250000,1.000000,GO STRAIGHT,1,1
3420,57.057,640.00,619.77,-0.047473,0.015870,0.010691,0.250000,1.000000,GO STRAIGHT,1,1
3426,57.157,640.00,619.47,-0.051519,0.019442,0.007697,0.250000,1.000000,GO STRAIGHT,1,1
3432,57.257,640.00,616.72,-0.036858,0.000485,0.005542,0.250000,1.000000,GO STRAIGHT,1,1
3438,57.357,640.00,616.43,-0.039460,0.002633,0.000000,0.250000,1.000000,GO STRAIGHT,1,1
3444,57.457,640.00,614.70,-0.029352,-0.010173,0.000000,0.250000,1.000000,GO STRAIGHT,1,1
3450,57.558,640.00,610.81,-0.021114,-0.024488,0.000000,0.250000,1.000000,GO STRAIGHT,1,1
3456,57.658,640.00,606.20,-0.012771,-0.040037,0.000000,0.250000,1.000000,GO STRAIGHT,1,1
3462,57.758,640.00,606.37,-0.015452,-0.037098,0.000000,0.250000,1.000000,GO STRAIGHT,1,1
3468,57.858,640.00,600.11,-0.011951,-0.050381,0.000000,0.250000,1.000000,GO STRAIGHT,1,1
3474,57.958,640.00,596.50,-0.020225,-0.047748,0.000000,0.250000,1.000000,GO STRAIGHT,1,1
3480,58.058,640.00,592.24,-0.012338,-0.062293,0.000000,0.250000,1.000000,GO STRAIGHT,1,1
3486,58.158,640.00,592.90,-0.019729,-0.053869,0.000000,0.250000,1.000000,GO STRAIGHT,1,1
3492,58.258,640.00,596.71,-0.025367,-0.042269,0.000000,0.250000,1.000000,GO STRAIGHT,1,1
3498,58.358,640.00,599.32,-0.030517,-0.033048,0.000000,0.250000,1.000000,GO STRAIGHT,1,1
3504,58.458,640.00,600.48,-0.045679,-0.016070,0.011167,0.239198,1.000000,GO STRAIGHT,1,1
3510,58.559,640.00,601.16,-0.048501,-0.012192,0.019421,0.238992,1.000000,GO STRAIGHT,1,1
3516,58.659,640.00,603.96,-0.072163,0.015844,0.027585,0.236844,1.000000,GO STRAIGHT,1,1
3522,58.759,640.00,599.80,-0.063245,0.000430,0.033100,0.237194,1.000000,GO STRAIGHT,1,1
3528,58.859,640.00,594.82,-0.053465,-0.017135,0.036739,0.237516,1.000000,GO STRAIGHT,1,1
3534,58.959,640.00,592.71,-0.042882,-0.031012,0.038497,0.238350,1.000000,GO STRAIGHT,1,1
3540,59.059,640.00,591.42,-0.047028,-0.028879,0.040424,0.237710,1.000000,GO STRAIGHT,1,1
3546,59.159,640.00,587.00,-0.043770,-0.039041,0.042123,0.237408,1.000000,GO STRAIGHT,1,1
3552,59.259,640.00,583.23,-0.037047,-0.051662,0.043171,0.237578,1.000000,GO STRAIGHT,1,1
3558,59.359,640.00,582.87,-0.051322,-0.037951,0.045580,0.235978,1.000000,TURN LEFT,1,1
3564,59.459,640.00,582.23,-0.050046,-0.040214,0.047268,0.236022,1.000000,TURN LEFT,1,1
3570,59.559,640.00,586.28,-0.045882,-0.038051,0.047397,0.237073,1.000000,GO STRAIGHT,1,1
3576,59.660,640.00,584.48,-0.046052,-0.040690,0.047785,0.236789,1.000000,GO STRAIGHT,1,1
3582,59.760,640.00,583.51,-0.050187,-0.038085,0.048677,0.236196,1.000000,TURN LEFT,1,1
3588,59.860,640.00,581.59,-0.048315,-0.042955,0.049403,0.236114,1.000000,TURN LEFT,1,1
3594,59.960,640.00,584.48,-0.052564,-0.034183,0.049959,0.236083,1.000000,TURN LEFT,1,1
3600,60.060,640.00,582.97,-0.058613,-0.030502,0.051268,0.235203,1.000000,TURN LEFT,1,1
3606,60.160,640.00,581.66,-0.058320,-0.032833,0.052378,0.235041,1.000000,TURN LEFT,1,1
3612,60.260,640.00,578.73,-0.092552,-0.003190,0.057460,0.230898,1.000000,TURN LEFT,1,1
3618,60.360,640.00,581.08,-0.106081,0.014014,0.062275,0.229781,1.000000,TURN LEFT,1,1
3624,60.460,640.00,578.70,-0.132296,0.036520,0.069041,0.226589,1.000000,TURN LEFT,1,1
3630,60.560,640.00,582.49,-0.125778,0.035926,0.072602,0.227857,1.000000,TURN LEFT,1,1
3636,60.661,640.00,578.14,-0.115306,0.018650,0.074660,0.228346,1.000000,TURN LEFT,1,1
3642,60.761,640.00,576.90,-0.144353,0.045756,0.079586,0.225015,1.000000,TURN LEFT,1,1
3648,60.861,640.00,573.35,-0.136147,0.032012,0.082755,0.225380,1.000000,TURN LEFT,1,1
3654,60.961,640.00,568.91,-0.110922,-0.000148,0.082892,0.227455,1.000000,TURN LEFT,1,1
3660,61.061,640.00,571.31,-0.119693,0.012360,0.083607,0.226859,1.000000,TURN LEFT,1,1
3666,61.161,640.00,567.40,-0.105662,-0.007772,0.083148,0.227801,1.000000,TURN LEFT,1,1
3672,61.261,640.00,570.35,-0.111730,0.002895,0.083046,0.227579,1.000000,TURN LEFT,1,1
3678,61.361,640.00,564.37,-0.086857,-0.031322,0.081102,0.229388,1.000000,TURN LEFT,1,1
3684,61.461,640.00,561.58,-0.074055,-0.048481,0.078696,0.230362,1.000000,TURN LEFT,1,1
3690,61.562,640.00,556.43,-0.066677,-0.063902,0.076926,0.230399,1.000000,TURN LEFT,1,1
3696,61.662,640.00,552.95,-0.053401,-0.082620,0.074698,0.231321,1.000000,TURN LEFT,1,1
3702,61.762,640.00,556.81,-0.059121,-0.070866,0.073143,0.231273,1.000000,TURN LEFT,1,1
3708,61.862,640.00,553.01,-0.053414,-0.082509,0.071966,0.231329,1.000000,TURN LEFT,1,1
3714,61.962,640.00,553.03,-0.049499,-0.086386,0.070676,0.231757,1.000000,TURN LEFT,1,1
3720,62.062,640.00,551.15,-0.046093,-0.092737,0.069654,0.231847,1.000000,TURN LEFT,1,1
3726,62.162,640.00,553.41,-0.042406,-0.092897,0.068160,0.232580,1.000000,TURN LEFT,1,1
3732,62.262,640.00,554.28,-0.034705,-0.099239,0.066089,0.233544,1.000000,TURN LEFT,1,1
3738,62.362,640.00,556.40,-0.035860,-0.094768,0.064402,0.233733,1.000000,TURN LEFT,1,1
3744,62.462,640.00,554.06,-0.025772,-0.108510,0.062415,0.234479,1.000000,TURN LEFT,1,1
3750,62.562,640.00,552.58,-0.025087,-0.111508,0.061135,0.234334,1.000000,TURN LEFT,1,1
3756,62.663,640.00,555.16,-0.036286,-0.096270,0.061072,0.233504,1.000000,TURN LEFT,1,1
3762,62.763,640.00,554.83,-0.042070,-0.091004,0.061725,0.232828,1.000000,TURN LEFT,1,1
3768,62.863,640.00,559.85,-0.048996,-0.076232,0.062202,0.232822,1.000000,TURN LEFT,1,1
3774,62.963,640.00,563.90,-0.061330,-0.057571,0.063307,0.232085,1.000000,TURN LEFT,1,1
3780,63.063,640.00,561.33,-0.045551,-0.077374,0.062729,0.233413,1.000000,TURN LEFT,1,1
3786,63.163,640.00,561.93,-0.043063,-0.078921,0.061942,0.233772,1.000000,TURN LEFT,1,1
3792,63.263,640.00,561.46,-0.041852,-0.080865,0.061312,0.233834,1.000000,TURN LEFT,1,1
3798,63.363,640.00,564.35,-0.046468,-0.071730,0.060933,0.233762,1.000000,TURN LEFT,1,1
3804,63.463,640.00,557.68,-0.047006,-0.081625,0.061742,0.232715,1.000000,TURN LEFT,1,1
3810,63.563,640.00,564.52,-0.055870,-0.062070,0.062270,0.232768,1.000000,TURN LEFT,1,1
3816,63.664,640.00,557.28,-0.053222,-0.076023,0.063461,0.231983,1.000000,TURN LEFT,1,1
3822,63.764,640.00,563.36,-0.063060,-0.056697,0.064491,0.231817,1.000000,TURN LEFT,1,1
3828,63.864,640.00,562.81,-0.058373,-0.062241,0.064791,0.232243,1.000000,TURN LEFT,1,1
3834,63.964,640.00,571.04,-0.078675,-0.029073,0.066021,0.231263,1.000000,TURN LEFT,1,1
3840,64.064,640.00,576.78,-0.086021,-0.012759,0.066850,0.231318,1.000000,TURN LEFT,1,1
3846,64.164,640.00,576.92,-0.077720,-0.020849,0.066496,0.232237,1.000000,TURN LEFT,1,1
3852,64.264,640.00,571.28,-0.065281,-0.042101,0.065712,0.232749,1.000000,TURN LEFT,1,1
3858,64.364,640.00,568.54,-0.064263,-0.047393,0.065453,0.232454,1.000000,TURN LEFT,1,1
3864,64.464,640.00,562.17,-0.060026,-0.061589,0.065767,0.231969,1.000000,TURN LEFT,1,1
3870,64.564,640.00,559.47,-0.060653,-0.065178,0.066477,0.231502,1.000000,TURN LEFT,1,1
3876,64.665,640.00,559.94,-0.063317,-0.061770,0.067213,0.231283,1.000000,TURN LEFT,1,1
3882,64.765,640.00,556.63,-0.061542,-0.068726,0.068053,0.230985,1.000000,TURN LEFT,1,1
3888,64.865,640.00,552.96,-0.060504,-0.075500,0.069103,0.230553,1.000000,TURN LEFT,1,1
3894,64.965,640.00,555.23,-0.066159,-0.066293,0.070144,0.230277,1.000000,TURN LEFT,1,1
3900,65.065,640.00,561.25,-0.073913,-0.049129,0.070840,0.230329,1.000000,TURN LEFT,1,1
3906,65.165,640.00,562.56,-0.074606,-0.046388,0.071218,0.230448,1.000000,TURN LEFT,1,1
3912,65.265,640.00,560.54,-0.079291,-0.044859,0.072324,0.229642,1.000000,TURN LEFT,1,1
3918,65.365,640.00,555.88,-0.074284,-0.057155,0.073275,0.229493,1.000000,TURN LEFT,1,1
3924,65.465,640.00,551.10,-0.061843,-0.077056,0.073296,0.230134,1.000000,TURN LEFT,1,1
3930,65.566,640.00,546.89,-0.061313,-0.084168,0.073898,0.229567,1.000000,TURN LEFT,1,1
3936,65.666,640.00,544.03,-0.062286,-0.087673,0.074878,0.229038,1.000000,TURN LEFT,1,1
3942,65.766,640.00,543.02,-0.065926,-0.085612,0.076147,0.228494,1.000000,TURN LEFT,1,1
3948,65.866,640.00,543.11,-0.076302,-0.075090,0.078208,0.227383,1.000000,TURN LEFT,1,1
3954,65.966,640.00,539.91,-0.076411,-0.079973,0.080193,0.226898,1.000000,TURN LEFT,1,1
3960,66.066,640.00,537.75,-0.074849,-0.084915,0.081779,0.226747,1.000000,TURN LEFT,1,1
3966,66.166,640.00,533.88,-0.076437,-0.089383,0.083692,0.226001,0.990675,TURN LEFT,1,1
3972,66.266,640.00,534.90,-0.084456,-0.079768,0.085812,0.225284,0.993799,TURN LEFT,1,1
3978,66.366,640.00,534.80,-0.081378,-0.082998,0.087008,0.225602,1.000000,TURN LEFT,1,1
3984,66.466,640.00,539.39,-0.088806,-0.068396,0.087998,0.225478,1.000000,TURN LEFT,1,1
3990,66.567,640.00,544.95,-0.105500,-0.043017,0.089729,0.224493,1.000000,TURN LEFT,1,1
3996,66.667,640.00,541.63,-0.091028,-0.062679,0.089863,0.225568,1.000000,TURN LEFT,1,1
4002,66.767,640.00,542.49,-0.081680,-0.070681,0.088781,0.226709,1.000000,TURN LEFT,1,1
4008,66.867,640.00,548.20,-0.078298,-0.065139,0.086748,0.227921,1.000000,TURN LEFT,1,1
4014,66.967,640.00,548.03,-0.072606,-0.071104,0.084674,0.228512,1.000000,TURN LEFT,1,1
4020,67.067,640.00,551.02,-0.073862,-0.065175,0.082864,0.228819,1.000000,TURN LEFT,1,1
4026,67.167,640.00,552.82,-0.069954,-0.066265,0.080846,0.229509,1.000000,TURN LEFT,1,1
4032,67.267,640.00,557.24,-0.073306,-0.056013,0.079093,0.229800,1.000000,TURN LEFT,1,1
4038,67.367,640.00,556.96,-0.060238,-0.069510,0.076409,0.231175,1.000000,TURN LEFT,1,1
4044,67.467,640.00,556.38,-0.058064,-0.072597,0.074322,0.231324,1.000000,TURN LEFT,1,1
4050,67.567,640.00,556.67,-0.046350,-0.083860,0.071464,0.232636,1.000000,TURN LEFT,1,1
4056,67.668,640.00,556.89,-0.051877,-0.077983,0.069990,0.232070,1.000000,TURN LEFT,1,1
4062,67.768,640.00,559.69,-0.058197,-0.067295,0.069209,0.231800,1.000000,TURN LEFT,1,1
4068,67.868,640.00,558.39,-0.056096,-0.071423,0.068610,0.231835,1.000000,TURN LEFT,1,1
4074,67.968,640.00,559.35,-0.050128,-0.075895,0.067364,0.232624,1.000000,TURN LEFT,1,1
4080,68.068,640.00,557.46,-0.043292,-0.085675,0.065990,0.233085,1.000000,TURN LEFT,1,1
4086,68.168,640.00,555.76,-0.038356,-0.093269,0.064708,0.233368,1.000000,TURN LEFT,1,1
4092,68.268,640.00,565.34,-0.049527,-0.067130,0.063569,0.233576,1.000000,TURN LEFT,1,1
4098,68.368,640.00,562.99,-0.038673,-0.081658,0.061893,0.234404,1.000000,TURN LEFT,1,1
4104,68.468,640.00,563.41,-0.038126,-0.081542,0.060561,0.234526,1.000000,TURN LEFT,1,1
4110,68.569,640.00,569.37,-0.055987,-0.054373,0.060689,0.233474,1.000000,TURN LEFT,1,1
4116,68.669,640.00,576.77,-0.094706,-0.004097,0.063986,0.230375,1.000000,TURN LEFT,1,1
4122,68.769,640.00,574.66,-0.058394,-0.043706,0.062616,0.233996,1.000000,TURN LEFT,1,1
4128,68.869,640.00,571.12,-0.039906,-0.067726,0.060101,0.235474,0.987220,TURN LEFT,1,1
4134,68.969,640.00,578.03,-0.083975,-0.012849,0.062167,0.231725,1.000000,TURN LEFT,1,1
4140,69.069,640.00,576.07,-0.057914,-0.041971,0.061035,0.234258,1.000000,TURN LEFT,1,1
4146,69.169,640.00,572.83,-0.041220,-0.063740,0.058848,0.235585,0.998218,TURN LEFT,1,1
4152,69.269,640.00,572.71,-0.030934,-0.074214,0.056140,0.236682,0.980818,GO STRAIGHT,1,1
4158,69.369,640.00,578.34,-0.077244,-0.019103,0.058514,0.232499,1.000000,TURN LEFT,1,1
4164,69.469,640.00,578.59,-0.126555,0.030597,0.065708,0.227194,1.000000,TURN LEFT,1,1
4170,69.570,640.00,583.59,-0.143966,0.055830,0.072071,0.226049,1.000000,TURN LEFT,1,1
4176,69.670,640.00,585.45,-0.159477,0.074241,0.078106,0.224644,1.000000,TURN LEFT,1,1
4182,69.770,640.00,581.94,-0.112669,0.021953,0.077745,0.229195,0.992618,TURN LEFT,1,1
4188,69.870,640.00,584.56,-0.126765,0.040143,0.078663,0.228056,1.000000,TURN LEFT,1,1
4194,69.970,640.00,578.47,-0.078322,-0.017825,0.074832,0.232401,1.000000,TURN LEFT,1,1
4200,70.070,640.00,571.25,-0.050100,-0.057316,0.070017,0.234390,1.000000,TURN LEFT,1,1
4206,70.170,640.00,576.34,-0.052959,-0.046511,0.066092,0.234834,1.000000,TURN LEFT,1,1
4212,70.270,640.00,578.61,-0.042941,-0.052975,0.061795,0.236256,1.000000,TURN LEFT,1,1
4218,70.370,640.00,581.31,-0.045196,-0.046503,0.058541,0.236411,1.000000,TURN LEFT,1,1
4224,70.470,640.00,583.68,-0.052894,-0.035100,0.056697,0.235929,1.000000,TURN LEFT,1,1
4230,70.570,640.00,582.99,-0.045682,-0.043402,0.054668,0.236607,1.000000,GO STRAIGHT,1,1
4236,70.671,640.00,586.13,-0.038274,-0.045890,0.051896,0.237876,1.000000,GO STRAIGHT,1,1
4242,70.771,640.00,589.48,-0.063621,-0.015324,0.052227,0.235624,1.000000,TURN LEFT,1,1
4248,70.871,640.00,589.50,-0.084143,0.005237,0.054760,0.233405,1.000000,TURN LEFT,1,1
4254,70.971,640.00,589.32,-0.093404,0.014216,0.057649,0.232375,1.000000,TURN LEFT,1,1
4260,71.071,640.00,586.35,-0.082001,-0.001823,0.058906,0.233171,1.000000,TURN LEFT,1,1
4266,71.171,640.00,584.74,-0.069272,-0.017072,0.058633,0.234311,1.000000,TURN LEFT,1,1
4272,71.271,640.00,582.13,-0.090533,0.000118,0.061216,0.231622,1.000000,TURN LEFT,1,1
4278,71.371,640.00,581.69,-0.087663,-0.003449,0.062823,0.231866,1.000000,TURN LEFT,1,1
4284,71.471,640.00,582.59,-0.089542,-0.000166,0.064053,0.231796,1.000000,TURN LEFT,1,1
4290,71.572,640.00,579.91,-0.091154,-0.002741,0.065529,0.231225,1.000000,TURN LEFT,1,1
4296,71.672,640.00,582.41,-0.084353,-0.005629,0.065446,0.232332,1.000000,TURN LEFT,1,1
4302,71.772,640.00,582.08,-0.092895,0.002397,0.066395,0.231358,1.000000,TURN LEFT,1,1
4308,71.872,640.00,586.03,-0.087272,0.002947,0.065842,0.232552,1.000000,TURN LEFT,1,1
4314,71.972,640.00,581.88,-0.074696,-0.016117,0.064672,0.233300,1.000000,TURN LEFT,1,1
4320,72.072,640.00,585.98,-0.084271,-0.000142,0.064275,0.232869,1.000000,TURN LEFT,1,1
4326,72.172,640.00,584.82,-0.087144,0.000929,0.064487,0.232387,1.000000,TURN LEFT,1,1
4332,72.272,640.00,581.45,-0.081920,-0.009570,0.064572,0.232453,1.000000,TURN LEFT,1,1
4338,72.372,640.00,583.20,-0.090781,0.002031,0.065357,0.231753,1.000000,TURN LEFT,1,1
4344,72.472,640.00,580.18,-0.089665,-0.003809,0.066260,0.231426,1.000000,TURN LEFT,1,1
4350,72.573,640.00,572.29,-0.090937,-0.014853,0.068259,0.230120,1.000000,TURN LEFT,1,1
4356,72.673,640.00,571.33,-0.073852,-0.033452,0.067934,0.231828,1.000000,TURN LEFT,1,1
4362,72.773,640.00,566.24,-0.057062,-0.058183,0.066598,0.232894,1.000000,TURN LEFT,1,1
4368,72.873,640.00,568.84,-0.043113,-0.068080,0.063676,0.234789,1.000000,TURN LEFT,1,1
4374,72.973,640.00,570.14,-0.049887,-0.059272,0.062132,0.234248,1.000000,TURN LEFT,1,1
4380,73.073,640.00,570.20,-0.052453,-0.056605,0.061297,0.233980,1.000000,TURN LEFT,1,1
4386,73.173,640.00,573.52,-0.060171,-0.043697,0.061052,0.233636,1.000000,TURN LEFT,1,1
4392,73.273,640.00,572.85,-0.053644,-0.051271,0.060247,0.234244,1.000000,TURN LEFT,1,1
4398,73.373,640.00,575.31,-0.054894,-0.046179,0.059431,0.234472,1.000000,TURN LEFT,1,1
4404,73.473,640.00,578.36,-0.049489,-0.046823,0.057772,0.235509,1.000000,TURN LEFT,1,1
4410,73.573,640.00,575.59,-0.043677,-0.056971,0.056351,0.235728,1.000000,TURN LEFT,1,1
4416,73.674,640.00,576.99,-0.039010,-0.059438,0.054590,0.236442,1.000000,TURN LEFT,1,1
4422,73.774,640.00,572.88,-0.045082,-0.059797,0.054632,0.235174,1.000000,TURN LEFT,1,1
4428,73.874,640.00,571.78,-0.054870,-0.051716,0.055926,0.233952,1.000000,TURN LEFT,1,1
4434,73.974,640.00,570.84,-0.048202,-0.059863,0.056256,0.234534,1.000000,TURN LEFT,1,1
4440,74.074,640.00,572.96,-0.052521,-0.052231,0.056652,0.234381,1.000000,TURN LEFT,1,1
4446,74.174,640.00,572.77,-0.048657,-0.056386,0.056533,0.234772,1.000000,TURN LEFT,1,1
4452,74.274,640.00,575.82,-0.055137,-0.045139,0.056706,0.234522,1.000000,TURN LEFT,1,1
4458,74.374,640.00,578.61,-0.056022,-0.039900,0.056503,0.234838,1.000000,TURN LEFT,1,1
4464,74.474,640.00,584.87,-0.053100,-0.033037,0.055071,0.236082,1.000000,TURN LEFT,1,1
4470,74.575,640.00,584.74,-0.053300,-0.033042,0.054082,0.236041,1.000000,TURN LEFT,1,1
4476,74.675,640.00,585.99,-0.058794,-0.025590,0.053794,0.235632,1.000000,TURN LEFT,1,1
4482,74.775,640.00,587.83,-0.058190,-0.023333,0.053238,0.235968,1.000000,TURN LEFT,1,1
4488,74.875,640.00,590.92,-0.080246,0.003551,0.054835,0.234037,1.000000,TURN LEFT,1,1
4494,74.975,640.00,594.70,-0.095944,0.025170,0.057163,0.232897,1.000000,TURN LEFT,1,1
4500,75.075,640.00,597.27,-0.095911,0.029141,0.058443,0.233280,1.000000,TURN LEFT,1,1
4506,75.175,640.00,598.44,-0.104765,0.039827,0.060176,0.232495,1.000000,TURN LEFT,1,1
4512,75.275,640.00,601.06,-0.110503,0.049666,0.061665,0.232262,1.000000,TURN LEFT,1,1
4518,75.375,640.00,602.21,-0.112674,0.053634,0.062805,0.232197,1.000000,TURN LEFT,1,1
4524,75.475,640.00,602.18,-0.111541,0.052445,0.063503,0.232315,1.000000,TURN LEFT,1,1
4530,75.576,640.00,599.71,-0.102038,0.039083,0.063320,0.232978,1.000000,TURN LEFT,1,1
4536,75.676,640.00,601.37,-0.101538,0.041176,0.062878,0.233278,1.000000,TURN LEFT,1,1
4542,75.776,640.00,601.53,-0.089131,0.029020,0.061146,0.234646,1.000000,TURN LEFT,1,1
4548,75.876,640.00,603.70,-0.089466,0.032750,0.059604,0.234932,1.000000,TURN LEFT,1,1
4554,75.976,640.00,604.18,-0.093192,0.037222,0.058837,0.234599,1.000000,TURN LEFT,1,1
4560,76.076,640.00,601.52,-0.086302,0.026179,0.057921,0.234952,1.000000,TURN LEFT,1,1
4566,76.176,640.00,602.67,-0.089933,0.031603,0.057492,0.234728,1.000000,TURN LEFT,1,1
4572,76.276,640.00,606.06,-0.088449,0.035420,0.056497,0.235391,1.000000,TURN LEFT,1,1
4578,76.376,640.00,608.28,-0.089004,0.039446,0.055503,0.235660,1.000000,TURN LEFT,1,1
4584,76.476,640.00,607.95,-0.078290,0.028208,0.053639,0.236771,1.000000,GO STRAIGHT,1,1
4590,76.576,640.00,606.89,-0.069661,0.017933,0.051491,0.237550,1.000000,GO STRAIGHT,1,1
4596,76.677,640.00,609.30,-0.081925,0.033961,0.050950,0.236578,1.000000,GO STRAIGHT,1,1
4602,76.777,640.00,605.33,-0.078719,0.024544,0.050810,0.236337,1.000000,TURN LEFT,1,1
4608,76.877,640.00,604.90,-0.086871,0.032029,0.051687,0.235390,1.000000,TURN LEFT,1,1
4614,76.977,640.00,604.92,-0.089619,0.034805,0.052624,0.235095,1.000000,TURN LEFT,1,1
4620,77.077,640.00,608.89,-0.093022,0.044412,0.053071,0.235315,1.000000,TURN LEFT,1,1
4626,77.177,640.00,605.53,-0.075367,0.021516,0.051930,0.236731,1.000000,GO STRAIGHT,1,1
4632,77.277,640.00,607.05,-0.075526,0.024045,0.050894,0.236938,1.000000,GO STRAIGHT,1,1
4638,77.377,640.00,612.43,-0.079023,0.035949,0.049715,0.237356,1.000000,GO STRAIGHT,1,1
4644,77.477,640.00,613.79,-0.085830,0.044879,0.049421,0.236820,1.000000,GO STRAIGHT,1,1
4650,77.578,640.00,614.07,-0.083058,0.042537,0.048857,0.237161,1.000000,GO STRAIGHT,1,1
4656,77.678,640.00,609.79,-0.094515,0.047306,0.050389,0.235286,1.000000,TURN LEFT,1,1
4662,77.778,640.00,606.87,-0.088003,0.036242,0.051209,0.235560,1.000000,TURN LEFT,1,1
4668,77.878,640.00,601.33,-0.080400,0.019986,0.051796,0.235563,1.000000,TURN LEFT,1,1
4674,77.978,640.00,600.65,-0.086399,0.024907,0.052996,0.234811,1.000000,TURN LEFT,1,1
4680,78.078,640.00,597.43,-0.083397,0.016882,0.054016,0.234660,1.000000,TURN LEFT,1,1
4686,78.178,640.00,602.55,-0.084224,0.025705,0.054060,0.235329,1.000000,TURN LEFT,1,1
4692,78.278,640.00,604.76,-0.086744,0.031688,0.054034,0.235384,1.000000,TURN LEFT,1,1
4698,78.378,640.00,601.19,-0.059616,-0.001023,0.051524,0.237793,1.000000,GO STRAIGHT,1,1
4704,78.478,640.00,605.32,-0.056133,0.001939,0.048695,0.238782,1.000000,GO STRAIGHT,1,1
4710,78.579,640.00,601.19,-0.056366,-0.004276,0.047316,0.238145,1.000000,GO STRAIGHT,1,1
4716,78.679,640.00,598.28,-0.049951,-0.015241,0.046051,0.238409,1.000000,GO STRAIGHT,1,1
4722,78.779,640.00,597.23,-0.052165,-0.014658,0.045548,0.238015,1.000000,GO STRAIGHT,1,1
4728,78.879,640.00,594.99,-0.048475,-0.021849,0.045116,0.238082,1.000000,GO STRAIGHT,1,1
4734,78.979,640.00,593.66,-0.041466,-0.030934,0.044223,0.238645,1.000000,GO STRAIGHT,1,1
4740,79.079,640.00,591.69,-0.031544,-0.043942,0.042771,0.239427,1.000000,GO STRAIGHT,1,1
4746,79.179,640.00,588.13,-0.023775,-0.057270,0.041400,0.239742,1.000000,GO STRAIGHT,1,1
4752,79.279,640.00,585.04,-0.017324,-0.068554,0.040164,0.239983,1.000000,GO STRAIGHT,1,1
4758,79.379,640.00,588.08,-0.027128,-0.053999,0.039907,0.239371,1.000000,GO STRAIGHT,1,1
4764,79.479,640.00,588.23,-0.026732,-0.054151,0.039654,0.239437,1.000000,GO STRAIGHT,1,1
4770,79.579,640.00,590.45,-0.022869,-0.054558,0.038700,0.240183,1.000000,GO STRAIGHT,1,1
4776,79.680,640.00,592.92,-0.043943,-0.029623,0.039995,0.238266,1.000000,GO STRAIGHT,1,1
4782,79.780,640.00,590.96,-0.048291,-0.028334,0.041714,0.237505,1.000000,GO STRAIGHT,1,1
4788,79.880,640.00,591.83,-0.043873,-0.031394,0.042324,0.238112,1.000000,GO STRAIGHT,1,1
4794,79.980,640.00,592.89,-0.042440,-0.031170,0.042441,0.238425,1.000000,GO STRAIGHT,1,1
4800,80.080,640.00,594.36,-0.039448,-0.031864,0.041964,0.238967,1.000000,GO STRAIGHT,1,1
4806,80.180,640.00,598.78,-0.023377,-0.041029,0.030214,0.250000,1.000000,GO STRAIGHT,1,1
4812,80.280,640.00,602.26,-0.007138,-0.051837,0.021754,0.250000,1.000000,GO STRAIGHT,1,1
4818,80.380,640.00,607.65,-0.009755,-0.040798,0.015663,0.250000,1.000000,GO STRAIGHT,1,1
4824,80.480,640.00,610.43,-0.015263,-0.030940,0.011277,0.250000,1.000000,GO STRAIGHT,1,1
4830,80.581,640.00,614.19,-0.028023,-0.012305,0.008120,0.250000,1.000000,GO STRAIGHT,1,1
4836,80.681,640.00,615.07,-0.041857,0.002904,0.005846,0.250000,1.000000,GO STRAIGHT,1,1
4842,80.781,640.00,613.59,-0.011682,-0.029584,0.000000,0.250000,1.000000,GO STRAIGHT,1,1
4848,80.881,640.00,610.92,-0.017348,-0.028088,0.000000,0.250000,1.000000,GO STRAIGHT,1,1
4854,80.981,640.00,610.15,-0.001879,-0.044762,0.000000,0.250000,1.000000,GO STRAIGHT,1,1
4860,81.081,640.00,611.05,-0.008935,-0.036295,0.000000,0.250000,1.000000,GO STRAIGHT,1,1
4866,81.181,640.00,607.54,-0.007715,-0.043002,0.000000,0.250000,1.000000,GO STRAIGHT,1,1
4872,81.281,640.00,606.15,0.002313,-0.055209,0.000000,0.250000,1.000000,GO STRAIGHT,1,1
4878,81.381,640.00,605.32,0.005746,-0.059934,0.000000,0.250000,1.000000,GO STRAIGHT,1,1
4884,81.481,640.00,606.14,0.012558,-0.065468,0.000000,0.250000,1.000000,GO STRAIGHT,1,1
4890,81.582,640.00,605.64,0.013801,-0.067482,0.000000,0.250000,1.000000,GO STRAIGHT,1,1
4896,81.682,640.00,601.60,0.017912,-0.077912,0.000000,0.250000,1.000000,GO STRAIGHT,1,1
4902,81.782,640.00,606.44,0.031847,-0.084284,0.000000,0.250000,1.000000,GO STRAIGHT,1,1
4908,81.882,640.00,602.82,0.037031,-0.095131,0.000000,0.250000,1.000000,GO STRAIGHT,1,1
4914,81.982,640.00,601.79,0.039804,-0.099502,0.000000,0.250000,1.000000,GO STRAIGHT,1,1
4920,82.082,640.00,599.04,0.031985,-0.095979,0.000000,0.250000,1.000000,GO STRAIGHT,1,1
4926,82.182,640.00,590.00,0.003567,-0.081689,0.000000,0.250000,1.000000,GO STRAIGHT,1,1
4932,82.282,640.00,583.31,-0.016247,-0.072335,0.010501,0.239843,1.000000,GO STRAIGHT,1,1
4938,82.382,640.00,582.03,-0.039276,-0.051302,0.020836,0.237159,1.000000,GO STRAIGHT,1,1
4944,82.482,640.00,588.60,-0.044468,-0.035849,0.027853,0.237569,1.000000,GO STRAIGHT,1,1
4950,82.582,640.00,597.06,-0.054785,-0.012309,0.032766,0.237705,1.000000,GO STRAIGHT,1,1
4956,82.683,640.00,596.66,-0.033564,-0.034161,0.033988,0.239944,1.000000,GO STRAIGHT,1,1
4962,82.783,640.00,604.73,-0.025352,-0.029762,0.024471,0.250000,1.000000,GO STRAIGHT,1,1
4968,82.883,640.00,602.77,-0.003912,-0.054259,0.017619,0.250000,1.000000,GO STRAIGHT,1,1
4974,82.983,640.00,600.97,0.008775,-0.069759,0.012686,0.250000,1.000000,GO STRAIGHT,1,1
4980,83.083,640.00,594.05,0.018181,-0.089982,0.009134,0.250000,1.000000,GO STRAIGHT,1,1
4986,83.183,640.00,597.80,0.021535,-0.087473,0.006576,0.250000,1.000000,GO STRAIGHT,1,1
4992,83.283,640.00,594.86,0.023386,-0.093910,0.000000,0.250000,1.000000,GO STRAIGHT,1,1
4998,83.383,640.00,590.92,0.020597,-0.097284,0.000000,0.250000,1.000000,GO STRAIGHT,1,1
5004,83.483,640.00,595.04,0.008019,-0.078268,0.000000,0.250000,1.000000,GO STRAIGHT,1,1
5010,83.584,640.00,598.04,0.009477,-0.075033,0.000000,0.250000,1.000000,GO STRAIGHT,1,1
5016,83.684,640.00,597.72,-0.004021,-0.062047,0.000000,0.250000,1.000000,GO STRAIGHT,1,1
5022,83.784,640.00,596.46,-0.010562,-0.057477,0.000000,0.250000,1.000000,GO STRAIGHT,1,1
5028,83.884,640.00,595.38,-0.013422,-0.056301,0.000000,0.250000,1.000000,GO STRAIGHT,1,1
5034,83.984,640.00,592.85,-0.022086,-0.051591,0.000000,0.250000,1.000000,GO STRAIGHT,1,1
5040,84.084,640.00,589.52,-0.014036,-0.064845,0.000000,0.250000,1.000000,GO STRAIGHT,1,1
5046,84.184,640.00,584.62,-0.019666,-0.066869,0.010683,0.239667,1.000000,GO STRAIGHT,1,1
5052,84.284,640.00,580.63,-0.020534,-0.072232,0.019083,0.238982,1.000000,GO STRAIGHT,1,1
5058,84.384,640.00,584.14,-0.030635,-0.056647,0.025724,0.238408,1.000000,GO STRAIGHT,1,1
5064,84.484,640.00,585.27,-0.036159,-0.049356,0.030952,0.237977,1.000000,GO STRAIGHT,1,1
5070,84.585,640.00,590.66,-0.052731,-0.024369,0.035747,0.236979,1.000000,GO STRAIGHT,1,1
5076,84.685,640.00,590.94,-0.062345,-0.014309,0.040232,0.235980,1.000000,TURN LEFT,1,1
5082,84.785,640.00,590.30,-0.066334,-0.011329,0.044008,0.235452,1.000000,TURN LEFT,1,1
5088,84.885,640.00,587.41,-0.065970,-0.016202,0.047127,0.235064,1.000000,TURN LEFT,1,1
5094,84.985,640.00,579.73,-0.072964,-0.021204,0.051332,0.233169,1.000000,TURN LEFT,1,1
5100,85.085,640.00,573.02,-0.084629,-0.020035,0.056694,0.230911,1.000000,TURN LEFT,1,1
5106,85.185,640.00,581.97,-0.099028,0.008354,0.060797,0.230677,1.000000,TURN LEFT,1,1
5112,85.285,640.00,576.04,-0.110583,0.010642,0.065954,0.228547,1.000000,TURN LEFT,1,1
5118,85.385,640.00,588.70,-0.129615,0.049466,0.069858,0.228361,1.000000,TURN LEFT,1,1
5124,85.485,640.00,581.35,-0.144141,0.052495,0.075423,0.225697,1.000000,TURN LEFT,1,1
5130,85.585,640.00,595.45,-0.166799,0.097194,0.079807,0.225332,0.550000,TURN LEFT,1,0
5136,85.686,640.00,599.82,-0.164223,0.101436,0.082007,0.226257,1.000000,TURN LEFT,1,1
5142,85.786,640.00,602.43,-0.134068,0.075359,0.079814,0.229911,1.000000,TURN LEFT,1,1
5148,85.886,640.00,605.66,-0.139979,0.086316,0.078403,0.229749,1.000000,TURN LEFT,1,1
5154,85.986,640.00,606.81,-0.132801,0.080945,0.076406,0.230698,1.000000,TURN LEFT,1,1
5160,86.086,640.00,603.70,-0.109862,0.053140,0.072875,0.232721,1.000000,TURN LEFT,1,1
5166,86.186,640.00,617.17,-0.095432,0.059758,0.066655,0.236280,1.000000,TURN LEFT,1,1
5172,86.286,640.00,628.15,-0.077970,0.059455,0.058538,0.239798,1.000000,GO STRAIGHT,1,1
5178,86.386,640.00,625.94,-0.039468,0.017498,0.042148,0.250000,1.000000,GO STRAIGHT,1,1
5184,86.486,640.00,621.65,-0.014536,-0.014136,0.030346,0.250000,1.000000,GO STRAIGHT,1,1
5190,86.587,640.00,620.91,0.000562,-0.030397,0.021849,0.250000,1.000000,GO STRAIGHT,1,1
5196,86.687,640.00,621.16,0.024873,-0.054308,0.015732,0.250000,1.000000,GO STRAIGHT,1,1
5202,86.787,640.00,622.05,0.031713,-0.059762,0.011327,0.250000,1.000000,GO STRAIGHT,1,1
5208,86.887,640.00,621.02,0.028476,-0.058128,0.008155,0.250000,1.000000,GO STRAIGHT,1,1
5214,86.987,640.00,622.15,0.032660,-0.060554,0.005872,0.250000,1.000000,GO STRAIGHT,1,1
5220,87.087,640.00,616.34,0.061865,-0.098836,0.000000,0.250000,1.000000,GO STRAIGHT,1,1
5226,87.187,640.00,616.90,0.055210,-0.091302,0.000000,0.250000,1.000000,GO STRAIGHT,1,1
5232,87.287,640.00,618.93,0.042893,-0.075815,0.000000,0.250000,1.000000,GO STRAIGHT,1,1
5238,87.387,640.00,619.81,0.031771,-0.063324,0.000000,0.250000,1.000000,GO STRAIGHT,1,1
5244,87.487,640.00,619.34,0.038696,-0.070983,0.000000,0.250000,1.000000,GO STRAIGHT,1,1
5250,87.588,640.00,617.39,0.049751,-0.085077,0.000000,0.250000,1.000000,GO STRAIGHT,1,1
5256,87.688,640.00,617.02,0.055936,-0.091844,0.000000,0.250000,1.000000,GO STRAIGHT,1,1
5262,87.788,640.00,617.14,0.047609,-0.083329,0.000000,0.250000,1.000000,GO STRAIGHT,1,1
5268,87.888,640.00,617.44,0.044831,-0.080080,0.000000,0.250000,1.000000,GO STRAIGHT,1,1
5274,87.988,640.00,617.96,0.039172,-0.073612,0.000000,0.250000,1.000000,GO STRAIGHT,1,1
5280,88.088,640.00,623.92,0.024440,-0.049558,0.000000,0.250000,1.000000,GO STRAIGHT,1,1
5286,88.188,640.00,622.06,0.011248,-0.039279,0.000000,0.250000,1.000000,GO STRAIGHT,1,1
5292,88.288,640.00,618.38,0.009268,-0.043055,0.000000,0.250000,1.000000,GO STRAIGHT,1,1
5298,88.388,640.00,619.13,0.014967,-0.047584,0.000000,0.250000,1.000000,GO STRAIGHT,1,1
5304,88.488,640.00,614.53,0.042866,-0.082655,0.000000,0.250000,1.000000,GO STRAIGHT,1,1
5310,88.588,640.00,619.12,0.017852,-0.050482,0.000000,0.250000,1.000000,GO STRAIGHT,1,1
5316,88.689,640.00,618.72,0.007319,-0.040576,0.000000,0.250000,1.000000,GO STRAIGHT,1,1
5322,88.789,640.00,621.75,-0.000007,-0.028515,0.000000,0.250000,1.000000,GO STRAIGHT,1,1
5328,88.889,640.00,624.14,0.001249,-0.026034,0.000000,0.250000,1.000000,GO STRAIGHT,1,1
5334,88.989,640.00,624.38,0.002917,-0.027318,0.000000,0.250000,1.000000,GO STRAIGHT,1,1
5340,89.089,640.00,628.98,-0.000330,-0.016883,0.000000,0.250000,1.000000,GO STRAIGHT,1,1
5346,89.189,640.00,628.41,0.000958,-0.019072,0.000000,0.250000,1.000000,GO STRAIGHT,1,1
5352,89.289,640.00,628.47,0.008268,-0.026284,0.000000,0.250000,1.000000,GO STRAIGHT,1,1
5358,89.389,640.00,631.26,0.011186,-0.024840,0.000000,0.250000,1.000000,GO STRAIGHT,1,1
5364,89.489,640.00,629.47,0.004506,-0.020964,0.000000,0.250000,1.000000,GO STRAIGHT,1,1
5370,89.590,640.00,630.28,0.023062,-0.038245,0.000000,0.250000,1.000000,GO STRAIGHT,1,1
5376,89.690,640.00,626.68,0.008991,-0.029806,0.000000,0.250000,1.000000,GO STRAIGHT,1,1
5382,89.790,640.00,630.95,0.004487,-0.018622,0.000000,0.250000,1.000000,GO STRAIGHT,1,1
5388,89.890,640.00,629.85,0.024345,-0.040212,0.000000,0.250000,1.000000,GO STRAIGHT,1,1
5394,89.990,640.00,628.37,0.058321,-0.076487,0.000000,0.250000,1.000000,GO STRAIGHT,1,1
5400,90.090,640.00,626.59,0.065709,-0.086666,0.000000,0.250000,1.000000,GO STRAIGHT,1,1
5406,90.190,640.00,629.87,0.047255,-0.063076,0.000000,0.250000,1.000000,GO STRAIGHT,1,1
5412,90.290,640.00,633.28,0.032427,-0.042925,0.000000,0.250000,1.000000,GO STRAIGHT,1,1
5418,90.390,640.00,627.68,0.044887,-0.064143,0.000000,0.250000,1.000000,GO STRAIGHT,1,1
5424,90.490,640.00,627.16,0.034845,-0.054909,0.000000,0.250000,1.000000,GO STRAIGHT,1,1
5430,90.591,640.00,622.59,0.067409,-0.094618,0.000000,0.250000,1.000000,GO STRAIGHT,1,1
5436,90.691,640.00,626.40,0.051702,-0.072950,0.000000,0.250000,1.000000,GO STRAIGHT,1,1
5442,90.791,640.00,623.79,0.045098,-0.070424,0.000000,0.250000,1.000000,GO STRAIGHT,1,1
5448,90.891,640.00,623.17,0.040557,-0.066855,0.000000,0.250000,1.000000,GO STRAIGHT,1,1
5454,90.991,640.00,620.55,0.049877,-0.080266,0.000000,0.250000,1.000000,GO STRAIGHT,1,1
5460,91.091,640.00,616.14,0.055716,-0.093002,0.000000,0.250000,1.000000,GO STRAIGHT,1,1
5466,91.191,640.00,612.82,0.057911,-0.100378,0.000000,0.250000,1.000000,GO STRAIGHT,1,1
5472,91.291,640.00,611.91,0.061169,-0.105057,0.000000,0.250000,1.000000,GO STRAIGHT,1,1
5478,91.391,640.00,615.00,0.052848,-0.091916,0.000000,0.250000,1.000000,GO STRAIGHT,1,1
5484,91.491,640.00,615.69,0.055276,-0.093253,0.000000,0.250000,1.000000,GO STRAIGHT,1,1
5490,91.591,640.00,614.32,0.053994,-0.094122,0.000000,0.250000,1.000000,GO STRAIGHT,1,1
5496,91.692,640.00,619.78,0.039946,-0.071546,0.000000,0.250000,1.000000,GO STRAIGHT,1,1
5502,91.792,640.00,617.68,0.047874,-0.082741,0.000000,0.250000,1.000000,GO STRAIGHT,1,1
5508,91.892,640.00,616.80,0.046294,-0.082550,0.000000,0.250000,1.000000,GO STRAIGHT,1,1
5514,91.992,640.00,613.94,0.045582,-0.086302,0.000000,0.250000,1.000000,GO STRAIGHT,1,1
5520,92.092,640.00,613.65,0.035026,-0.076199,0.000000,0.250000,1.000000,GO STRAIGHT,1,1
5526,92.192,640.00,611.67,0.035186,-0.079451,0.000000,0.250000,1.000000,GO STRAIGHT,1,1
5532,92.292,640.00,611.03,0.037207,-0.082473,0.000000,0.250000,1.000000,GO STRAIGHT,1,1
5538,92.392,640.00,609.11,0.029954,-0.078217,0.000000,0.250000,1.000000,GO STRAIGHT,1,1
5544,92.492,640.00,610.05,0.015476,-0.062276,0.000000,0.250000,1.000000,GO STRAIGHT,1,1
5550,92.593,640.00,609.98,0.013021,-0.059924,0.000000,0.250000,1.000000,GO STRAIGHT,1,1
5556,92.693,640.00,609.65,0.017261,-0.064678,0.000000,0.250000,1.000000,GO STRAIGHT,1,1
5562,92.793,640.00,607.69,0.016989,-0.067481,0.000000,0.250000,1.000000,GO STRAIGHT,1,1
5568,92.893,640.00,609.54,0.019495,-0.067086,0.000000,0.250000,1.000000,GO STRAIGHT,1,1
5574,92.993,640.00,601.36,0.025571,-0.085945,0.000000,0.250000,1.000000,GO STRAIGHT,1,1
5580,93.093,640.00,605.08,0.021881,-0.076439,0.000000,0.250000,1.000000,GO STRAIGHT,1,1
5586,93.193,640.00,601.53,0.024951,-0.085068,0.000000,0.250000,1.000000,GO STRAIGHT,1,1
5592,93.293,640.00,602.39,0.026120,-0.084879,0.000000,0.250000,1.000000,GO STRAIGHT,1,1
5598,93.393,640.00,595.95,0.029860,-0.098693,0.000000,0.250000,1.000000,GO STRAIGHT,1,1
5604,93.493,640.00,593.00,0.029878,-0.103311,0.000000,0.250000,1.000000,GO STRAIGHT,1,1
5610,93.594,640.00,585.78,0.031137,-0.115859,0.000000,0.250000,1.000000,GO STRAIGHT,1,1
5616,93.694,640.00,588.39,0.025476,-0.106109,0.000000,0.250000,1.000000,GO STRAIGHT,1,1
5622,93.794,640.00,587.96,0.016346,-0.097653,0.000000,0.250000,1.000000,GO STRAIGHT,1,1
5628,93.894,640.00,597.22,0.000929,-0.067780,0.000000,0.250000,1.000000,GO STRAIGHT,1,1
5634,93.994,640.00,598.84,0.003888,-0.068200,0.000000,0.250000,1.000000,GO STRAIGHT,1,1
5640,94.094,640.00,600.84,0.000967,-0.062151,0.000000,0.250000,1.000000,GO STRAIGHT,1,1
5646,94.194,640.00,602.86,-0.003364,-0.054661,0.000000,0.250000,1.000000,GO STRAIGHT,1,1
5652,94.294,640.00,603.18,-0.003352,-0.054179,0.000000,0.250000,1.000000,GO STRAIGHT,1,1
5658,94.394,640.00,600.30,-0.001658,-0.060370,0.000000,0.250000,1.000000,GO STRAIGHT,1,1
5664,94.494,640.00,597.80,0.003281,-0.069215,0.000000,0.250000,1.000000,GO STRAIGHT,1,1
5670,94.594,640.00,592.56,0.008397,-0.082524,0.000000,0.250000,1.000000,GO STRAIGHT,1,1
5676,94.695,640.00,595.04,0.003252,-0.073496,0.000000,0.250000,1.000000,GO STRAIGHT,1,1
5682,94.795,640.00,596.31,-0.005884,-0.062377,0.000000,0.250000,1.000000,GO STRAIGHT,1,1
5688,94.895,640.00,594.52,-0.008816,-0.062243,0.000000,0.250000,1.000000,GO STRAIGHT,1,1
5694,94.995,640.00,594.41,-0.015353,-0.055877,0.000000,0.250000,1.000000,GO STRAIGHT,1,1
5700,95.095,640.00,592.78,-0.017045,-0.056743,0.000000,0.250000,1.000000,GO STRAIGHT,1,1
5706,95.195,640.00,598.26,-0.004268,-0.060953,0.000000,0.250000,1.000000,GO STRAIGHT,1,1
5712,95.295,640.00,599.54,0.003477,-0.066695,0.000000,0.250000,1.000000,GO STRAIGHT,1,1
5718,95.395,640.00,600.09,0.003069,-0.065425,0.000000,0.250000,1.000000,GO STRAIGHT,1,1
5724,95.495,640.00,601.38,0.011184,-0.071529,0.000000,0.250000,1.000000,GO STRAIGHT,1,1
5730,95.596,640.00,602.90,0.010865,-0.068832,0.000000,0.250000,1.000000,GO STRAIGHT,1,1
5736,95.696,640.00,601.87,-0.003042,-0.056534,0.000000,0.250000,1.000000,GO STRAIGHT,1,1
5742,95.796,640.00,605.80,-0.005912,-0.047526,0.000000,0.250000,1.000000,GO STRAIGHT,1,1
5748,95.896,640.00,610.28,0.007117,-0.053553,0.000000,0.250000,1.000000,GO STRAIGHT,1,1
5754,95.996,640.00,609.80,0.007490,-0.054674,0.000000,0.250000,1.000000,GO STRAIGHT,1,1
5760,96.096,640.00,609.09,0.007394,-0.055692,0.000000,0.250000,1.000000,GO STRAIGHT,1,1
5766,96.196,640.00,610.18,0.013236,-0.059827,0.000000,0.250000,1.000000,GO STRAIGHT,1,1
5772,96.296,640.00,612.19,0.007081,-0.050540,0.000000,0.250000,1.000000,GO STRAIGHT,1,1
5778,96.396,640.00,616.60,0.002767,-0.039336,0.000000,0.250000,1.000000,GO STRAIGHT,1,1
5784,96.496,640.00,617.13,-0.003188,-0.032554,0.000000,0.250000,1.000000,GO STRAIGHT,1,1
5790,96.597,640.00,612.33,-0.014110,-0.029127,0.000000,0.250000,1.000000,GO STRAIGHT,1,1
5796,96.697,640.00,612.54,-0.026690,-0.016213,0.000000,0.250000,1.000000,GO STRAIGHT,1,1
5802,96.797,640.00,608.74,-0.035245,-0.013592,0.000000,0.250000,1.000000,GO STRAIGHT,1,1
5808,96.897,640.00,605.79,-0.032756,-0.020692,0.000000,0.250000,1.000000,GO STRAIGHT,1,1
5814,96.997,640.00,607.81,-0.038102,-0.012192,0.000000,0.250000,1.000000,GO STRAIGHT,1,1
5820,97.097,640.00,605.38,-0.030414,-0.023680,0.000000,0.250000,1.000000,GO STRAIGHT,1,1
5826,97.197,640.00,604.14,-0.025958,-0.030070,0.000000,0.250000,1.000000,GO STRAIGHT,1,1
5832,97.297,640.00,602.39,-0.021625,-0.037139,0.000000,0.250000,1.000000,GO STRAIGHT,1,1
5838,97.397,640.00,600.43,-0.010109,-0.051718,0.000000,0.250000,1.000000,GO STRAIGHT,1,1
5844,97.497,640.00,599.13,-0.011984,-0.051867,0.000000,0.250000,1.000000,GO STRAIGHT,1,1
5850,97.597,640.00,597.93,0.001032,-0.066765,0.000000,0.250000,1.000000,GO STRAIGHT,1,1
5856,97.698,640.00,600.18,-0.003406,-0.058814,0.000000,0.250000,1.000000,GO STRAIGHT,1,1
5862,97.798,640.00,600.18,-0.001338,-0.060882,0.000000,0.250000,1.000000,GO STRAIGHT,1,1
5868,97.898,640.00,601.84,-0.000225,-0.059394,0.000000,0.250000,1.000000,GO STRAIGHT,1,1
5874,97.998,640.00,602.34,0.001804,-0.060641,0.000000,0.250000,1.000000,GO STRAIGHT,1,1
5880,98.098,640.00,601.11,0.006493,-0.067255,0.000000,0.250000,1.000000,GO STRAIGHT,1,1
5886,98.198,640.00,607.05,-0.001352,-0.050127,0.000000,0.250000,1.000000,GO STRAIGHT,1,1
5892,98.298,640.00,608.60,0.001982,-0.051050,0.000000,0.250000,1.000000,GO STRAIGHT,1,1
5898,98.398,640.00,610.78,-0.003681,-0.041977,0.000000,0.250000,1.000000,GO STRAIGHT,1,1
5904,98.498,640.00,611.80,0.002988,-0.047048,0.000000,0.250000,1.000000,GO STRAIGHT,1,1
5910,98.599,640.00,614.81,0.006463,-0.045824,0.000000,0.250000,1.000000,GO STRAIGHT,1,1
5916,98.699,640.00,616.95,0.003228,-0.039248,0.000000,0.250000,1.000000,GO STRAIGHT,1,1
5922,98.799,640.00,622.84,0.006231,-0.033044,0.000000,0.250000,1.000000,GO STRAIGHT,1,1
5928,98.899,640.00,623.27,0.012363,-0.038500,0.000000,0.250000,1.000000,GO STRAIGHT,1,1
5934,98.999,640.00,626.31,0.004171,-0.025554,0.000000,0.250000,1.000000,GO STRAIGHT,1,1
5940,99.099,640.00,627.50,-0.001945,-0.017584,0.000000,0.250000,1.000000,GO STRAIGHT,1,1
5946,99.199,640.00,626.76,0.013728,-0.034408,0.000000,0.250000,1.000000,GO STRAIGHT,1,1
5952,99.299,640.00,626.47,0.005935,-0.027073,0.000000,0.250000,1.000000,GO STRAIGHT,1,1
5958,99.399,640.00,628.70,-0.024830,0.007172,0.000000,0.250000,1.000000,GO STRAIGHT,1,1
5964,99.499,640.00,630.86,-0.037437,0.023149,0.000000,0.250000,1.000000,GO STRAIGHT,1,1
5970,99.600,640.00,630.78,-0.047221,0.032811,0.000000,0.250000,1.000000,GO STRAIGHT,1,1
5976,99.700,640.00,630.16,-0.048680,0.033308,0.000000,0.250000,1.000000,GO STRAIGHT,1,1
5982,99.800,640.00,617.35,-0.088762,0.053378,0.013409,0.237030,1.000000,GO STRAIGHT,1,1
5988,99.900,640.00,611.10,-0.116188,0.071028,0.027093,0.233132,1.000000,TURN LEFT,1,1
5994,100.000,640.00,607.18,-0.108549,0.057271,0.036690,0.233380,0.550000,TURN LEFT,1,0
6000,100.100,640.00,605.30,-0.119081,0.064863,0.045067,0.231960,0.550000,TURN LEFT,1,0
6006,100.200,640.00,599.66,-0.143625,0.080599,0.054711,0.228466,0.550000,TURN LEFT,1,0
6012,100.300,640.00,597.93,-0.146396,0.080654,0.062231,0.227909,0.550000,TURN LEFT,1,0
6018,100.400,640.00,596.86,-0.148228,0.080823,0.068013,0.227553,0.550000,TURN LEFT,1,0
6024,100.500,640.00,606.09,-0.129447,0.076466,0.068660,0.230954,1.000000,TURN LEFT,1,1
6030,100.600,640.00,612.56,-0.126008,0.083126,0.067750,0.232284,1.000000,TURN LEFT,1,1
6036,100.701,640.00,616.80,-0.121717,0.085459,0.065966,0.233377,1.000000,TURN LEFT,1,1
6042,100.801,640.00,621.56,-0.115716,0.086905,0.063279,0.234733,1.000000,TURN LEFT,1,1
6048,100.901,640.00,622.29,-0.109921,0.082243,0.060584,0.235468,1.000000,TURN LEFT,1,1
6054,101.001,640.00,623.32,-0.115307,0.089243,0.059089,0.235038,1.000000,TURN LEFT,1,1
6060,101.101,640.00,624.73,-0.118185,0.094323,0.058120,0.234935,1.000000,TURN LEFT,1,1
6066,101.201,640.00,628.01,-0.114118,0.095381,0.056463,0.235861,1.000000,TURN LEFT,1,1
6072,101.301,640.00,629.11,-0.108722,0.091704,0.054498,0.236609,1.000000,GO STRAIGHT,1,1
6078,101.401,640.00,629.82,-0.112032,0.096119,0.053346,0.236355,1.000000,TURN LEFT,1,1
6084,101.501,640.00,627.77,-0.103775,0.084666,0.051905,0.236946,1.000000,GO STRAIGHT,1,1
6090,101.602,640.00,627.15,-0.098238,0.078165,0.050341,0.237455,1.000000,GO STRAIGHT,1,1
6096,101.702,640.00,626.48,-0.098098,0.076974,0.049303,0.237370,1.000000,GO STRAIGHT,1,1
6102,101.802,640.00,625.70,-0.103475,0.081139,0.049276,0.236673,1.000000,GO STRAIGHT,1,1
6108,101.902,640.00,628.27,-0.100795,0.082470,0.048564,0.237344,1.000000,GO STRAIGHT,1,1
6114,102.002,640.00,626.15,-0.087206,0.065566,0.046854,0.238501,1.000000,GO STRAIGHT,1,1
6120,102.102,640.00,621.55,-0.075388,0.046555,0.045004,0.239100,1.000000,GO STRAIGHT,1,1
6126,102.202,640.00,616.69,-0.055955,0.019537,0.042239,0.240486,1.000000,GO STRAIGHT,1,1
6132,102.302,640.00,617.27,-0.050675,0.015160,0.030412,0.250000,1.000000,GO STRAIGHT,1,1
6138,102.402,640.00,616.32,-0.047741,0.010737,0.021896,0.250000,1.000000,GO STRAIGHT,1,1
6144,102.502,640.00,616.67,-0.050936,0.014484,0.015765,0.250000,1.000000,GO STRAIGHT,1,1
6150,102.603,640.00,613.65,-0.046443,0.005266,0.011351,0.250000,1.000000,GO STRAIGHT,1,1
6156,102.703,640.00,611.44,-0.042656,-0.001974,0.008173,0.250000,1.000000,GO STRAIGHT,1,1
6162,102.803,640.00,615.29,-0.046950,0.008342,0.005884,0.250000,1.000000,GO STRAIGHT,1,1
6168,102.903,640.00,615.04,-0.050328,0.011334,0.000000,0.250000,1.000000,GO STRAIGHT,1,1
6174,103.003,640.00,612.45,-0.046028,0.002980,0.000000,0.250000,1.000000,GO STRAIGHT,1,1
6180,103.103,640.00,615.77,-0.044998,0.007146,0.000000,0.250000,1.000000,GO STRAIGHT,1,1
6186,103.203,640.00,612.56,-0.040466,-0.002413,0.000000,0.250000,1.000000,GO STRAIGHT,1,1
6192,103.303,640.00,614.37,-0.034363,-0.005684,0.000000,0.250000,1.000000,GO STRAIGHT,1,1
6198,103.403,640.00,613.16,-0.028544,-0.013396,0.000000,0.250000,1.000000,GO STRAIGHT,1,1
6204,103.503,640.00,613.16,-0.029679,-0.012258,0.000000,0.250000,1.000000,GO STRAIGHT,1,1
6210,103.603,640.00,613.37,-0.030234,-0.011370,0.000000,0.250000,1.000000,GO STRAIGHT,1,1
6216,103.704,640.00,611.42,-0.026043,-0.018614,0.000000,0.250000,1.000000,GO STRAIGHT,1,1
6222,103.804,640.00,611.37,-0.031769,-0.012971,0.000000,0.250000,1.000000,GO STRAIGHT,1,1
6228,103.904,640.00,608.29,-0.033887,-0.015667,0.000000,0.250000,1.000000,GO STRAIGHT,1,1
6234,104.004,640.00,607.90,-0.027851,-0.022303,0.000000,0.250000,1.000000,GO STRAIGHT,1,1
6240,104.104,640.00,610.86,-0.034028,-0.011504,0.000000,0.250000,1.000000,GO STRAIGHT,1,1
6246,104.204,640.00,610.70,-0.038823,-0.006956,0.000000,0.250000,1.000000,GO STRAIGHT,1,1
6252,104.304,640.00,612.67,-0.044421,0.001724,0.000000,0.250000,1.000000,GO STRAIGHT,1,1
6258,104.404,640.00,609.44,-0.038754,-0.008989,0.000000,0.250000,1.000000,GO STRAIGHT,1,1
6264,104.504,640.00,609.30,-0.038967,-0.008997,0.000000,0.250000,1.000000,GO STRAIGHT,1,1
6270,104.605,640.00,608.49,-0.034635,-0.014598,0.000000,0.250000,1.000000,GO STRAIGHT,1,1
6276,104.705,640.00,606.55,-0.019013,-0.033247,0.000000,0.250000,1.000000,GO STRAIGHT,1,1
6282,104.805,640.00,606.24,-0.017246,-0.035499,0.000000,0.250000,1.000000,GO STRAIGHT,1,1
6288,104.905,640.00,607.71,-0.023358,-0.027091,0.000000,0.250000,1.000000,GO STRAIGHT,1,1
6294,105.005,640.00,606.61,-0.023586,-0.028580,0.000000,0.250000,1.000000,GO STRAIGHT,1,1
6300,105.105,640.00,609.08,-0.031104,-0.017204,0.000000,0.250000,1.000000,GO STRAIGHT,1,1
6306,105.205,640.00,613.70,-0.039751,-0.001344,0.000000,0.250000,1.000000,GO STRAIGHT,1,1
6312,105.305,640.00,617.01,-0.039853,0.003925,0.000000,0.250000,1.000000,GO STRAIGHT,1,1
6318,105.405,640.00,614.23,-0.041858,0.001592,0.000000,0.250000,1.000000,GO STRAIGHT,1,1
6324,105.505,640.00,615.07,-0.039938,0.000987,0.000000,0.250000,1.000000,GO STRAIGHT,1,1
6330,105.606,640.00,615.28,-0.045575,0.006954,0.000000,0.250000,1.000000,GO STRAIGHT,1,1
6336,105.706,640.00,619.50,-0.055806,0.023772,0.000000,0.250000,1.000000,GO STRAIGHT,1,1
6342,105.806,640.00,617.63,-0.046010,0.011062,0.000000,0.250000,1.000000,GO STRAIGHT,1,1
6348,105.906,640.00,615.14,-0.028506,-0.010336,0.000000,0.250000,1.000000,GO STRAIGHT,1,1
6354,106.006,640.00,618.30,-0.031583,-0.002324,0.000000,0.250000,1.000000,GO STRAIGHT,1,1
6360,106.106,640.00,614.30,-0.021980,-0.018169,0.000000,0.250000,1.000000,GO STRAIGHT,1,1
6366,106.206,640.00,614.71,-0.015700,-0.023812,0.000000,0.250000,1.000000,GO STRAIGHT,1,1
6372,106.306,640.00,614.52,-0.017315,-0.022501,0.000000,0.250000,1.000000,GO STRAIGHT,1,1
6378,106.406,640.00,613.76,-0.016167,-0.024839,0.000000,0.250000,1.000000,GO STRAIGHT,1,1
6384,106.506,640.00,617.82,-0.021533,-0.013116,0.000000,0.250000,1.000000,GO STRAIGHT,1,1
6390,106.606,640.00,609.63,-0.014628,-0.032820,0.000000,0.250000,1.000000,GO STRAIGHT,1,1
6396,106.707,640.00,613.04,-0.014937,-0.027188,0.000000,0.250000,1.000000,GO STRAIGHT,1,1
6402,106.807,640.00,614.84,-0.023801,-0.015508,0.000000,0.250000,1.000000,GO STRAIGHT,1,1
6408,106.907,640.00,610.68,-0.025869,-0.019945,0.000000,0.250000,1.000000,GO STRAIGHT,1,1
6414,107.007,640.00,614.13,-0.021373,-0.019048,0.000000,0.250000,1.000000,GO STRAIGHT,1,1
6420,107.107,640.00,610.58,-0.011810,-0.034151,0.000000,0.250000,1.000000,GO STRAIGHT,1,1
6426,107.207,640.00,612.41,-0.008229,-0.034883,0.000000,0.250000,1.000000,GO STRAIGHT,1,1
6432,107.307,640.00,609.22,-0.010119,-0.037977,0.000000,0.250000,1.000000,GO STRAIGHT,1,1
6438,107.407,640.00,603.32,-0.007501,-0.049805,0.000000,0.250000,1.000000,GO STRAIGHT,1,1
6444,107.507,640.00,602.02,-0.001639,-0.057706,0.000000,0.250000,1.000000,GO STRAIGHT,1,1
6450,107.608,640.00,600.73,-0.011846,-0.049517,0.000000,0.250000,1.000000,GO STRAIGHT,1,1
6456,107.708,640.00,600.20,-0.030349,-0.031843,0.000000,0.250000,1.000000,GO STRAIGHT,1,1
6462,107.808,640.00,595.13,-0.023526,-0.046587,0.000000,0.250000,1.000000,GO STRAIGHT,1,1
6468,107.908,640.00,596.77,-0.026660,-0.040891,0.000000,0.250000,1.000000,GO STRAIGHT,1,1
6474,108.008,640.00,600.19,-0.032701,-0.029497,0.000000,0.250000,1.000000,GO STRAIGHT,1,1
6480,108.108,640.00,597.95,-0.027611,-0.038087,0.000000,0.250000,1.000000,GO STRAIGHT,1,1
6486,108.208,640.00,602.39,-0.026338,-0.032430,0.000000,0.250000,1.000000,GO STRAIGHT,1,1
6492,108.308,640.00,601.06,-0.033619,-0.027232,0.000000,0.250000,1.000000,GO STRAIGHT,1,1
6498,108.408,640.00,598.62,-0.027271,-0.037391,0.000000,0.250000,1.000000,GO STRAIGHT,1,1
6504,108.508,640.00,594.28,-0.022891,-0.048544,0.000000,0.250000,1.000000,GO STRAIGHT,1,1
6510,108.609,640.00,589.60,-0.020813,-0.057933,0.010048,0.240281,1.000000,GO STRAIGHT,1,1
6516,108.709,640.00,587.20,-0.018292,-0.064214,0.017369,0.240197,1.000000,GO STRAIGHT,1,1
6522,108.809,640.00,593.11,-0.027405,-0.045861,0.022755,0.240086,1.000000,GO STRAIGHT,1,1
6528,108.909,640.00,597.34,-0.031948,-0.034701,0.026493,0.240221,1.000000,GO STRAIGHT,1,1
6534,109.009,640.00,593.77,-0.033224,-0.039011,0.029875,0.239554,1.000000,GO STRAIGHT,1,1
6540,109.109,640.00,599.19,-0.034283,-0.029488,0.031599,0.240241,1.000000,GO STRAIGHT,1,1
6546,109.209,640.00,602.44,-0.034668,-0.024017,0.022752,0.250000,1.000000,GO STRAIGHT,1,1
6552,109.309,640.00,611.60,-0.036782,-0.007597,0.016381,0.250000,1.000000,GO STRAIGHT,1,1
6558,109.409,640.00,607.37,-0.034869,-0.016122,0.011794,0.250000,1.000000,GO STRAIGHT,1,1
6564,109.509,640.00,611.27,-0.040314,-0.004576,0.008492,0.250000,1.000000,GO STRAIGHT,1,1
6570,109.609,640.00,615.40,-0.024170,-0.014269,0.006114,0.250000,1.000000,GO STRAIGHT,1,1
6576,109.710,640.00,612.35,-0.021282,-0.021924,0.000000,0.250000,1.000000,GO STRAIGHT,1,1
6582,109.810,640.00,608.59,-0.016147,-0.032924,0.000000,0.250000,1.000000,GO STRAIGHT,1,1
6588,109.910,640.00,608.86,-0.013054,-0.035600,0.000000,0.250000,1.000000,GO STRAIGHT,1,1
6594,110.010,640.00,618.90,-0.015595,-0.017375,0.000000,0.250000,1.000000,GO STRAIGHT,1,1
6600,110.110,640.00,616.26,-0.015994,-0.021098,0.000000,0.250000,1.000000,GO STRAIGHT,1,1
6606,110.210,640.00,612.46,-0.001104,-0.041922,0.000000,0.250000,1.000000,GO STRAIGHT,1,1
6612,110.310,640.00,609.38,-0.008989,-0.038861,0.000000,0.250000,1.000000,GO STRAIGHT,1,1
6618,110.410,640.00,605.04,-0.011036,-0.043594,0.000000,0.250000,1.000000,GO STRAIGHT,1,1
6624,110.510,640.00,604.34,-0.013712,-0.042002,0.000000,0.250000,1.000000,GO STRAIGHT,1,1
6630,110.611,640.00,605.71,-0.008917,-0.044667,0.000000,0.250000,1.000000,GO STRAIGHT,1,1
6636,110.711,640.00,618.78,0.014132,-0.047285,0.000000,0.250000,1.000000,GO STRAIGHT,1,1
6642,110.811,640.00,620.37,0.015010,-0.045675,0.000000,0.250000,1.000000,GO STRAIGHT,1,1
6648,110.911,640.00,621.09,0.014868,-0.044409,0.000000,0.250000,1.000000,GO STRAIGHT,1,1
6654,111.011,640.00,613.62,0.011509,-0.052730,0.000000,0.250000,1.000000,GO STRAIGHT,1,1
6660,111.111,640.00,608.04,0.014485,-0.064416,0.000000,0.250000,1.000000,GO STRAIGHT,1,1
6666,111.211,640.00,603.76,0.012446,-0.069066,0.000000,0.250000,1.000000,GO STRAIGHT,1,1
6672,111.311,640.00,600.69,0.017994,-0.079413,0.000000,0.250000,1.000000,GO STRAIGHT,1,1
6678,111.411,640.00,606.08,0.018874,-0.071870,0.000000,0.250000,1.000000,GO STRAIGHT,1,1
6684,111.511,640.00,604.28,0.022549,-0.078358,0.000000,0.250000,1.000000,GO STRAIGHT,1,1
6690,111.612,640.00,606.83,0.016192,-0.068023,0.000000,0.250000,1.000000,GO STRAIGHT,1,1
6696,111.712,640.00,621.89,0.021616,-0.049917,0.000000,0.250000,1.000000,GO STRAIGHT,1,1
6702,111.812,640.00,630.70,0.011253,-0.025780,0.000000,0.250000,1.000000,GO STRAIGHT,1,1
6708,111.912,640.00,632.03,0.017144,-0.029596,0.000000,0.250000,1.000000,GO STRAIGHT,1,1
6714,112.012,640.00,638.42,0.028168,-0.030633,0.000000,0.250000,1.000000,GO STRAIGHT,1,1
6720,112.112,640.00,647.22,0.017952,-0.006675,0.000000,0.250000,1.000000,GO STRAIGHT,1,1
6726,112.212,640.00,649.66,0.020404,-0.005314,0.000000,0.250000,1.000000,GO STRAIGHT,1,1
6732,112.312,640.00,645.54,0.001685,0.006971,0.000000,0.250000,1.000000,GO STRAIGHT,1,1
6738,112.412,640.00,651.16,0.010588,0.006854,0.000000,0.250000,1.000000,GO STRAIGHT,1,1
6744,112.512,640.00,649.78,0.009828,0.005460,0.000000,0.250000,1.000000,GO STRAIGHT,1,1
6750,112.612,640.00,648.67,0.001124,0.012416,0.000000,0.250000,1.000000,GO STRAIGHT,1,1
6756,112.713,640.00,659.05,0.009356,0.020404,0.000000,0.250000,1.000000,GO STRAIGHT,1,1
6762,112.813,640.00,656.67,-0.002617,0.028663,0.000000,0.250000,1.000000,GO STRAIGHT,1,1
6768,112.913,640.00,652.48,-0.012292,0.031793,0.000000,0.250000,1.000000,GO STRAIGHT,1,1
6774,113.013,640.00,648.28,-0.005842,0.018781,0.000000,0.250000,1.000000,GO STRAIGHT,1,1
6780,113.113,640.00,645.50,-0.007230,0.015829,0.000000,0.250000,1.000000,GO STRAIGHT,1,1
6786,113.213,640.00,640.89,-0.007679,0.009074,0.000000,0.250000,1.000000,GO STRAIGHT,1,1
6792,113.313,640.00,636.43,-0.005127,-0.000457,0.000000,0.250000,1.000000,GO STRAIGHT,1,1
6798,113.413,640.00,629.71,-0.006914,-0.009159,0.000000,0.250000,1.000000,GO STRAIGHT,1,1
6804,113.513,640.00,635.63,0.008570,-0.015404,0.000000,0.250000,0.550000,GO STRAIGHT,1,0
6810,113.614,640.00,644.19,0.035105,-0.028551,0.000000,0.250000,0.550000,GO STRAIGHT,1,0
6816,113.714,640.00,643.42,0.034511,-0.029164,0.000000,0.250000,0.550000,GO STRAIGHT,1,0
6822,113.814,640.00,649.43,0.048676,-0.033935,0.000000,0.250000,0.550000,GO STRAIGHT,1,0
6828,113.914,640.00,649.45,0.047485,-0.032723,0.000000,0.250000,0.550000,GO STRAIGHT,1,0
6834,114.014,640.00,652.46,0.056672,-0.037204,0.000000,0.250000,0.550000,GO STRAIGHT,1,0
6840,114.114,640.00,652.14,0.060518,-0.041547,0.000000,0.250000,0.550000,GO STRAIGHT,1,0
6846,114.214,640.00,649.09,0.048807,-0.034599,0.000000,0.250000,0.550000,GO STRAIGHT,1,0
6852,114.314,640.00,652.23,0.045708,-0.026604,0.000000,0.250000,0.550000,GO STRAIGHT,1,0
6858,114.414,640.00,654.64,0.039320,-0.016445,0.000000,0.250000,0.550000,GO STRAIGHT,1,0
6864,114.514,640.00,655.10,0.024574,-0.000987,0.000000,0.250000,0.550000,GO STRAIGHT,1,0
6870,114.615,640.00,648.45,0.014561,-0.001352,0.000000,0.250000,1.000000,GO STRAIGHT,1,1
6876,114.715,640.00,631.54,0.005384,-0.018606,0.000000,0.250000,0.550000,GO STRAIGHT,0,1
6882,114.815,640.00,636.40,0.004061,-0.009692,0.000000,0.250000,1.000000,GO STRAIGHT,1,1
6888,114.915,640.00,638.25,0.009107,-0.011840,0.000000,0.250000,1.000000,GO STRAIGHT,1,1
6894,115.015,640.00,624.35,0.006118,-0.030578,0.000000,0.250000,0.550000,GO STRAIGHT,0,1
6900,115.115,640.00,637.02,0.020755,-0.025406,0.000000,0.250000,1.000000,GO STRAIGHT,1,1
6906,115.215,640.00,628.17,0.015251,-0.033729,0.000000,0.250000,1.000000,GO STRAIGHT,1,1
6912,115.315,640.00,639.08,0.037958,-0.039388,0.000000,0.250000,0.999571,GO STRAIGHT,1,1
6918,115.415,640.00,646.17,0.052689,-0.043049,0.000000,0.250000,0.523108,GO STRAIGHT,1,0
6924,115.515,640.00,664.94,0.126740,-0.087774,-0.018014,0.232576,0.996541,TURN RIGHT,1,1
6930,115.615,640.00,631.66,0.124858,-0.137887,-0.025677,0.237709,0.940808,GO STRAIGHT,1,1
6936,115.716,640.00,628.33,0.136483,-0.154720,-0.031986,0.236943,0.984115,GO STRAIGHT,1,1
6942,115.816,640.00,610.80,0.135136,-0.180764,-0.033694,0.239685,0.927210,GO STRAIGHT,1,1
6948,115.916,640.00,605.13,0.147390,-0.201882,-0.035427,0.239198,0.966309,GO STRAIGHT,1,1
6954,116.016,640.00,609.11,0.114357,-0.162629,-0.025507,0.250000,0.977990,GO STRAIGHT,1,1
6960,116.116,640.00,612.56,0.156901,-0.199777,-0.031736,0.237067,0.500000,GO STRAIGHT,0,1
6966,116.216,640.00,619.19,0.190463,-0.222975,-0.040996,0.232448,0.500000,TURN RIGHT,0,1
6972,116.316,640.00,620.77,0.203159,-0.233200,-0.049327,0.230839,0.487144,TURN RIGHT,0,1
