frame_index,timestamp_s,camera_center_x_px,path_center_x_px,lateral_error,heading_error,angular_z_rad_s,linear_x_m_s,confidence,instruction,left_boundary_detected,right_boundary_detected,control_source,reference_filename,reference_match_index,reference_latitude,reference_longitude,reference_heading_deg,reference_vpr_score,reference_alignment_error,route_turn_error,reference_confidence
0,0.000,640.00,426.78,-0.227852,-0.105299,0.045202,0.206278,0.982963,TURN LEFT,1,1,STREETVIEW_DB,streetview_0005.jpg,5,50.10213480,14.39272351,310.69,25.4023,-0.214693,0.000000,0.744541
6,0.100,640.00,445.31,-0.235082,-0.069121,0.076210,0.207765,0.983701,TURN LEFT,1,1,STREETVIEW_DB,streetview_0005.jpg,5,50.10213480,14.39272351,310.69,25.4023,-0.207454,0.000000,0.744541
12,0.200,640.00,448.76,-0.222082,-0.076737,0.097031,0.209220,0.528876,TURN LEFT,1,0,STREETVIEW_DB,streetview_0005.jpg,5,50.10213480,14.39272351,310.69,25.4023,-0.200369,0.000000,0.744541
18,0.300,640.00,453.41,-0.223273,-0.068269,0.111582,0.209646,0.533063,TURN LEFT,1,0,STREETVIEW_DB,streetview_0005.jpg,5,50.10213480,14.39272351,310.69,25.4023,-0.198299,0.000000,0.744541
24,0.400,640.00,472.36,-0.192748,-0.069184,0.117266,0.214282,0.997535,TURN LEFT,1,1,STREETVIEW_DB,streetview_0005.jpg,5,50.10213480,14.39272351,310.69,25.4023,-0.175725,0.000000,0.744541
30,0.501,640.00,489.98,-0.183669,-0.050745,0.118542,0.217006,0.988923,TURN LEFT,1,1,STREETVIEW_DB,streetview_0005.jpg,5,50.10213480,14.39272351,310.69,25.4023,-0.162462,0.000000,0.744541
36,0.601,640.00,496.87,-0.158167,-0.065479,0.116494,0.219876,0.985613,TURN LEFT,1,1,STREETVIEW_DB,streetview_0005.jpg,5,50.10213480,14.39272351,310.69,25.4023,-0.148492,0.000000,0.744541
42,0.701,640.00,503.54,-0.154974,-0.058252,0.113973,0.220887,0.550000,TURN LEFT,0,1,STREETVIEW_DB,streetview_0005.jpg,5,50.10213480,14.39272351,310.69,25.4023,-0.143568,0.000000,0.744541
48,0.801,640.00,512.66,-0.141156,-0.057805,0.109925,0.223048,1.000000,TURN LEFT,1,1,STREETVIEW_DB,streetview_0005.jpg,5,50.10213480,14.39272351,310.69,25.4023,-0.133049,0.000000,0.744541
54,0.901,640.00,519.66,-0.155199,-0.032837,0.107391,0.222680,1.000000,TURN LEFT,1,1,STREETVIEW_DB,streetview_0005.jpg,5,50.10213480,14.39272351,310.69,25.4023,-0.134842,0.000000,0.744541
60,1.001,640.00,521.50,-0.158966,-0.026189,0.105672,0.222577,1.000000,TURN LEFT,1,1,STREETVIEW_DB,streetview_0005.jpg,5,50.10213480,14.39272351,310.69,25.4023,-0.135340,0.000000,0.744541
66,1.101,640.00,526.39,-0.144517,-0.033006,0.102640,0.224313,0.550000,TURN LEFT,1,0,STREETVIEW_DB,streetview_0005.jpg,5,50.10213480,14.39272351,310.69,25.4023,-0.126889,0.000000,0.744541
72,1.201,640.00,524.82,-0.125962,-0.054004,0.099063,0.225662,0.550000,TURN LEFT,1,0,STREETVIEW_DB,streetview_0005.jpg,5,50.10213480,14.39272351,310.69,25.4023,-0.120323,0.000000,0.744541
78,1.301,640.00,528.26,-0.125870,-0.048728,0.096080,0.226055,0.550000,TURN LEFT,1,0,STREETVIEW_DB,streetview_0005.jpg,5,50.10213480,14.39272351,310.69,25.4023,-0.118407,0.000000,0.744541
84,1.401,640.00,529.43,-0.131449,-0.041321,0.094271,0.225728,0.550000,TURN LEFT,1,0,STREETVIEW_DB,streetview_0005.jpg,5,50.10213480,14.39272351,310.69,25.4023,-0.119999,0.000000,0.744541
90,1.502,640.00,526.85,-0.130823,-0.045980,0.093215,0.225490,0.550000,TURN LEFT,1,0,STREETVIEW_DB,streetview_0005.jpg,5,50.10213480,14.39272351,310.69,25.4023,-0.121160,0.000000,0.744541
96,1.602,640.00,518.35,-0.126650,-0.063427,0.093086,0.224879,0.550000,TURN LEFT,1,0,STREETVIEW_DB,streetview_0005.jpg,5,50.10213480,14.39272351,310.69,25.4023,-0.124137,0.000000,0.744541
102,1.702,640.00,520.57,-0.129225,-0.057384,0.092955,0.224916,0.550000,TURN LEFT,1,0,STREETVIEW_DB,streetview_0005.jpg,5,50.10213480,14.39272351,310.69,25.4023,-0.123953,0.000000,0.744541
108,1.802,640.00,516.95,-0.135370,-0.056893,0.093802,0.224005,0.550000,TURN LEFT,1,0,STREETVIEW_DB,streetview_0005.jpg,5,50.10213480,14.39272351,310.69,25.4023,-0.128389,0.000000,0.744541
114,1.902,640.00,518.66,-0.111422,-0.078168,0.092179,0.226165,0.550000,TURN LEFT,1,0,STREETVIEW_DB,streetview_0005.jpg,5,50.10213480,14.39272351,310.69,25.4023,-0.117875,0.000000,0.744541
120,2.002,640.00,527.18,-0.102708,-0.073568,0.090867,0.226304,0.550000,TURN LEFT,1,0,STREETVIEW_DB,streetview_0005.jpg,5,50.10213480,14.39272351,310.69,29.3339,-0.109730,0.000000,0.813342
126,2.102,640.00,525.86,-0.071828,-0.106520,0.087285,0.228855,0.550000,TURN LEFT,1,0,STREETVIEW_DB,streetview_0005.jpg,5,50.10213480,14.39272351,310.69,29.3339,-0.098102,0.000000,0.813342
132,2.202,640.00,524.42,-0.046420,-0.134171,0.082579,0.230912,0.550000,TURN LEFT,1,0,STREETVIEW_DB,streetview_0005.jpg,5,50.10213480,14.39272351,310.69,29.3339,-0.088724,0.000000,0.813342
138,2.302,640.00,516.51,-0.066861,-0.126097,0.082026,0.228169,0.550000,TURN LEFT,1,0,STREETVIEW_DB,streetview_0005.jpg,5,50.10213480,14.39272351,310.69,29.3339,-0.101229,0.000000,0.813342
144,2.402,640.00,512.13,-0.099037,-0.100757,0.085091,0.224821,0.550000,TURN LEFT,1,0,STREETVIEW_DB,streetview_0005.jpg,5,50.10213480,14.39272351,310.69,29.3339,-0.116492,0.000000,0.813342
150,2.502,640.00,504.73,-0.111062,-0.100305,0.089306,0.222877,0.550000,TURN LEFT,1,0,STREETVIEW_DB,streetview_0005.jpg,5,50.10213480,14.39272351,310.69,29.3339,-0.125353,0.000000,0.813342
156,2.603,640.00,501.91,-0.134489,-0.081278,0.094816,0.220483,0.550000,TURN LEFT,1,0,STREETVIEW_DB,streetview_0005.jpg,5,50.10213480,14.39272351,310.69,29.3339,-0.136264,0.000000,0.813342
162,2.703,640.00,539.49,-0.064337,-0.092712,0.087758,0.231148,0.990317,TURN LEFT,1,1,STREETVIEW_DB,streetview_0005.jpg,5,50.10213480,14.39272351,310.69,29.3339,-0.087652,0.000000,0.813342
168,2.803,640.00,556.78,-0.088679,-0.041357,0.082740,0.231086,0.959601,TURN LEFT,1,1,STREETVIEW_DB,streetview_0005.jpg,5,50.10213480,14.39272351,310.69,29.3339,-0.087934,0.000000,0.813342
174,2.903,640.00,568.02,-0.087108,-0.025362,0.077590,0.232572,0.978539,TURN LEFT,1,1,STREETVIEW_DB,streetview_0005.jpg,5,50.10213480,14.39272351,310.69,29.3339,-0.081158,0.000000,0.813342
180,3.003,640.00,577.12,-0.039179,-0.059078,0.068406,0.237869,1.000000,GO STRAIGHT,1,1,STREETVIEW_DB,streetview_0005.jpg,5,50.10213480,14.39272351,310.69,29.3339,-0.057011,0.000000,0.813342
186,3.103,640.00,587.65,-0.009418,-0.072377,0.049252,0.250000,0.970672,GO STRAIGHT,1,1,STREETVIEW_DB,streetview_0005.jpg,5,50.10213480,14.39272351,310.69,29.3339,-0.039345,0.000000,0.813342
192,3.203,640.00,595.82,0.033073,-0.102099,0.035462,0.250000,1.000000,GO STRAIGHT,1,1,STREETVIEW_DB,streetview_0005.jpg,5,50.10213480,14.39272351,310.69,29.3339,-0.017880,0.000000,0.813342
198,3.303,640.00,595.98,0.042160,-0.110946,0.025532,0.250000,0.994244,GO STRAIGHT,1,1,STREETVIEW_DB,streetview_0005.jpg,5,50.10213480,14.39272351,310.69,29.3339,-0.014161,0.000000,0.813342
204,3.403,640.00,604.04,0.064434,-0.120621,0.018383,0.250000,1.000000,GO STRAIGHT,1,1,STREETVIEW_DB,streetview_0005.jpg,5,50.10213480,14.39272351,310.69,29.3339,-0.000841,0.000000,0.813342
210,3.504,640.00,604.27,0.038737,-0.094565,0.013236,0.250000,0.986425,GO STRAIGHT,1,1,STREETVIEW_DB,streetview_0005.jpg,5,50.10213480,14.39272351,310.69,29.3339,-0.010995,0.000000,0.813342
216,3.604,640.00,589.77,0.002802,-0.081286,0.009530,0.250000,1.000000,GO STRAIGHT,1,1,STREETVIEW_DB,streetview_0005.jpg,5,50.10213480,14.39272351,310.69,29.3339,-0.033298,0.000000,0.813342
222,3.704,640.00,591.96,-0.006238,-0.068827,0.006862,0.250000,1.000000,GO STRAIGHT,1,1,STREETVIEW_DB,streetview_0005.jpg,5,50.10213480,14.39272351,310.69,29.3339,-0.035717,0.000000,0.813342
228,3.804,640.00,593.40,-0.032019,-0.040792,0.014812,0.240452,0.983879,GO STRAIGHT,1,1,STREETVIEW_DB,streetview_0005.jpg,5,50.10213480,14.39272351,310.69,29.3339,-0.045241,0.000000,0.813342
234,3.904,640.00,599.05,0.013586,-0.077575,0.010665,0.250000,1.000000,GO STRAIGHT,1,1,STREETVIEW_DB,streetview_0005.jpg,5,50.10213480,14.39272351,310.69,29.3339,-0.023911,0.000000,0.813342
240,4.004,640.00,579.40,-0.067113,-0.027571,0.021564,0.236569,1.000000,GO STRAIGHT,1,1,STREETVIEW_DB,streetview_0005.jpg,5,50.10213480,14.39272351,310.69,25.6516,-0.066935,0.000000,0.748903
246,4.104,640.00,558.51,-0.088490,-0.038838,0.033673,0.232448,0.978946,TURN LEFT,1,1,STREETVIEW_DB,streetview_0005.jpg,5,50.10213480,14.39272351,310.69,25.6516,-0.086910,0.000000,0.748903
252,4.204,640.00,581.78,-0.038288,-0.052675,0.035393,0.239216,1.000000,GO STRAIGHT,1,1,STREETVIEW_DB,streetview_0005.jpg,5,50.10213480,14.39272351,310.69,25.6516,-0.054102,0.000000,0.748903
258,4.304,640.00,599.57,0.037604,-0.100770,0.025483,0.250000,1.000000,GO STRAIGHT,1,1,STREETVIEW_DB,streetview_0005.jpg,5,50.10213480,14.39272351,310.69,25.6516,-0.014016,0.000000,0.748903
264,4.404,640.00,612.29,0.084445,-0.127735,0.018348,0.250000,1.000000,GO STRAIGHT,1,1,STREETVIEW_DB,streetview_0005.jpg,5,50.10213480,14.39272351,310.69,25.6516,0.011677,0.000000,0.748903
270,4.505,640.00,603.50,0.028652,-0.085684,0.013211,0.250000,1.000000,GO STRAIGHT,1,1,STREETVIEW_DB,streetview_0005.jpg,5,50.10213480,14.39272351,310.69,25.6516,-0.015450,0.000000,0.748903
276,4.605,640.00,587.65,-0.029049,-0.052743,0.009512,0.250000,1.000000,GO STRAIGHT,1,1,STREETVIEW_DB,streetview_0005.jpg,5,50.10213480,14.39272351,310.69,25.6516,-0.047197,0.000000,0.748903
282,4.705,640.00,580.50,-0.063113,-0.029859,0.020265,0.237022,0.977809,GO STRAIGHT,1,1,STREETVIEW_DB,streetview_0005.jpg,5,50.10213480,14.39272351,310.69,25.6516,-0.064735,0.000000,0.748903
288,4.805,640.00,565.97,-0.100227,-0.015452,0.032869,0.232321,1.000000,TURN LEFT,1,1,STREETVIEW_DB,streetview_0005.jpg,5,50.10213480,14.39272351,310.69,25.6516,-0.087528,0.000000,0.748903
294,4.905,640.00,543.06,-0.142780,-0.008691,0.048245,0.226225,1.000000,TURN LEFT,1,1,STREETVIEW_DB,streetview_0005.jpg,5,50.10213480,14.39272351,310.69,25.6516,-0.117077,0.000000,0.748903
300,5.005,640.00,544.09,-0.161174,0.011317,0.060765,0.224824,1.000000,TURN LEFT,1,1,STREETVIEW_DB,streetview_0005.jpg,5,50.10213480,14.39272351,310.69,25.6516,-0.123869,0.000000,0.748903
306,5.105,640.00,553.54,-0.165857,0.030762,0.069077,0.225503,0.550000,TURN LEFT,1,0,STREETVIEW_DB,streetview_0005.jpg,5,50.10213480,14.39272351,310.69,25.6516,-0.120576,0.000000,0.748903
312,5.205,640.00,557.75,-0.171840,0.043328,0.075080,0.225485,0.550000,TURN LEFT,1,0,STREETVIEW_DB,streetview_0005.jpg,5,50.10213480,14.39272351,310.69,25.6516,-0.120665,0.000000,0.748903
318,5.305,640.00,555.84,-0.165098,0.033595,0.079051,0.225825,0.550000,TURN LEFT,1,0,STREETVIEW_DB,streetview_0005.jpg,5,50.10213480,14.39272351,310.69,25.6516,-0.119015,0.000000,0.748903
324,5.405,640.00,555.86,-0.157238,0.025771,0.081236,0.226476,0.550000,TURN LEFT,1,0,STREETVIEW_DB,streetview_0005.jpg,5,50.10213480,14.39272351,310.69,25.6516,-0.115858,0.000000,0.748903
330,5.506,640.00,556.71,-0.142507,0.012365,0.081454,0.227787,1.000000,TURN LEFT,1,1,STREETVIEW_DB,streetview_0005.jpg,5,50.10213480,14.39272351,310.69,25.6516,-0.109502,0.000000,0.748903
336,5.606,640.00,565.66,-0.126533,0.010373,0.079205,0.230115,1.000000,TURN LEFT,1,1,STREETVIEW_DB,streetview_0005.jpg,5,50.10213480,14.39272351,310.69,25.6516,-0.098219,0.000000,0.748903
342,5.706,640.00,577.54,-0.104210,0.006618,0.074295,0.233298,1.000000,TURN LEFT,1,1,STREETVIEW_DB,streetview_0005.jpg,5,50.10213480,14.39272351,310.69,25.6516,-0.082791,0.000000,0.748903
348,5.806,640.00,583.54,-0.086017,-0.002197,0.068508,0.235476,1.000000,TURN LEFT,1,1,STREETVIEW_DB,streetview_0005.jpg,5,50.10213480,14.39272351,310.69,25.6516,-0.072232,0.000000,0.748903
354,5.906,640.00,587.32,-0.075601,-0.006716,0.063013,0.236761,1.000000,GO STRAIGHT,1,1,STREETVIEW_DB,streetview_0005.jpg,5,50.10213480,14.39272351,310.69,25.6516,-0.066001,0.000000,0.748903
360,6.006,640.00,589.89,-0.065624,-0.012665,0.058326,0.237467,1.000000,GO STRAIGHT,1,1,STREETVIEW_DB,streetview_0005.jpg,5,50.10213480,14.39272351,310.69,27.5453,-0.060601,0.000000,0.782042
366,6.106,640.00,596.93,-0.053248,-0.014046,0.053014,0.239342,1.000000,GO STRAIGHT,1,1,STREETVIEW_DB,streetview_0005.jpg,5,50.10213480,14.39272351,310.69,27.5453,-0.051802,0.000000,0.782042
372,6.206,640.00,603.59,-0.043250,-0.013639,0.038170,0.250000,1.000000,GO STRAIGHT,1,1,STREETVIEW_DB,streetview_0005.jpg,5,50.10213480,14.39272351,310.69,27.5453,-0.044161,0.000000,0.782042
378,6.306,640.00,608.82,-0.037810,-0.010908,0.027482,0.250000,1.000000,GO STRAIGHT,1,1,STREETVIEW_DB,streetview_0005.jpg,5,50.10213480,14.39272351,310.69,27.5453,-0.039125,0.000000,0.782042
384,6.406,640.00,612.28,-0.028772,-0.014538,0.019787,0.250000,1.000000,GO STRAIGHT,1,1,STREETVIEW_DB,streetview_0005.jpg,5,50.10213480,14.39272351,310.69,27.5453,-0.033617,0.000000,0.782042
390,6.506,640.00,617.62,-0.023767,-0.011209,0.014247,0.250000,1.000000,GO STRAIGHT,1,1,STREETVIEW_DB,streetview_0005.jpg,5,50.10213480,14.39272351,310.69,27.5453,-0.028698,0.000000,0.782042
396,6.607,640.00,614.90,-0.021139,-0.018073,0.010258,0.250000,1.000000,GO STRAIGHT,1,1,STREETVIEW_DB,streetview_0005.jpg,5,50.10213480,14.39272351,310.69,27.5453,-0.029130,0.000000,0.782042
402,6.707,640.00,611.84,-0.013430,-0.030565,0.007386,0.250000,1.000000,GO STRAIGHT,1,1,STREETVIEW_DB,streetview_0005.jpg,5,50.10213480,14.39272351,310.69,27.5453,-0.027720,0.000000,0.782042
408,6.807,640.00,595.33,-0.067030,-0.002766,0.017744,0.237981,1.000000,GO STRAIGHT,1,1,STREETVIEW_DB,streetview_0005.jpg,5,50.10213480,14.39272351,310.69,27.5453,-0.058190,0.000000,0.782042
414,6.907,640.00,591.55,-0.076522,0.000818,0.026493,0.236731,1.000000,GO STRAIGHT,1,1,STREETVIEW_DB,streetview_0005.jpg,5,50.10213480,14.39272351,310.69,27.5453,-0.064055,0.000000,0.782042
420,7.007,640.00,592.48,-0.111728,0.037476,0.035782,0.233840,1.000000,TURN LEFT,1,1,STREETVIEW_DB,streetview_0005.jpg,5,50.10213480,14.39272351,310.69,27.5453,-0.077630,0.000000,0.782042
426,7.107,640.00,598.81,-0.085623,0.021269,0.039408,0.236802,1.000000,GO STRAIGHT,1,1,STREETVIEW_DB,streetview_0005.jpg,5,50.10213480,14.39272351,310.69,27.5453,-0.063723,0.000000,0.782042
432,7.207,640.00,606.73,-0.079082,0.027093,0.040489,0.238281,1.000000,GO STRAIGHT,1,1,STREETVIEW_DB,streetview_0005.jpg,5,50.10213480,14.39272351,310.69,27.5453,-0.056779,0.000000,0.782042
438,7.307,640.00,607.33,-0.074748,0.023704,0.040812,0.238721,1.000000,GO STRAIGHT,1,1,STREETVIEW_DB,streetview_0005.jpg,5,50.10213480,14.39272351,310.69,27.5453,-0.054714,0.000000,0.782042
444,7.407,640.00,606.83,-0.064783,0.012959,0.040228,0.239512,1.000000,GO STRAIGHT,1,1,STREETVIEW_DB,streetview_0005.jpg,5,50.10213480,14.39272351,310.69,27.5453,-0.051002,0.000000,0.782042
450,7.508,640.00,604.82,-0.060010,0.005041,0.039629,0.239684,1.000000,GO STRAIGHT,1,1,STREETVIEW_DB,streetview_0005.jpg,5,50.10213480,14.39272351,310.69,27.5453,-0.050193,0.000000,0.782042
456,7.608,640.00,611.83,-0.057656,0.013637,0.028533,0.250000,1.000000,GO STRAIGHT,1,1,STREETVIEW_DB,streetview_0005.jpg,5,50.10213480,14.39272351,310.69,27.5453,-0.045419,0.000000,0.782042
462,7.708,640.00,612.63,-0.054715,0.011956,0.020543,0.250000,1.000000,GO STRAIGHT,1,1,STREETVIEW_DB,streetview_0005.jpg,5,50.10213480,14.39272351,310.69,27.5453,-0.043801,0.000000,0.782042
468,7.808,640.00,611.59,-0.051108,0.006717,0.014791,0.250000,1.000000,GO STRAIGHT,1,1,STREETVIEW_DB,streetview_0005.jpg,5,50.10213480,14.39272351,310.69,27.5453,-0.042930,0.000000,0.782042
474,7.908,640.00,612.19,-0.041508,-0.001940,0.010650,0.250000,1.000000,GO STRAIGHT,1,1,STREETVIEW_DB,streetview_0005.jpg,5,50.10213480,14.39272351,310.69,27.5453,-0.038760,0.000000,0.782042
480,8.008,640.00,610.73,-0.035926,-0.009803,0.007668,0.250000,1.000000,GO STRAIGHT,1,1,STREETVIEW_DB,streetview_0005.jpg,5,50.10213480,14.39272351,310.69,20.6989,-0.037325,0.000000,0.662230
486,8.108,640.00,603.87,-0.030168,-0.026281,0.005521,0.250000,1.000000,GO STRAIGHT,1,1,STREETVIEW_DB,streetview_0005.jpg,5,50.10213480,14.39272351,310.69,20.6989,-0.038774,0.000000,0.662230
492,8.208,640.00,615.52,-0.021729,-0.016520,0.000000,0.250000,1.000000,GO STRAIGHT,1,1,STREETVIEW_DB,streetview_0005.jpg,5,50.10213480,14.39272351,310.69,20.6989,-0.029028,0.000000,0.662230
498,8.308,640.00,618.87,-0.031168,-0.001854,0.000000,0.250000,0.985357,GO STRAIGHT,1,1,STREETVIEW_DB,streetview_0005.jpg,5,50.10213480,14.39272351,310.69,20.6989,-0.030974,0.000000,0.662230
504,8.408,640.00,619.48,-0.045183,0.013115,0.000000,0.250000,1.000000,GO STRAIGHT,1,1,STREETVIEW_DB,streetview_0005.jpg,5,50.10213480,14.39272351,310.69,20.6989,-0.036246,0.000000,0.662230
510,8.508,640.00,609.71,-0.064137,0.016810,0.000000,0.250000,0.994852,GO STRAIGHT,1,1,STREETVIEW_DB,streetview_0005.jpg,5,50.10213480,14.39272351,310.69,20.6989,-0.049169,0.000000,0.662230
516,8.609,640.00,612.63,0.017791,-0.060564,0.000000,0.250000,0.971675,GO STRAIGHT,1,1,STREETVIEW_DB,streetview_0005.jpg,5,50.10213480,14.39272351,310.69,20.6989,-0.014804,0.000000,0.662230
522,8.709,640.00,621.37,0.061910,-0.091017,0.000000,0.250000,1.000000,GO STRAIGHT,1,1,STREETVIEW_DB,streetview_0005.jpg,5,50.10213480,14.39272351,310.69,20.6989,0.007627,0.000000,0.662230
528,8.809,640.00,621.39,0.097179,-0.126251,0.000000,0.250000,1.000000,GO STRAIGHT,1,1,STREETVIEW_DB,streetview_0005.jpg,5,50.10213480,14.39272351,310.69,20.6989,0.021747,0.000000,0.662230
534,8.909,640.00,627.39,0.133838,-0.153547,0.000000,0.250000,1.000000,GO STRAIGHT,1,1,STREETVIEW_DB,streetview_0005.jpg,5,50.10213480,14.39272351,310.69,20.6989,0.039688,0.000000,0.662230
540,9.009,640.00,606.84,0.059378,-0.111187,0.000000,0.250000,1.000000,GO STRAIGHT,1,1,STREETVIEW_DB,streetview_0005.jpg,5,50.10213480,14.39272351,310.69,20.6989,-0.001332,0.000000,0.662230
546,9.109,640.00,597.41,0.007969,-0.074513,0.000000,0.250000,0.981546,GO STRAIGHT,1,1,STREETVIEW_DB,streetview_0005.jpg,5,50.10213480,14.39272351,310.69,20.6989,-0.027052,0.000000,0.662230
552,9.209,640.00,611.08,0.060764,-0.105951,0.000000,0.250000,0.990079,GO STRAIGHT,1,1,STREETVIEW_DB,streetview_0005.jpg,5,50.10213480,14.39272351,310.69,20.6989,0.001540,0.000000,0.662230
558,9.309,640.00,599.30,0.009229,-0.072821,0.000000,0.250000,0.978144,GO STRAIGHT,1,1,STREETVIEW_DB,streetview_0005.jpg,5,50.10213480,14.39272351,310.69,20.6989,-0.025515,0.000000,0.662230
564,9.409,640.00,601.46,-0.025338,-0.034878,0.000000,0.250000,0.961237,GO STRAIGHT,1,1,STREETVIEW_DB,streetview_0005.jpg,5,50.10213480,14.39272351,310.69,20.6989,-0.038161,0.000000,0.662230
570,9.510,640.00,601.12,-0.042962,-0.017785,0.000000,0.250000,0.977322,GO STRAIGHT,1,1,STREETVIEW_DB,streetview_0005.jpg,5,50.10213480,14.39272351,310.69,20.6989,-0.045396,0.000000,0.662230
576,9.610,640.00,620.22,0.023664,-0.054572,0.000000,0.250000,1.000000,GO STRAIGHT,1,1,STREETVIEW_DB,streetview_0005.jpg,5,50.10213480,14.39272351,310.69,20.6989,-0.008302,0.000000,0.662230
582,9.710,640.00,632.43,0.085112,-0.096938,0.000000,0.250000,0.974096,GO STRAIGHT,1,1,STREETVIEW_DB,streetview_0005.jpg,5,50.10213480,14.39272351,310.69,20.6989,0.022956,0.000000,0.662230
588,9.810,640.00,618.20,0.022742,-0.056812,0.000000,0.250000,0.960231,GO STRAIGHT,1,1,STREETVIEW_DB,streetview_0005.jpg,5,50.10213480,14.39272351,310.69,20.6989,-0.009777,0.000000,0.662230
594,9.910,640.00,631.45,0.076047,-0.089408,0.000000,0.250000,0.979947,GO STRAIGHT,1,1,STREETVIEW_DB,streetview_0005.jpg,5,50.10213480,14.39272351,310.69,20.6989,0.018793,0.000000,0.662230
600,10.010,640.00,618.11,0.032718,-0.066917,0.000000,0.250000,0.960412,GO STRAIGHT,1,1,STREETVIEW_DB,streetview_0009.jpg,9,50.10225304,14.39250912,310.69,28.0372,-0.008289,0.000000,0.790650
606,10.110,640.00,605.61,-0.005098,-0.048634,0.000000,0.250000,0.968411,GO STRAIGHT,1,1,STREETVIEW_DB,streetview_0009.jpg,9,50.10225304,14.39250912,310.69,28.0372,-0.030252,0.000000,0.790650
612,10.210,640.00,619.08,0.045900,-0.078595,0.000000,0.250000,0.987249,GO STRAIGHT,1,1,STREETVIEW_DB,streetview_0009.jpg,9,50.10225304,14.39250912,310.69,28.0372,-0.002490,0.000000,0.790650
618,10.310,640.00,633.64,0.097434,-0.107372,0.000000,0.250000,0.998982,GO STRAIGHT,1,1,STREETVIEW_DB,streetview_0009.jpg,9,50.10225304,14.39250912,310.69,28.0372,0.026089,0.000000,0.790650
624,10.410,640.00,619.33,0.040750,-0.073043,0.000000,0.250000,0.963000,GO STRAIGHT,1,1,STREETVIEW_DB,streetview_0009.jpg,9,50.10225304,14.39250912,310.69,28.0372,-0.004409,0.000000,0.790650
630,10.511,640.00,612.69,0.012745,-0.055422,0.000000,0.250000,0.957269,GO STRAIGHT,1,1,STREETVIEW_DB,streetview_0009.jpg,9,50.10225304,14.39250912,310.69,28.0372,-0.019246,0.000000,0.790650
636,10.611,640.00,629.12,0.080813,-0.097808,0.000000,0.250000,0.977248,GO STRAIGHT,1,1,STREETVIEW_DB,streetview_0009.jpg,9,50.10225304,14.39250912,310.69,28.0372,0.016970,0.000000,0.790650
642,10.711,640.00,637.41,0.129028,-0.133069,0.000000,0.250000,0.984623,GO STRAIGHT,1,1,STREETVIEW_DB,streetview_0009.jpg,9,50.10225304,14.39250912,310.69,28.0372,0.040790,0.000000,0.790650
648,10.811,640.00,625.50,0.054539,-0.077200,0.000000,0.250000,0.967624,GO STRAIGHT,1,1,STREETVIEW_DB,streetview_0009.jpg,9,50.10225304,14.39250912,310.69,28.0372,0.004478,0.000000,0.790650
654,10.911,640.00,614.03,0.008557,-0.049142,0.000000,0.250000,0.971027,GO STRAIGHT,1,1,STREETVIEW_DB,streetview_0009.jpg,9,50.10225304,14.39250912,310.69,28.0372,-0.020189,0.000000,0.790650
660,11.011,640.00,605.46,-0.024691,-0.029280,0.000000,0.250000,0.982642,GO STRAIGHT,1,1,STREETVIEW_DB,streetview_0009.jpg,9,50.10225304,14.39250912,310.69,28.0372,-0.038173,0.000000,0.790650
666,11.111,640.00,596.96,-0.046001,-0.021245,0.010873,0.239483,0.982462,GO STRAIGHT,1,1,STREETVIEW_DB,streetview_0009.jpg,9,50.10225304,14.39250912,310.69,28.0372,-0.051343,0.000000,0.790650
672,11.211,640.00,611.23,0.026092,-0.071050,0.007829,0.250000,1.000000,GO STRAIGHT,1,1,STREETVIEW_DB,streetview_0009.jpg,9,50.10225304,14.39250912,310.69,28.0372,-0.014705,0.000000,0.790650
678,11.311,640.00,596.89,-0.012912,-0.054451,0.005637,0.250000,0.970838,GO STRAIGHT,1,1,STREETVIEW_DB,streetview_0009.jpg,9,50.10225304,14.39250912,310.69,28.0372,-0.038148,0.000000,0.790650
684,11.411,640.00,607.46,0.058372,-0.109217,0.000000,0.250000,1.000000,GO STRAIGHT,1,1,STREETVIEW_DB,streetview_0009.jpg,9,50.10225304,14.39250912,310.69,28.0372,-0.003854,0.000000,0.790650
690,11.511,640.00,621.50,0.088187,-0.117095,0.000000,0.250000,1.000000,GO STRAIGHT,1,1,STREETVIEW_DB,streetview_0009.jpg,9,50.10225304,14.39250912,310.69,28.0372,0.015750,0.000000,0.790650
696,11.612,640.00,608.53,0.028578,-0.077756,0.000000,0.250000,0.980213,GO STRAIGHT,1,1,STREETVIEW_DB,streetview_0009.jpg,9,50.10225304,14.39250912,310.69,28.0372,-0.015188,0.000000,0.790650
702,11.712,640.00,604.24,-0.013460,-0.042412,0.000000,0.250000,0.971512,GO STRAIGHT,1,1,STREETVIEW_DB,streetview_0009.jpg,9,50.10225304,14.39250912,310.69,28.0372,-0.034345,0.000000,0.790650
708,11.812,640.00,601.23,-0.049642,-0.010932,0.010678,0.239671,0.994065,GO STRAIGHT,1,1,STREETVIEW_DB,streetview_0009.jpg,9,50.10225304,14.39250912,310.69,28.0372,-0.050464,0.000000,0.790650
714,11.912,640.00,596.70,-0.069510,0.001856,0.020681,0.237432,0.981579,GO STRAIGHT,1,1,STREETVIEW_DB,streetview_0009.jpg,9,50.10225304,14.39250912,310.69,28.0372,-0.060889,0.000000,0.790650
720,12.012,640.00,593.63,-0.084188,0.011739,0.030250,0.235143,1.000000,TURN LEFT,1,1,STREETVIEW_DB,streetview_0009.jpg,9,50.10225304,14.39250912,310.69,30.7829,-0.068439,0.000000,0.838701
726,12.112,640.00,592.75,-0.098009,0.024174,0.038536,0.233793,1.000000,TURN LEFT,1,1,STREETVIEW_DB,streetview_0009.jpg,9,50.10225304,14.39250912,310.69,30.7829,-0.074452,0.000000,0.838701
732,12.212,640.00,591.30,-0.104571,0.028483,0.045294,0.233027,1.000000,TURN LEFT,1,1,STREETVIEW_DB,streetview_0009.jpg,9,50.10225304,14.39250912,310.69,30.7829,-0.077865,0.000000,0.838701
738,12.312,640.00,590.61,-0.108445,0.031278,0.050607,0.232594,1.000000,TURN LEFT,1,1,STREETVIEW_DB,streetview_0009.jpg,9,50.10225304,14.39250912,310.69,30.7829,-0.079793,0.000000,0.838701
744,12.412,640.00,584.64,-0.107357,0.020852,0.055090,0.231958,1.000000,TURN LEFT,1,1,STREETVIEW_DB,streetview_0009.jpg,9,50.10225304,14.39250912,310.69,30.7829,-0.082627,0.000000,0.838701
750,12.513,640.00,593.79,-0.115246,0.043039,0.057889,0.232373,1.000000,TURN LEFT,1,1,STREETVIEW_DB,streetview_0009.jpg,9,50.10225304,14.39250912,310.69,30.7829,-0.080778,0.000000,0.838701
756,12.613,640.00,600.63,-0.128168,0.066653,0.060235,0.232052,1.000000,TURN LEFT,1,1,STREETVIEW_DB,streetview_0009.jpg,9,50.10225304,14.39250912,310.69,30.7829,-0.082204,0.000000,0.838701
762,12.713,640.00,603.15,-0.121488,0.063912,0.060984,0.232962,1.000000,TURN LEFT,1,1,STREETVIEW_DB,streetview_0009.jpg,9,50.10225304,14.39250912,310.69,30.7829,-0.078154,0.000000,0.838701
768,12.813,640.00,608.32,-0.125037,0.075541,0.061196,0.233278,1.000000,TURN LEFT,1,1,STREETVIEW_DB,streetview_0009.jpg,9,50.10225304,14.39250912,310.69,30.7829,-0.076745,0.000000,0.838701
774,12.913,640.00,607.27,-0.124782,0.073642,0.061459,0.233172,1.000000,TURN LEFT,1,1,STREETVIEW_DB,streetview_0009.jpg,9,50.10225304,14.39250912,310.69,30.7829,-0.077218,0.000000,0.838701
780,13.013,640.00,613.87,-0.066498,0.025677,0.055398,0.239217,1.000000,GO STRAIGHT,1,1,STREETVIEW_DB,streetview_0009.jpg,9,50.10225304,14.39250912,310.69,30.7829,-0.050294,0.000000,0.838701
786,13.113,640.00,611.19,-0.078304,0.033285,0.052472,0.237827,1.000000,GO STRAIGHT,1,1,STREETVIEW_DB,streetview_0009.jpg,9,50.10225304,14.39250912,310.69,30.7829,-0.056485,0.000000,0.838701
792,13.213,640.00,606.89,-0.086990,0.035248,0.051717,0.236519,1.000000,GO STRAIGHT,1,1,STREETVIEW_DB,streetview_0009.jpg,9,50.10225304,14.39250912,310.69,30.7829,-0.062312,0.000000,0.838701
798,13.313,640.00,611.57,-0.098988,0.054566,0.051693,0.236016,1.000000,TURN LEFT,1,1,STREETVIEW_DB,streetview_0009.jpg,9,50.10225304,14.39250912,310.69,30.7829,-0.064549,0.000000,0.838701
804,13.413,640.00,613.36,-0.101566,0.059935,0.051689,0.236004,1.000000,TURN LEFT,1,1,STREETVIEW_DB,streetview_0009.jpg,9,50.10225304,14.39250912,310.69,30.7829,-0.064604,0.000000,0.838701
810,13.514,640.00,613.01,-0.102948,0.060779,0.051857,0.235838,1.000000,TURN LEFT,1,1,STREETVIEW_DB,streetview_0009.jpg,9,50.10225304,14.39250912,310.69,30.7829,-0.065345,0.000000,0.838701
816,13.614,640.00,618.82,-0.109087,0.075991,0.051812,0.235999,1.000000,TURN LEFT,1,1,STREETVIEW_DB,streetview_0009.jpg,9,50.10225304,14.39250912,310.69,30.7829,-0.064625,0.000000,0.838701
822,13.714,640.00,621.16,-0.114868,0.085433,0.052018,0.235768,1.000000,TURN LEFT,1,1,STREETVIEW_DB,streetview_0009.jpg,9,50.10225304,14.39250912,310.69,30.7829,-0.065656,0.000000,0.838701
828,13.814,640.00,618.94,-0.116873,0.083974,0.052634,0.235316,1.000000,TURN LEFT,1,1,STREETVIEW_DB,streetview_0009.jpg,9,50.10225304,14.39250912,310.69,30.7829,-0.067670,0.000000,0.838701
834,13.914,640.00,617.76,-0.115741,0.080997,0.053123,0.235272,1.000000,TURN LEFT,1,1,STREETVIEW_DB,streetview_0009.jpg,9,50.10225304,14.39250912,310.69,30.7829,-0.067863,0.000000,0.838701
840,14.014,640.00,615.57,-0.113001,0.074823,0.053200,0.235538,1.000000,TURN LEFT,1,1,STREETVIEW_DB,streetview_0009.jpg,9,50.10225304,14.39250912,310.69,29.5854,-0.067969,0.000000,0.817745
846,14.114,640.00,615.81,-0.116010,0.078212,0.053499,0.235302,1.000000,TURN LEFT,1,1,STREETVIEW_DB,streetview_0009.jpg,9,50.10225304,14.39250912,310.69,29.5854,-0.069040,0.000000,0.817745
852,14.214,640.00,613.60,-0.116185,0.074928,0.054007,0.235020,1.000000,TURN LEFT,1,1,STREETVIEW_DB,streetview_0009.jpg,9,50.10225304,14.39250912,310.69,29.5854,-0.070320,0.000000,0.817745
858,14.314,640.00,615.48,-0.117268,0.078963,0.054235,0.235152,1.000000,TURN LEFT,1,1,STREETVIEW_DB,streetview_0009.jpg,9,50.10225304,14.39250912,310.69,29.5854,-0.069721,0.000000,0.817745
864,14.414,640.00,612.61,-0.116547,0.073746,0.054692,0.234869,1.000000,TURN LEFT,1,1,STREETVIEW_DB,streetview_0009.jpg,9,50.10225304,14.39250912,310.69,29.5854,-0.071006,0.000000,0.817745
870,14.514,640.00,605.59,-0.109175,0.055414,0.055224,0.234674,1.000000,TURN LEFT,1,1,STREETVIEW_DB,streetview_0009.jpg,9,50.10225304,14.39250912,310.69,29.5854,-0.071893,0.000000,0.817745
876,14.615,640.00,608.94,-0.111716,0.063178,0.055421,0.234852,1.000000,TURN LEFT,1,1,STREETVIEW_DB,streetview_0009.jpg,9,50.10225304,14.39250912,310.69,29.5854,-0.071081,0.000000,0.817745
882,14.715,640.00,612.04,-0.116699,0.073005,0.055632,0.234787,1.000000,TURN LEFT,1,1,STREETVIEW_DB,streetview_0009.jpg,9,50.10225304,14.39250912,310.69,29.5854,-0.071379,0.000000,0.817745
888,14.815,640.00,609.18,-0.108905,0.060746,0.055429,0.235129,1.000000,TURN LEFT,1,1,STREETVIEW_DB,streetview_0009.jpg,9,50.10225304,14.39250912,310.69,29.5854,-0.069824,0.000000,0.817745
894,14.915,640.00,611.38,-0.109984,0.065269,0.055107,0.235300,1.000000,TURN LEFT,1,1,STREETVIEW_DB,streetview_0009.jpg,9,50.10225304,14.39250912,310.69,29.5854,-0.069050,0.000000,0.817745
900,15.015,640.00,614.98,-0.108197,0.069107,0.054263,0.235891,1.000000,TURN LEFT,1,1,STREETVIEW_DB,streetview_0009.jpg,9,50.10225304,14.39250912,310.69,29.5854,-0.066366,0.000000,0.817745
906,15.115,640.00,616.47,-0.110070,0.073300,0.053642,0.235905,1.000000,TURN LEFT,1,1,STREETVIEW_DB,streetview_0009.jpg,9,50.10225304,14.39250912,310.69,29.5854,-0.066304,0.000000,0.817745
912,15.215,640.00,614.41,-0.110873,0.070886,0.053524,0.235586,1.000000,TURN LEFT,1,1,STREETVIEW_DB,streetview_0009.jpg,9,50.10225304,14.39250912,310.69,29.5854,-0.067751,0.000000,0.817745
918,15.315,640.00,611.61,-0.108795,0.064436,0.053599,0.235432,1.000000,TURN LEFT,1,1,STREETVIEW_DB,streetview_0009.jpg,9,50.10225304,14.39250912,310.69,29.5854,-0.068450,0.000000,0.817745
924,15.415,640.00,603.69,-0.096687,0.039945,0.053536,0.235544,1.000000,TURN LEFT,1,1,STREETVIEW_DB,streetview_0009.jpg,9,50.10225304,14.39250912,310.69,29.5854,-0.067941,0.000000,0.817745
930,15.515,640.00,600.61,-0.093458,0.031912,0.053580,0.235458,1.000000,TURN LEFT,1,1,STREETVIEW_DB,streetview_0009.jpg,9,50.10225304,14.39250912,310.69,29.5854,-0.068331,0.000000,0.817745
936,15.616,640.00,596.43,-0.096999,0.028919,0.054455,0.234642,1.000000,TURN LEFT,1,1,STREETVIEW_DB,streetview_0009.jpg,9,50.10225304,14.39250912,310.69,29.5854,-0.072034,0.000000,0.817745
942,15.716,640.00,593.88,-0.098438,0.026383,0.055533,0.234209,1.000000,TURN LEFT,1,1,STREETVIEW_DB,streetview_0009.jpg,9,50.10225304,14.39250912,310.69,29.5854,-0.074001,0.000000,0.817745
948,15.816,640.00,596.01,-0.107373,0.038638,0.056858,0.233678,1.000000,TURN LEFT,1,1,STREETVIEW_DB,streetview_0009.jpg,9,50.10225304,14.39250912,310.69,29.5854,-0.076413,0.000000,0.817745
954,15.916,640.00,596.57,-0.121490,0.053629,0.059028,0.232502,1.000000,TURN LEFT,1,1,STREETVIEW_DB,streetview_0009.jpg,9,50.10225304,14.39250912,310.69,29.5854,-0.081754,0.000000,0.817745
960,16.016,640.00,591.71,-0.137183,0.061736,0.062771,0.230393,1.000000,TURN LEFT,1,1,STREETVIEW_DB,streetview_0009.jpg,9,50.10225304,14.39250912,310.69,30.0231,-0.090686,0.000000,0.825404
966,16.116,640.00,593.05,-0.157911,0.084550,0.067200,0.228716,1.000000,TURN LEFT,1,1,STREETVIEW_DB,streetview_0009.jpg,9,50.10225304,14.39250912,310.69,30.0231,-0.098248,0.000000,0.825404
972,16.216,640.00,591.28,-0.149687,0.073555,0.069857,0.229230,1.000000,TURN LEFT,1,1,STREETVIEW_DB,streetview_0009.jpg,9,50.10225304,14.39250912,310.69,30.0231,-0.095928,0.000000,0.825404
978,16.316,640.00,588.40,-0.169296,0.088679,0.073929,0.227142,1.000000,TURN LEFT,1,1,STREETVIEW_DB,streetview_0009.jpg,9,50.10225304,14.39250912,310.69,30.0231,-0.105341,0.000000,0.825404
984,16.416,640.00,586.00,-0.181886,0.097515,0.078316,0.225733,1.000000,TURN LEFT,1,1,STREETVIEW_DB,streetview_0009.jpg,9,50.10225304,14.39250912,310.69,30.0231,-0.111691,0.000000,0.825404
990,16.517,640.00,589.72,-0.174252,0.095684,0.080310,0.226861,1.000000,TURN LEFT,1,1,STREETVIEW_DB,streetview_0009.jpg,9,50.10225304,14.39250912,310.69,30.0231,-0.106606,0.000000,0.825404
996,16.617,640.00,589.66,-0.161942,0.083291,0.080622,0.227947,1.000000,TURN LEFT,1,1,STREETVIEW_DB,streetview_0009.jpg,9,50.10225304,14.39250912,310.69,30.0231,-0.101711,0.000000,0.825404
1002,16.717,640.00,588.16,-0.175359,0.094352,0.082267,0.226574,1.000000,TURN LEFT,1,1,STREETVIEW_DB,streetview_0009.jpg,9,50.10225304,14.39250912,310.69,30.0231,-0.107903,0.000000,0.825404
1008,16.817,640.00,592.89,-0.153193,0.079583,0.080824,0.229115,1.000000,TURN LEFT,1,1,STREETVIEW_DB,streetview_0009.jpg,9,50.10225304,14.39250912,310.69,30.0231,-0.096448,0.000000,0.825404
1014,16.917,640.00,595.67,-0.145875,0.076612,0.078765,0.230102,1.000000,TURN LEFT,1,1,STREETVIEW_DB,streetview_0009.jpg,9,50.10225304,14.39250912,310.69,30.0231,-0.091999,0.000000,0.825404
1020,17.017,640.00,599.04,-0.137522,0.073517,0.076094,0.231251,1.000000,TURN LEFT,1,1,STREETVIEW_DB,streetview_0009.jpg,9,50.10225304,14.39250912,310.69,30.0231,-0.086817,0.000000,0.825404
1026,17.117,640.00,598.26,-0.129922,0.064709,0.073571,0.231832,1.000000,TURN LEFT,1,1,STREETVIEW_DB,streetview_0009.jpg,9,50.10225304,14.39250912,310.69,30.0231,-0.084200,0.000000,0.825404
1032,17.217,640.00,600.53,-0.117941,0.056262,0.070372,0.233169,0.999376,TURN LEFT,1,1,STREETVIEW_DB,streetview_0009.jpg,9,50.10225304,14.39250912,310.69,30.0231,-0.078170,0.000000,0.825404
1038,17.317,640.00,602.75,-0.108287,0.050080,0.066904,0.234295,1.000000,TURN LEFT,1,1,STREETVIEW_DB,streetview_0009.jpg,9,50.10225304,14.39250912,310.69,30.0231,-0.073094,0.000000,0.825404
1044,17.417,640.00,603.63,-0.106599,0.049765,0.064142,0.234552,1.000000,TURN LEFT,1,1,STREETVIEW_DB,streetview_0009.jpg,9,50.10225304,14.39250912,310.69,30.0231,-0.071938,0.000000,0.825404
1050,17.518,640.00,600.83,-0.110717,0.049514,0.062882,0.233847,1.000000,TURN LEFT,1,1,STREETVIEW_DB,streetview_0009.jpg,9,50.10225304,14.39250912,310.69,30.0231,-0.075114,0.000000,0.825404
1056,17.618,640.00,603.08,-0.105753,0.048072,0.061236,0.234561,1.000000,TURN LEFT,1,1,STREETVIEW_DB,streetview_0009.jpg,9,50.10225304,14.39250912,310.69,30.0231,-0.071896,0.000000,0.825404
1062,17.718,640.00,598.96,-0.084546,0.020426,0.058623,0.235943,0.988906,TURN LEFT,1,1,STREETVIEW_DB,streetview_0009.jpg,9,50.10225304,14.39250912,310.69,30.0231,-0.065667,0.000000,0.825404
1068,17.818,640.00,627.09,0.012908,-0.033077,0.042209,0.250000,1.000000,GO STRAIGHT,1,1,STREETVIEW_DB,streetview_0009.jpg,9,50.10225304,14.39250912,310.69,30.0231,-0.011303,0.000000,0.825404
1074,17.918,640.00,642.68,0.076413,-0.072229,0.030390,0.250000,1.000000,GO STRAIGHT,1,1,STREETVIEW_DB,streetview_0009.jpg,9,50.10225304,14.39250912,310.69,30.0231,0.022623,0.000000,0.825404
1080,18.018,640.00,628.15,-0.001128,-0.017381,0.021881,0.250000,1.000000,GO STRAIGHT,1,1,STREETVIEW_DB,streetview_0009.jpg,9,50.10225304,14.39250912,310.69,30.0185,-0.016336,0.000000,0.825324
1086,18.118,640.00,612.63,-0.056810,0.014041,0.026028,0.240062,1.000000,GO STRAIGHT,1,1,STREETVIEW_DB,streetview_0009.jpg,9,50.10225304,14.39250912,310.69,30.0185,-0.047099,0.000000,0.825324
1092,18.218,640.00,599.79,-0.066828,0.004005,0.031543,0.237617,0.995686,GO STRAIGHT,1,1,STREETVIEW_DB,streetview_0009.jpg,9,50.10225304,14.39250912,310.69,30.0185,-0.058125,0.000000,0.825324
1098,18.318,640.00,617.20,0.008699,-0.044319,0.022711,0.250000,1.000000,GO STRAIGHT,1,1,STREETVIEW_DB,streetview_0009.jpg,9,50.10225304,14.39250912,310.69,30.0185,-0.018394,0.000000,0.825324
1104,18.418,640.00,630.43,0.065175,-0.080124,0.016352,0.250000,1.000000,GO STRAIGHT,1,1,STREETVIEW_DB,streetview_0009.jpg,9,50.10225304,14.39250912,310.69,30.0185,0.011431,0.000000,0.825324
1110,18.518,640.00,640.44,0.099840,-0.099147,0.011773,0.250000,1.000000,GO STRAIGHT,1,1,STREETVIEW_DB,streetview_0009.jpg,9,50.10225304,14.39250912,310.69,30.0185,0.030772,0.000000,0.825324
1116,18.619,640.00,625.18,0.021507,-0.044661,0.008477,0.250000,0.999627,GO STRAIGHT,1,1,STREETVIEW_DB,streetview_0009.jpg,9,50.10225304,14.39250912,310.69,30.0185,-0.008908,0.000000,0.825324
1122,18.719,640.00,630.57,0.069152,-0.083888,0.006103,0.250000,1.000000,GO STRAIGHT,1,1,STREETVIEW_DB,streetview_0009.jpg,9,50.10225304,14.39250912,310.69,30.0185,0.013096,0.000000,0.825324
1128,18.819,640.00,635.51,0.097063,-0.104079,0.000000,0.250000,1.000000,GO STRAIGHT,1,1,STREETVIEW_DB,streetview_0009.jpg,9,50.10225304,14.39250912,310.69,30.0185,0.026963,0.000000,0.825324
1134,18.919,640.00,636.70,0.119853,-0.125014,0.000000,0.250000,1.000000,GO STRAIGHT,1,1,STREETVIEW_DB,streetview_0009.jpg,9,50.10225304,14.39250912,310.69,30.0185,0.036728,0.000000,0.825324
1140,19.019,640.00,637.10,0.127369,-0.131905,0.000000,0.250000,1.000000,GO STRAIGHT,1,1,STREETVIEW_DB,streetview_0009.jpg,9,50.10225304,14.39250912,310.69,30.0185,0.039953,0.000000,0.825324
1146,19.119,640.00,636.87,0.120276,-0.125171,0.000000,0.250000,1.000000,GO STRAIGHT,1,1,STREETVIEW_DB,streetview_0009.jpg,9,50.10225304,14.39250912,310.69,30.0185,0.036991,0.000000,0.825324
1152,19.219,640.00,636.20,0.128485,-0.134419,0.000000,0.250000,1.000000,GO STRAIGHT,1,1,STREETVIEW_DB,streetview_0009.jpg,9,50.10225304,14.39250912,310.69,30.0185,0.039910,0.000000,0.825324
1158,19.319,640.00,632.14,0.126291,-0.138575,0.000000,0.250000,1.000000,GO STRAIGHT,1,1,STREETVIEW_DB,streetview_0009.jpg,9,50.10225304,14.39250912,310.69,30.0185,0.036810,0.000000,0.825324
1164,19.419,640.00,636.42,0.115421,-0.121021,0.000000,0.250000,1.000000,GO STRAIGHT,1,1,STREETVIEW_DB,streetview_0009.jpg,9,50.10225304,14.39250912,310.69,30.0185,0.034802,0.000000,0.825324
1170,19.520,640.00,601.98,-0.014968,-0.044443,0.000000,0.250000,1.000000,GO STRAIGHT,1,1,STREETVIEW_DB,streetview_0009.jpg,9,50.10225304,14.39250912,310.69,30.0185,-0.036188,0.000000,0.825324
1176,19.620,640.00,606.37,-0.027785,-0.024768,0.000000,0.250000,0.550000,GO STRAIGHT,1,0,STREETVIEW_DB,streetview_0009.jpg,9,50.10225304,14.39250912,310.69,30.0185,-0.038914,0.000000,0.825324
1182,19.720,640.00,582.75,-0.081722,-0.007728,0.016306,0.234228,1.000000,TURN LEFT,1,1,STREETVIEW_DB,streetview_0009.jpg,9,50.10225304,14.39250912,310.69,30.0185,-0.073403,0.000000,0.825324
1188,19.820,640.00,596.66,-0.028312,-0.039400,0.011740,0.250000,1.000000,GO STRAIGHT,1,1,STREETVIEW_DB,streetview_0009.jpg,9,50.10225304,14.39250912,310.69,30.0185,-0.044431,0.000000,0.825324
1194,19.920,640.00,610.36,0.015162,-0.061478,0.008453,0.250000,1.000000,GO STRAIGHT,1,1,STREETVIEW_DB,streetview_0009.jpg,9,50.10225304,14.39250912,310.69,30.0185,-0.019553,0.000000,0.825324
1200,20.020,640.00,619.49,0.034793,-0.066834,0.006086,0.250000,1.000000,GO STRAIGHT,1,1,STREETVIEW_DB,streetview_0009.jpg,9,50.10225304,14.39250912,310.69,27.9595,-0.006704,0.000000,0.789291
1206,20.120,640.00,594.40,-0.046612,-0.024634,0.015605,0.239144,1.000000,GO STRAIGHT,1,1,STREETVIEW_DB,streetview_0009.jpg,9,50.10225304,14.39250912,310.69,27.9595,-0.052988,0.000000,0.789291
1212,20.220,640.00,600.86,0.004894,-0.066044,0.011236,0.250000,1.000000,GO STRAIGHT,1,1,STREETVIEW_DB,streetview_0009.jpg,9,50.10225304,14.39250912,310.69,27.9595,-0.028851,0.000000,0.789291
1218,20.320,640.00,606.99,0.038144,-0.089718,0.008090,0.250000,1.000000,GO STRAIGHT,1,1,STREETVIEW_DB,streetview_0009.jpg,9,50.10225304,14.39250912,310.69,27.9595,-0.012200,0.000000,0.789291
1224,20.420,640.00,609.88,0.059495,-0.106552,0.005825,0.250000,1.000000,GO STRAIGHT,1,1,STREETVIEW_DB,streetview_0009.jpg,9,50.10225304,14.39250912,310.69,27.9595,-0.002078,0.000000,0.789291
1230,20.521,640.00,606.32,0.081056,-0.133675,0.000000,0.250000,1.000000,GO STRAIGHT,1,1,STREETVIEW_DB,streetview_0009.jpg,9,50.10225304,14.39250912,310.69,27.9595,0.004599,0.000000,0.789291
1236,20.621,640.00,605.28,0.096323,-0.150568,0.000000,0.250000,1.000000,GO STRAIGHT,1,1,STREETVIEW_DB,streetview_0009.jpg,9,50.10225304,14.39250912,310.69,27.9595,0.010137,0.000000,0.789291
1242,20.721,640.00,604.65,0.108734,-0.163962,0.000000,0.250000,1.000000,GO STRAIGHT,1,1,STREETVIEW_DB,streetview_0009.jpg,9,50.10225304,14.39250912,310.69,27.9595,0.014757,0.000000,0.789291
1248,20.821,640.00,611.69,0.088786,-0.133019,0.000000,0.250000,1.000000,GO STRAIGHT,1,1,STREETVIEW_DB,streetview_0009.jpg,9,50.10225304,14.39250912,310.69,27.9595,0.010626,0.000000,0.789291
1254,20.921,640.00,608.48,0.091763,-0.141012,0.000000,0.250000,1.000000,GO STRAIGHT,1,1,STREETVIEW_DB,streetview_0009.jpg,9,50.10225304,14.39250912,310.69,27.9595,0.010061,0.000000,0.789291
1260,21.021,640.00,612.56,0.068401,-0.111276,0.000000,0.250000,1.000000,GO STRAIGHT,1,1,STREETVIEW_DB,streetview_0009.jpg,9,50.10225304,14.39250912,310.69,27.9595,0.002947,0.000000,0.789291
1266,21.121,640.00,613.12,0.064100,-0.106105,0.000000,0.250000,1.000000,GO STRAIGHT,1,1,STREETVIEW_DB,streetview_0009.jpg,9,50.10225304,14.39250912,310.69,27.9595,0.001532,0.000000,0.789291
1272,21.221,640.00,615.62,0.048795,-0.086890,0.000000,0.250000,1.000000,GO STRAIGHT,1,1,STREETVIEW_DB,streetview_0009.jpg,9,50.10225304,14.39250912,310.69,27.9595,-0.003222,0.000000,0.789291
1278,21.321,640.00,616.62,0.033754,-0.070291,0.000000,0.250000,1.000000,GO STRAIGHT,1,1,STREETVIEW_DB,streetview_0009.jpg,9,50.10225304,14.39250912,310.69,27.9595,-0.008693,0.000000,0.789291
1284,21.421,640.00,613.59,0.048800,-0.090062,0.000000,0.250000,1.000000,GO STRAIGHT,1,1,STREETVIEW_DB,streetview_0009.jpg,9,50.10225304,14.39250912,310.69,27.9595,-0.004328,0.000000,0.789291
1290,21.521,640.00,612.93,0.029012,-0.071314,0.000000,0.250000,1.000000,GO STRAIGHT,1,1,STREETVIEW_DB,streetview_0009.jpg,9,50.10225304,14.39250912,310.69,27.9595,-0.012607,0.000000,0.789291
1296,21.622,640.00,615.49,0.032871,-0.071169,0.000000,0.250000,1.000000,GO STRAIGHT,1,1,STREETVIEW_DB,streetview_0009.jpg,9,50.10225304,14.39250912,310.69,27.9595,-0.009663,0.000000,0.789291
1302,21.722,640.00,616.26,0.031113,-0.068209,0.000000,0.250000,1.000000,GO STRAIGHT,1,1,STREETVIEW_DB,streetview_0009.jpg,9,50.10225304,14.39250912,310.69,27.9595,-0.009945,0.000000,0.789291
1308,21.822,640.00,621.06,0.037289,-0.066886,0.000000,0.250000,1.000000,GO STRAIGHT,1,1,STREETVIEW_DB,streetview_0009.jpg,9,50.10225304,14.39250912,310.69,27.9595,-0.004850,0.000000,0.789291
1314,21.922,640.00,627.03,0.037615,-0.057888,0.000000,0.250000,1.000000,GO STRAIGHT,1,1,STREETVIEW_DB,streetview_0009.jpg,9,50.10225304,14.39250912,310.69,27.9595,-0.001456,0.000000,0.789291
1320,22.022,640.00,625.84,0.034451,-0.056580,0.000000,0.250000,1.000000,GO STRAIGHT,1,1,STREETVIEW_DB,streetview_0009.jpg,9,50.10225304,14.39250912,310.69,25.7085,-0.003371,0.000000,0.749898
1326,22.122,640.00,624.45,0.019274,-0.043570,0.000000,0.250000,1.000000,GO STRAIGHT,1,1,STREETVIEW_DB,streetview_0009.jpg,9,50.10225304,14.39250912,310.69,25.7085,-0.010200,0.000000,0.749898
1332,22.222,640.00,624.22,0.028929,-0.053593,0.000000,0.250000,1.000000,GO STRAIGHT,1,1,STREETVIEW_DB,streetview_0009.jpg,9,50.10225304,14.39250912,310.69,25.7085,-0.006467,0.000000,0.749898
1338,22.322,640.00,624.52,0.025437,-0.049618,0.000000,0.250000,1.000000,GO STRAIGHT,1,1,STREETVIEW_DB,streetview_0009.jpg,9,50.10225304,14.39250912,310.69,25.7085,-0.007695,0.000000,0.749898
1344,22.422,640.00,620.21,0.015234,-0.046159,0.000000,0.250000,1.000000,GO STRAIGHT,1,1,STREETVIEW_DB,streetview_0009.jpg,9,50.10225304,14.39250912,310.69,25.7085,-0.014137,0.000000,0.749898
1350,22.523,640.00,624.92,0.017466,-0.041034,0.000000,0.250000,1.000000,GO STRAIGHT,1,1,STREETVIEW_DB,streetview_0009.jpg,9,50.10225304,14.39250912,310.69,25.7085,-0.010669,0.000000,0.749898
1356,22.623,640.00,621.02,0.021052,-0.050705,0.000000,0.250000,1.000000,GO STRAIGHT,1,1,STREETVIEW_DB,streetview_0009.jpg,9,50.10225304,14.39250912,310.69,25.7085,-0.011364,0.000000,0.749898
1362,22.723,640.00,619.97,0.025526,-0.056826,0.000000,0.250000,1.000000,GO STRAIGHT,1,1,STREETVIEW_DB,streetview_0009.jpg,9,50.10225304,14.39250912,310.69,25.7085,-0.010151,0.000000,0.749898
1368,22.823,640.00,616.40,0.036359,-0.073235,0.000000,0.250000,1.000000,GO STRAIGHT,1,1,STREETVIEW_DB,streetview_0009.jpg,9,50.10225304,14.39250912,310.69,25.7085,-0.007769,0.000000,0.749898
1374,22.923,640.00,612.31,0.038447,-0.081720,0.000000,0.250000,1.000000,GO STRAIGHT,1,1,STREETVIEW_DB,streetview_0009.jpg,9,50.10225304,14.39250912,310.69,25.7085,-0.009173,0.000000,0.749898
1380,23.023,640.00,609.77,0.047538,-0.094778,0.000000,0.250000,1.000000,GO STRAIGHT,1,1,STREETVIEW_DB,streetview_0009.jpg,9,50.10225304,14.39250912,310.69,25.7085,-0.006925,0.000000,0.749898
1386,23.123,640.00,602.31,0.061020,-0.119910,0.000000,0.250000,1.000000,GO STRAIGHT,1,1,STREETVIEW_DB,streetview_0009.jpg,9,50.10225304,14.39250912,310.69,25.7085,-0.005610,0.000000,0.749898
1392,23.223,640.00,601.88,0.039763,-0.099328,0.000000,0.250000,1.000000,GO STRAIGHT,1,1,STREETVIEW_DB,streetview_0009.jpg,9,50.10225304,14.39250912,310.69,25.7085,-0.014349,0.000000,0.749898
1398,23.323,640.00,597.55,0.049839,-0.116165,0.000000,0.250000,1.000000,GO STRAIGHT,1,1,STREETVIEW_DB,streetview_0009.jpg,9,50.10225304,14.39250912,310.69,25.7085,-0.012685,0.000000,0.749898
1404,23.423,640.00,600.58,0.044892,-0.106485,0.000000,0.250000,1.000000,GO STRAIGHT,1,1,STREETVIEW_DB,streetview_0009.jpg,9,50.10225304,14.39250912,310.69,25.7085,-0.013007,0.000000,0.749898
1410,23.524,640.00,599.56,0.044928,-0.108117,0.000000,0.250000,1.000000,GO STRAIGHT,1,1,STREETVIEW_DB,streetview_0009.jpg,9,50.10225304,14.39250912,310.69,25.7085,-0.013552,0.000000,0.749898
1416,23.624,640.00,603.66,0.023831,-0.080613,0.000000,0.250000,1.000000,GO STRAIGHT,1,1,STREETVIEW_DB,streetview_0009.jpg,9,50.10225304,14.39250912,310.69,25.7085,-0.019748,0.000000,0.749898
1422,23.724,640.00,604.96,0.013585,-0.068331,0.000000,0.250000,1.000000,GO STRAIGHT,1,1,STREETVIEW_DB,streetview_0009.jpg,9,50.10225304,14.39250912,310.69,25.7085,-0.023134,0.000000,0.749898
1428,23.824,640.00,612.51,0.002033,-0.044990,0.000000,0.250000,1.000000,GO STRAIGHT,1,1,STREETVIEW_DB,streetview_0009.jpg,9,50.10225304,14.39250912,310.69,25.7085,-0.023628,0.000000,0.749898
1434,23.924,640.00,618.23,-0.002995,-0.031023,0.000000,0.250000,1.000000,GO STRAIGHT,1,1,STREETVIEW_DB,streetview_0009.jpg,9,50.10225304,14.39250912,310.69,25.7085,-0.022511,0.000000,0.749898
1440,24.024,640.00,617.89,-0.024309,-0.010238,0.000000,0.250000,1.000000,GO STRAIGHT,1,1,STREETVIEW_DB,streetview_0013.jpg,13,50.10237129,14.39229473,310.69,26.3302,-0.040475,0.000000,0.760779
1446,24.124,640.00,615.68,-0.022079,-0.015914,0.000000,0.250000,1.000000,GO STRAIGHT,1,1,STREETVIEW_DB,streetview_0013.jpg,13,50.10237129,14.39229473,310.69,26.3302,-0.040790,0.000000,0.760779
1452,24.224,640.00,614.78,-0.016324,-0.023075,0.000000,0.250000,1.000000,GO STRAIGHT,1,1,STREETVIEW_DB,streetview_0013.jpg,13,50.10237129,14.39229473,310.69,26.3302,-0.038980,0.000000,0.760779
1458,24.324,640.00,613.55,-0.012169,-0.029161,0.000000,0.250000,1.000000,GO STRAIGHT,1,1,STREETVIEW_DB,streetview_0013.jpg,13,50.10237129,14.39229473,310.69,26.3302,-0.037993,0.000000,0.760779
1464,24.424,640.00,609.92,-0.017223,-0.029774,0.000000,0.250000,1.000000,GO STRAIGHT,1,1,STREETVIEW_DB,streetview_0013.jpg,13,50.10237129,14.39229473,310.69,26.3302,-0.041999,0.000000,0.760779
1470,24.524,640.00,602.89,-0.008114,-0.049876,0.000000,0.250000,1.000000,GO STRAIGHT,1,1,STREETVIEW_DB,streetview_0013.jpg,13,50.10237129,14.39229473,310.69,26.3302,-0.042202,0.000000,0.760779
1476,24.625,640.00,603.50,0.003426,-0.060462,0.000000,0.250000,1.000000,GO STRAIGHT,1,1,STREETVIEW_DB,streetview_0013.jpg,13,50.10237129,14.39229473,310.69,26.3302,-0.037253,0.000000,0.760779
1482,24.725,640.00,597.35,0.003488,-0.070129,0.000000,0.250000,1.000000,GO STRAIGHT,1,1,STREETVIEW_DB,streetview_0013.jpg,13,50.10237129,14.39229473,310.69,26.3302,-0.040589,0.000000,0.760779
1488,24.825,640.00,595.15,-0.011004,-0.059074,0.000000,0.250000,1.000000,GO STRAIGHT,1,1,STREETVIEW_DB,streetview_0013.jpg,13,50.10237129,14.39229473,310.69,26.3302,-0.047589,0.000000,0.760779
1494,24.925,640.00,591.25,0.004809,-0.080983,0.000000,0.250000,1.000000,GO STRAIGHT,1,1,STREETVIEW_DB,streetview_0013.jpg,13,50.10237129,14.39229473,310.69,26.3302,-0.043397,0.000000,0.760779
1500,25.025,640.00,593.19,0.009077,-0.082215,0.000000,0.250000,1.000000,GO STRAIGHT,1,1,STREETVIEW_DB,streetview_0013.jpg,13,50.10237129,14.39229473,310.69,26.3302,-0.040628,0.000000,0.760779
1506,25.125,640.00,594.65,0.022296,-0.093152,0.000000,0.250000,1.000000,GO STRAIGHT,1,1,STREETVIEW_DB,streetview_0013.jpg,13,50.10237129,14.39229473,310.69,26.3302,-0.034541,0.000000,0.760779
1512,25.225,640.00,594.72,0.015521,-0.086265,0.000000,0.250000,1.000000,GO STRAIGHT,1,1,STREETVIEW_DB,streetview_0013.jpg,13,50.10237129,14.39229473,310.69,26.3302,-0.037212,0.000000,0.760779
1518,25.325,640.00,594.19,0.039612,-0.111192,0.000000,0.250000,1.000000,GO STRAIGHT,1,1,STREETVIEW_DB,streetview_0013.jpg,13,50.10237129,14.39229473,310.69,26.3302,-0.027869,0.000000,0.760779
1524,25.425,640.00,592.74,0.053437,-0.127279,0.000000,0.250000,1.000000,GO STRAIGHT,1,1,STREETVIEW_DB,streetview_0013.jpg,13,50.10237129,14.39229473,310.69,26.3302,-0.023130,0.000000,0.760779
1530,25.526,640.00,595.82,0.028588,-0.097616,0.000000,0.250000,1.000000,GO STRAIGHT,1,1,STREETVIEW_DB,streetview_0013.jpg,13,50.10237129,14.39229473,310.69,26.3302,-0.031385,0.000000,0.760779
1536,25.626,640.00,591.76,0.036813,-0.112196,0.000000,0.250000,1.000000,GO STRAIGHT,1,1,STREETVIEW_DB,streetview_0013.jpg,13,50.10237129,14.39229473,310.69,26.3302,-0.030319,0.000000,0.760779
1542,25.726,640.00,586.25,0.049730,-0.133710,0.000000,0.250000,1.000000,GO STRAIGHT,1,1,STREETVIEW_DB,streetview_0013.jpg,13,50.10237129,14.39229473,310.69,26.3302,-0.028162,0.000000,0.760779
1548,25.826,640.00,586.18,0.002484,-0.086576,0.000000,0.250000,1.000000,GO STRAIGHT,1,1,STREETVIEW_DB,streetview_0013.jpg,13,50.10237129,14.39229473,310.69,26.3302,-0.047099,0.000000,0.760779
1554,25.926,640.00,586.82,0.018432,-0.101530,0.000000,0.250000,1.000000,GO STRAIGHT,1,1,STREETVIEW_DB,streetview_0013.jpg,13,50.10237129,14.39229473,310.69,26.3302,-0.040371,0.000000,0.760779
1560,26.026,640.00,583.95,0.029800,-0.117379,0.000000,0.250000,1.000000,GO STRAIGHT,1,1,STREETVIEW_DB,streetview_0013.jpg,13,50.10237129,14.39229473,310.69,28.3288,-0.037393,0.000000,0.795754
1566,26.126,640.00,579.47,0.042968,-0.137541,0.000000,0.250000,1.000000,GO STRAIGHT,1,1,STREETVIEW_DB,streetview_0013.jpg,13,50.10237129,14.39229473,310.69,28.3288,-0.034573,0.000000,0.795754
1572,26.226,640.00,585.80,0.040334,-0.125024,0.000000,0.250000,1.000000,GO STRAIGHT,1,1,STREETVIEW_DB,streetview_0013.jpg,13,50.10237129,14.39229473,310.69,28.3288,-0.032169,0.000000,0.795754
1578,26.326,640.00,587.78,0.034347,-0.115940,0.000000,0.250000,1.000000,GO STRAIGHT,1,1,STREETVIEW_DB,streetview_0013.jpg,13,50.10237129,14.39229473,310.69,28.3288,-0.033479,0.000000,0.795754
1584,26.426,640.00,583.52,0.044847,-0.133100,0.000000,0.250000,1.000000,GO STRAIGHT,1,1,STREETVIEW_DB,streetview_0013.jpg,13,50.10237129,14.39229473,310.69,28.3288,-0.031610,0.000000,0.795754
1590,26.527,640.00,580.49,0.054658,-0.147643,0.000000,0.250000,1.000000,GO STRAIGHT,1,1,STREETVIEW_DB,streetview_0013.jpg,13,50.10237129,14.39229473,310.69,28.3288,-0.029342,0.000000,0.795754
1596,26.627,640.00,581.76,0.054269,-0.145276,0.000000,0.250000,1.000000,GO STRAIGHT,1,1,STREETVIEW_DB,streetview_0013.jpg,13,50.10237129,14.39229473,310.69,28.3288,-0.028805,0.000000,0.795754
1602,26.727,640.00,580.03,0.056934,-0.150644,0.000000,0.250000,1.000000,GO STRAIGHT,1,1,STREETVIEW_DB,streetview_0013.jpg,13,50.10237129,14.39229473,310.69,28.3288,-0.028686,0.000000,0.795754
1608,26.827,640.00,579.97,0.054930,-0.148731,0.000000,0.250000,1.000000,GO STRAIGHT,1,1,STREETVIEW_DB,streetview_0013.jpg,13,50.10237129,14.39229473,310.69,28.3288,-0.029519,0.000000,0.795754
1614,26.927,640.00,578.28,0.059459,-0.155892,0.000000,0.250000,1.000000,GO STRAIGHT,1,1,STREETVIEW_DB,streetview_0013.jpg,13,50.10237129,14.39229473,310.69,28.3288,-0.028628,0.000000,0.795754
1620,27.027,640.00,578.43,0.055626,-0.151828,0.000000,0.250000,1.000000,GO STRAIGHT,1,1,STREETVIEW_DB,streetview_0013.jpg,13,50.10237129,14.39229473,310.69,28.3288,-0.030081,0.000000,0.795754
1626,27.127,640.00,577.81,0.057065,-0.154234,0.000000,0.250000,1.000000,GO STRAIGHT,1,1,STREETVIEW_DB,streetview_0013.jpg,13,50.10237129,14.39229473,310.69,28.3288,-0.029844,0.000000,0.795754
1632,27.227,640.00,576.39,0.057836,-0.157223,0.000000,0.250000,1.000000,GO STRAIGHT,1,1,STREETVIEW_DB,streetview_0013.jpg,13,50.10237129,14.39229473,310.69,28.3288,-0.030312,0.000000,0.795754
1638,27.327,640.00,574.69,0.050608,-0.152661,0.000000,0.250000,1.000000,GO STRAIGHT,1,1,STREETVIEW_DB,streetview_0013.jpg,13,50.10237129,14.39229473,310.69,28.3288,-0.034135,0.000000,0.795754
1644,27.427,640.00,575.55,0.043187,-0.143895,0.000000,0.250000,1.000000,GO STRAIGHT,1,1,STREETVIEW_DB,streetview_0013.jpg,13,50.10237129,14.39229473,310.69,28.3288,-0.036633,0.000000,0.795754
1650,27.527,640.00,575.32,0.043816,-0.144885,0.000000,0.250000,1.000000,GO STRAIGHT,1,1,STREETVIEW_DB,streetview_0013.jpg,13,50.10237129,14.39229473,310.69,28.3288,-0.036508,0.000000,0.795754
1656,27.628,640.00,577.92,0.047540,-0.144535,0.000000,0.250000,1.000000,GO STRAIGHT,1,1,STREETVIEW_DB,streetview_0013.jpg,13,50.10237129,14.39229473,310.69,28.3288,-0.033593,0.000000,0.795754
1662,27.728,640.00,580.86,0.039599,-0.132002,0.000000,0.250000,1.000000,GO STRAIGHT,1,1,STREETVIEW_DB,streetview_0013.jpg,13,50.10237129,14.39229473,310.69,28.3288,-0.035162,0.000000,0.795754
1668,27.828,640.00,586.03,0.002711,-0.087040,0.000000,0.250000,0.998633,GO STRAIGHT,1,1,STREETVIEW_DB,streetview_0013.jpg,13,50.10237129,14.39229473,310.69,28.3288,-0.047091,0.000000,0.795754
1674,27.928,640.00,590.49,0.024525,-0.101879,0.000000,0.250000,0.995592,GO STRAIGHT,1,1,STREETVIEW_DB,streetview_0013.jpg,13,50.10237129,14.39229473,310.69,28.3288,-0.035924,0.000000,0.795754
1680,28.028,640.00,591.15,-0.022177,-0.054155,0.011715,0.238669,0.988144,GO STRAIGHT,1,1,STREETVIEW_DB,streetview_0013.jpg,13,50.10237129,14.39229473,310.69,31.6218,-0.054247,0.000000,0.853382
1686,28.128,640.00,591.17,-0.001760,-0.074544,0.008434,0.250000,0.983260,GO STRAIGHT,1,1,STREETVIEW_DB,streetview_0013.jpg,13,50.10237129,14.39229473,310.69,31.6218,-0.046071,0.000000,0.853382
1692,28.228,640.00,591.93,0.019928,-0.095041,0.006073,0.250000,0.975780,GO STRAIGHT,1,1,STREETVIEW_DB,streetview_0013.jpg,13,50.10237129,14.39229473,310.69,31.6218,-0.036979,0.000000,0.853382
1698,28.328,640.00,592.60,0.007878,-0.081944,0.000000,0.250000,1.000000,GO STRAIGHT,1,1,STREETVIEW_DB,streetview_0013.jpg,13,50.10237129,14.39229473,310.69,31.6218,-0.041432,0.000000,0.853382
1704,28.428,640.00,592.92,0.021193,-0.094759,0.000000,0.250000,0.983185,GO STRAIGHT,1,1,STREETVIEW_DB,streetview_0013.jpg,13,50.10237129,14.39229473,310.69,31.6218,-0.035931,0.000000,0.853382
1710,28.529,640.00,593.13,-0.019729,-0.053506,0.011229,0.239138,0.985448,GO STRAIGHT,1,1,STREETVIEW_DB,streetview_0013.jpg,13,50.10237129,14.39229473,310.69,31.6218,-0.052184,0.000000,0.853382
1716,28.629,640.00,592.77,0.012033,-0.085824,0.008085,0.250000,0.994679,GO STRAIGHT,1,1,STREETVIEW_DB,streetview_0013.jpg,13,50.10237129,14.39229473,310.69,31.6218,-0.039674,0.000000,0.853382
1722,28.729,640.00,592.57,0.012046,-0.086158,0.005821,0.250000,1.000000,GO STRAIGHT,1,1,STREETVIEW_DB,streetview_0013.jpg,13,50.10237129,14.39229473,310.69,31.6218,-0.039781,0.000000,0.853382
1728,28.829,640.00,597.58,-0.048737,-0.017537,0.017577,0.237053,0.550000,GO STRAIGHT,1,0,STREETVIEW_DB,streetview_0013.jpg,13,50.10237129,14.39229473,310.69,31.6218,-0.061351,0.000000,0.853382
1734,28.929,640.00,601.11,-0.087076,0.026317,0.029194,0.234003,0.550000,TURN LEFT,1,0,STREETVIEW_DB,streetview_0013.jpg,13,50.10237129,14.39229473,310.69,31.6218,-0.074757,0.000000,0.853382
1740,29.029,640.00,598.74,-0.075002,0.010532,0.036728,0.234806,0.550000,TURN LEFT,1,0,STREETVIEW_DB,streetview_0013.jpg,13,50.10237129,14.39229473,310.69,31.6218,-0.071226,0.000000,0.853382
1746,29.129,640.00,599.26,-0.084520,0.020862,0.042980,0.234005,0.550000,TURN LEFT,1,0,STREETVIEW_DB,streetview_0013.jpg,13,50.10237129,14.39229473,310.69,31.6218,-0.074748,0.000000,0.853382
1752,29.229,640.00,601.43,-0.073213,0.012954,0.046139,0.235304,0.550000,TURN LEFT,1,0,STREETVIEW_DB,streetview_0013.jpg,13,50.10237129,14.39229473,310.69,31.6218,-0.069037,0.000000,0.853382
1758,29.329,640.00,596.40,-0.019596,-0.048526,0.044016,0.239558,0.550000,GO STRAIGHT,1,0,STREETVIEW_DB,streetview_0013.jpg,13,50.10237129,14.39229473,310.69,31.6218,-0.050342,0.000000,0.853382
1764,29.429,640.00,594.85,0.016220,-0.086771,0.031692,0.250000,0.550000,GO STRAIGHT,1,0,STREETVIEW_DB,streetview_0013.jpg,13,50.10237129,14.39229473,310.69,31.6218,-0.036865,0.000000,0.853382
1770,29.530,640.00,591.32,0.032029,-0.108088,0.022818,0.250000,1.000000,GO STRAIGHT,1,1,STREETVIEW_DB,streetview_0013.jpg,13,50.10237129,14.39229473,310.69,31.6218,-0.032469,0.000000,0.853382
1776,29.630,640.00,592.59,0.029742,-0.103815,0.016429,0.250000,0.550000,GO STRAIGHT,1,0,STREETVIEW_DB,streetview_0013.jpg,13,50.10237129,14.39229473,310.69,31.6218,-0.032689,0.000000,0.853382
1782,29.730,640.00,589.86,-0.005266,-0.073073,0.022118,0.240048,1.000000,GO STRAIGHT,1,1,STREETVIEW_DB,streetview_0013.jpg,13,50.10237129,14.39229473,310.69,31.6218,-0.048185,0.000000,0.853382
1788,29.830,640.00,589.98,-0.016308,-0.061844,0.027237,0.239058,1.000000,GO STRAIGHT,1,1,STREETVIEW_DB,streetview_0013.jpg,13,50.10237129,14.39229473,310.69,31.6218,-0.052537,0.000000,0.853382
1794,29.930,640.00,593.13,-0.040074,-0.033161,0.032754,0.237287,1.000000,GO STRAIGHT,1,1,STREETVIEW_DB,streetview_0013.jpg,13,50.10237129,14.39229473,310.69,31.6218,-0.060322,0.000000,0.853382
1800,30.030,640.00,591.04,-0.027776,-0.048718,0.036140,0.237853,1.000000,GO STRAIGHT,1,1,STREETVIEW_DB,streetview_0013.jpg,13,50.10237129,14.39229473,310.69,33.0797,-0.056544,0.000000,0.878896
1806,30.130,640.00,591.44,-0.020599,-0.055275,0.037836,0.238572,1.000000,GO STRAIGHT,1,1,STREETVIEW_DB,streetview_0013.jpg,13,50.10237129,14.39229473,310.69,33.0797,-0.053456,0.000000,0.878896
1812,30.230,640.00,590.81,-0.007950,-0.068913,0.037923,0.239669,1.000000,GO STRAIGHT,1,1,STREETVIEW_DB,streetview_0013.jpg,13,50.10237129,14.39229473,310.69,33.0797,-0.048743,0.000000,0.878896
1818,30.330,640.00,591.32,-0.018046,-0.058010,0.038889,0.238795,1.000000,GO STRAIGHT,1,1,STREETVIEW_DB,streetview_0013.jpg,13,50.10237129,14.39229473,310.69,33.0797,-0.052498,0.000000,0.878896
1824,30.430,640.00,590.58,-0.015271,-0.061954,0.039416,0.238958,1.000000,GO STRAIGHT,1,1,STREETVIEW_DB,streetview_0013.jpg,13,50.10237129,14.39229473,310.69,33.0797,-0.051797,0.000000,0.878896
1830,30.530,640.00,591.75,-0.026246,-0.049144,0.040697,0.238086,1.000000,GO STRAIGHT,1,1,STREETVIEW_DB,streetview_0013.jpg,13,50.10237129,14.39229473,310.69,33.0797,-0.055546,0.000000,0.878896
1836,30.631,640.00,594.82,-0.019931,-0.050657,0.040607,0.239065,1.000000,GO STRAIGHT,1,1,STREETVIEW_DB,streetview_0013.jpg,13,50.10237129,14.39229473,310.69,33.0797,-0.051339,0.000000,0.878896
1842,30.731,640.00,595.08,-0.023471,-0.046722,0.040850,0.238767,1.000000,GO STRAIGHT,1,1,STREETVIEW_DB,streetview_0013.jpg,13,50.10237129,14.39229473,310.69,33.0797,-0.052616,0.000000,0.878896
1848,30.831,640.00,593.39,-0.038416,-0.034411,0.042685,0.237162,1.000000,GO STRAIGHT,1,1,STREETVIEW_DB,streetview_0013.jpg,13,50.10237129,14.39229473,310.69,33.0797,-0.059516,0.000000,0.878896
1854,30.931,640.00,596.54,-0.054447,-0.013461,0.045134,0.236070,1.000000,TURN LEFT,1,1,STREETVIEW_DB,streetview_0013.jpg,13,50.10237129,14.39229473,310.69,33.0797,-0.064207,0.000000,0.878896
1860,31.031,640.00,597.81,-0.066247,0.000320,0.047866,0.235133,1.000000,TURN LEFT,1,1,STREETVIEW_DB,streetview_0013.jpg,13,50.10237129,14.39229473,310.69,33.0797,-0.068233,0.000000,0.878896
1866,31.131,640.00,598.96,-0.055281,-0.008845,0.048627,0.236301,1.000000,TURN LEFT,1,1,STREETVIEW_DB,streetview_0013.jpg,13,50.10237129,14.39229473,310.69,33.0797,-0.063217,0.000000,0.878896
1872,31.231,640.00,599.42,-0.020621,-0.042779,0.045778,0.239586,0.996423,GO STRAIGHT,1,1,STREETVIEW_DB,streetview_0013.jpg,13,50.10237129,14.39229473,310.69,33.0797,-0.049099,0.000000,0.878896
1878,31.331,640.00,599.98,-0.043431,-0.019101,0.045849,0.237534,1.000000,GO STRAIGHT,1,1,STREETVIEW_DB,streetview_0013.jpg,13,50.10237129,14.39229473,310.69,33.0797,-0.057919,0.000000,0.878896
1884,31.431,640.00,601.05,-0.019088,-0.041774,0.043416,0.239935,1.000000,GO STRAIGHT,1,1,STREETVIEW_DB,streetview_0013.jpg,13,50.10237129,14.39229473,310.69,33.0797,-0.047597,0.000000,0.878896
1890,31.532,640.00,600.69,-0.007980,-0.053442,0.031260,0.250000,1.000000,GO STRAIGHT,1,1,STREETVIEW_DB,streetview_0013.jpg,13,50.10237129,14.39229473,310.69,33.0797,-0.043350,0.000000,0.878896
1896,31.632,640.00,602.87,-0.012153,-0.045857,0.022507,0.250000,1.000000,GO STRAIGHT,1,1,STREETVIEW_DB,streetview_0013.jpg,13,50.10237129,14.39229473,310.69,33.0797,-0.043825,0.000000,0.878896
1902,31.732,640.00,604.75,-0.008065,-0.047007,0.016205,0.250000,1.000000,GO STRAIGHT,1,1,STREETVIEW_DB,streetview_0013.jpg,13,50.10237129,14.39229473,310.69,33.0797,-0.041162,0.000000,0.878896
1908,31.832,640.00,604.84,-0.000022,-0.054915,0.011668,0.250000,1.000000,GO STRAIGHT,1,1,STREETVIEW_DB,streetview_0013.jpg,13,50.10237129,14.39229473,310.69,33.0797,-0.037897,0.000000,0.878896
1914,31.932,640.00,604.94,-0.014816,-0.039964,0.008401,0.250000,1.000000,GO STRAIGHT,1,1,STREETVIEW_DB,streetview_0013.jpg,13,50.10237129,14.39229473,310.69,33.0797,-0.043760,0.000000,0.878896
1920,32.032,640.00,605.37,-0.003621,-0.050486,0.006049,0.250000,1.000000,GO STRAIGHT,1,1,STREETVIEW_DB,streetview_0013.jpg,13,50.10237129,14.39229473,310.69,26.9401,-0.039047,0.000000,0.771452
1926,32.132,640.00,607.96,-0.005456,-0.044606,0.000000,0.250000,1.000000,GO STRAIGHT,1,1,STREETVIEW_DB,streetview_0013.jpg,13,50.10237129,14.39229473,310.69,26.9401,-0.038364,0.000000,0.771452
1932,32.232,640.00,607.41,-0.012791,-0.038130,0.000000,0.250000,1.000000,GO STRAIGHT,1,1,STREETVIEW_DB,streetview_0013.jpg,13,50.10237129,14.39229473,310.69,26.9401,-0.041599,0.000000,0.771452
1938,32.332,640.00,607.32,-0.008183,-0.042872,0.000000,0.250000,1.000000,GO STRAIGHT,1,1,STREETVIEW_DB,streetview_0013.jpg,13,50.10237129,14.39229473,310.69,26.9401,-0.039803,0.000000,0.771452
1944,32.432,640.00,608.10,-0.022631,-0.027209,0.000000,0.250000,1.000000,GO STRAIGHT,1,1,STREETVIEW_DB,streetview_0013.jpg,13,50.10237129,14.39229473,310.69,26.9401,-0.045157,0.000000,0.771452
1950,32.532,640.00,606.15,-0.043465,-0.009426,0.010849,0.239506,1.000000,GO STRAIGHT,1,1,STREETVIEW_DB,streetview_0013.jpg,13,50.10237129,14.39229473,310.69,26.9401,-0.054558,0.000000,0.771452
1956,32.633,640.00,609.35,-0.034166,-0.013719,0.007811,0.250000,1.000000,GO STRAIGHT,1,1,STREETVIEW_DB,streetview_0013.jpg,13,50.10237129,14.39229473,310.69,26.9401,-0.049086,0.000000,0.771452
1962,32.733,640.00,609.30,-0.022318,-0.025659,0.005624,0.250000,1.000000,GO STRAIGHT,1,1,STREETVIEW_DB,streetview_0013.jpg,13,50.10237129,14.39229473,310.69,26.9401,-0.044379,0.000000,0.771452
1968,32.833,640.00,606.90,-0.039070,-0.012650,0.014426,0.239963,1.000000,GO STRAIGHT,1,1,STREETVIEW_DB,streetview_0013.jpg,13,50.10237129,14.39229473,310.69,26.9401,-0.052390,0.000000,0.771452
1974,32.933,640.00,607.98,-0.042007,-0.008017,0.020890,0.239841,1.000000,GO STRAIGHT,1,1,STREETVIEW_DB,streetview_0013.jpg,13,50.10237129,14.39229473,310.69,26.9401,-0.052971,0.000000,0.771452
1980,33.033,640.00,609.51,0.002438,-0.050078,0.015040,0.250000,0.995322,GO STRAIGHT,1,1,STREETVIEW_DB,streetview_0013.jpg,13,50.10237129,14.39229473,310.69,26.9401,-0.034359,0.000000,0.771452
1986,33.133,640.00,612.66,0.026247,-0.068972,0.010829,0.250000,1.000000,GO STRAIGHT,1,1,STREETVIEW_DB,streetview_0013.jpg,13,50.10237129,14.39229473,310.69,26.9401,-0.023115,0.000000,0.771452
1992,33.233,640.00,614.53,0.053899,-0.093692,0.007797,0.250000,1.000000,GO STRAIGHT,1,1,STREETVIEW_DB,streetview_0013.jpg,13,50.10237129,14.39229473,310.69,26.9401,-0.011028,0.000000,0.771452
1998,33.333,640.00,617.88,0.045776,-0.080338,0.005614,0.250000,1.000000,GO STRAIGHT,1,1,STREETVIEW_DB,streetview_0013.jpg,13,50.10237129,14.39229473,310.69,26.9401,-0.012446,0.000000,0.771452
2004,33.433,640.00,616.91,0.066675,-0.102758,0.000000,0.250000,0.983548,GO STRAIGHT,1,1,STREETVIEW_DB,streetview_0013.jpg,13,50.10237129,14.39229473,310.69,26.9401,-0.004619,0.000000,0.771452
2010,33.534,640.00,618.04,0.067652,-0.101960,0.000000,0.250000,1.000000,GO STRAIGHT,1,1,STREETVIEW_DB,streetview_0013.jpg,13,50.10237129,14.39229473,310.69,26.9401,-0.003607,0.000000,0.771452
2016,33.634,640.00,618.05,0.077371,-0.111669,0.000000,0.250000,0.989866,GO STRAIGHT,1,1,STREETVIEW_DB,streetview_0013.jpg,13,50.10237129,14.39229473,310.69,26.9401,0.000283,0.000000,0.771452
2022,33.734,640.00,615.55,0.080162,-0.118369,0.000000,0.250000,0.977499,GO STRAIGHT,1,1,STREETVIEW_DB,streetview_0013.jpg,13,50.10237129,14.39229473,310.69,26.9401,0.000032,0.000000,0.771452
2028,33.834,640.00,618.08,0.068661,-0.102912,0.000000,0.250000,0.989356,GO STRAIGHT,1,1,STREETVIEW_DB,streetview_0013.jpg,13,50.10237129,14.39229473,310.69,26.9401,-0.003184,0.000000,0.771452
2034,33.934,640.00,616.43,0.017696,-0.054523,0.000000,0.250000,0.970932,GO STRAIGHT,1,1,STREETVIEW_DB,streetview_0013.jpg,13,50.10237129,14.39229473,310.69,26.9401,-0.024472,0.000000,0.771452
2040,34.034,640.00,617.12,0.045132,-0.080884,0.000000,0.250000,0.982626,GO STRAIGHT,1,1,STREETVIEW_DB,streetview_0017.jpg,17,50.10248953,14.39208034,310.69,26.7544,0.043834,0.000000,0.768202
2046,34.134,640.00,617.52,0.009278,-0.044411,0.000000,0.250000,0.968709,GO STRAIGHT,1,1,STREETVIEW_DB,streetview_0017.jpg,17,50.10248953,14.39208034,310.69,26.7544,0.029708,0.000000,0.768202
2052,34.234,640.00,617.53,-0.018183,-0.016922,0.000000,0.250000,0.980813,GO STRAIGHT,1,1,STREETVIEW_DB,streetview_0017.jpg,17,50.10248953,14.39208034,310.69,26.7544,0.018734,0.000000,0.768202
2058,34.334,640.00,619.92,-0.023265,-0.008109,0.000000,0.250000,0.984326,GO STRAIGHT,1,1,STREETVIEW_DB,streetview_0017.jpg,17,50.10248953,14.39208034,310.69,26.7544,0.018007,0.000000,0.768202
2064,34.434,640.00,624.32,-0.013265,-0.011241,0.000000,0.250000,0.971774,GO STRAIGHT,1,1,STREETVIEW_DB,streetview_0017.jpg,17,50.10248953,14.39208034,310.69,26.7544,0.024411,0.000000,0.768202
2070,34.535,640.00,626.71,-0.011856,-0.008915,0.000000,0.250000,0.977083,GO STRAIGHT,1,1,STREETVIEW_DB,streetview_0017.jpg,17,50.10248953,14.39208034,310.69,26.7544,0.026281,0.000000,0.768202
2076,34.635,640.00,624.63,-0.013218,-0.010802,0.000000,0.250000,0.989102,GO STRAIGHT,1,1,STREETVIEW_DB,streetview_0017.jpg,17,50.10248953,14.39208034,310.69,26.7544,0.024600,0.000000,0.768202
2082,34.735,640.00,626.27,-0.014777,-0.006670,0.000000,0.250000,0.976480,GO STRAIGHT,1,1,STREETVIEW_DB,streetview_0017.jpg,17,50.10248953,14.39208034,310.69,26.7544,0.024876,0.000000,0.768202
2088,34.835,640.00,630.20,-0.004961,-0.010358,0.000000,0.250000,0.970801,GO STRAIGHT,1,1,STREETVIEW_DB,streetview_0017.jpg,17,50.10248953,14.39208034,310.69,26.7544,0.030947,0.000000,0.768202
2094,34.935,640.00,632.24,0.000725,-0.012855,0.000000,0.250000,0.978688,GO STRAIGHT,1,1,STREETVIEW_DB,streetview_0017.jpg,17,50.10248953,14.39208034,310.69,26.7544,0.034338,0.000000,0.768202
2100,35.035,640.00,633.76,0.005385,-0.015142,0.000000,0.250000,0.961036,GO STRAIGHT,1,1,STREETVIEW_DB,streetview_0017.jpg,17,50.10248953,14.39208034,310.69,26.7544,0.037033,0.000000,0.768202
2106,35.135,640.00,635.32,0.013578,-0.020897,0.000000,0.250000,0.985270,GO STRAIGHT,1,1,STREETVIEW_DB,streetview_0017.jpg,17,50.10248953,14.39208034,310.69,26.7544,0.041163,0.000000,0.768202
2112,35.235,640.00,637.38,0.020701,-0.024800,0.000000,0.250000,0.985922,GO STRAIGHT,1,1,STREETVIEW_DB,streetview_0017.jpg,17,50.10248953,14.39208034,310.69,26.7544,0.045139,0.000000,0.768202
2118,35.335,640.00,639.18,0.026027,-0.027305,0.000000,0.250000,0.989591,GO STRAIGHT,1,1,STREETVIEW_DB,streetview_0017.jpg,17,50.10248953,14.39208034,310.69,26.7544,0.048257,0.000000,0.768202
2124,35.435,640.00,640.23,0.029908,-0.029551,0.000000,0.250000,1.000000,GO STRAIGHT,1,1,STREETVIEW_DB,streetview_0017.jpg,17,50.10248953,14.39208034,310.69,26.7544,0.050382,0.000000,0.768202
2130,35.535,640.00,641.64,0.035531,-0.032975,0.000000,0.250000,0.973243,GO STRAIGHT,1,1,STREETVIEW_DB,streetview_0017.jpg,17,50.10248953,14.39208034,310.69,26.7544,0.053401,0.000000,0.768202
2136,35.636,640.00,643.15,0.043922,-0.039003,-0.010370,0.239970,0.970471,GO STRAIGHT,1,1,STREETVIEW_DB,streetview_0017.jpg,17,50.10248953,14.39208034,310.69,26.7544,0.057584,0.000000,0.768202
2142,35.736,640.00,642.47,0.104668,-0.100812,-0.023036,0.234940,0.959762,TURN RIGHT,1,1,STREETVIEW_DB,streetview_0017.jpg,17,50.10248953,14.39208034,310.69,26.7544,0.081510,0.000000,0.768202
2148,35.836,640.00,641.17,0.075200,-0.073366,-0.029440,0.237567,0.967498,GO STRAIGHT,1,1,STREETVIEW_DB,streetview_0017.jpg,17,50.10248953,14.39208034,310.69,26.7544,0.069015,0.000000,0.768202
2154,35.936,640.00,642.84,0.063958,-0.059520,-0.033272,0.238320,0.966939,GO STRAIGHT,1,1,STREETVIEW_DB,streetview_0017.jpg,17,50.10248953,14.39208034,310.69,26.7544,0.065430,0.000000,0.768202
2160,36.036,640.00,640.46,0.043481,-0.042763,-0.034329,0.239966,0.978567,GO STRAIGHT,1,1,STREETVIEW_DB,streetview_0017.jpg,17,50.10248953,14.39208034,310.69,28.5121,0.055937,0.000000,0.798962
2166,36.136,640.00,638.44,0.089633,-0.092077,-0.038974,0.236210,1.000000,TURN RIGHT,1,1,STREETVIEW_DB,streetview_0017.jpg,17,50.10248953,14.39208034,310.69,28.5121,0.073291,0.000000,0.798962
2172,36.236,640.00,639.69,0.123395,-0.123886,-0.045493,0.233139,0.954764,TURN RIGHT,1,1,STREETVIEW_DB,streetview_0017.jpg,17,50.10248953,14.39208034,310.69,28.5121,0.087480,0.000000,0.798962
2178,36.336,640.00,637.29,0.147493,-0.151732,-0.052050,0.231336,0.969101,TURN RIGHT,1,1,STREETVIEW_DB,streetview_0017.jpg,17,50.10248953,14.39208034,310.69,28.5121,0.095807,0.000000,0.798962
2184,36.436,640.00,637.37,0.105120,-0.109235,-0.052989,0.234996,0.959127,TURN RIGHT,1,1,STREETVIEW_DB,streetview_0017.jpg,17,50.10248953,14.39208034,310.69,28.5121,0.078902,0.000000,0.798962
2190,36.537,640.00,638.28,0.132750,-0.135439,-0.056249,0.232495,0.961458,TURN RIGHT,1,1,STREETVIEW_DB,streetview_0017.jpg,17,50.10248953,14.39208034,310.69,28.5121,0.090452,0.000000,0.798962
2196,36.637,640.00,640.81,0.156886,-0.155618,-0.061067,0.230106,0.953429,TURN RIGHT,1,1,STREETVIEW_DB,streetview_0017.jpg,17,50.10248953,14.39208034,310.69,28.5121,0.101491,0.000000,0.798962
2202,36.737,640.00,638.41,0.101190,-0.103672,-0.059256,0.235212,0.974781,TURN RIGHT,1,1,STREETVIEW_DB,streetview_0017.jpg,17,50.10248953,14.39208034,310.69,28.5121,0.077901,0.000000,0.798962
2208,36.837,640.00,638.82,0.129578,-0.131427,-0.060544,0.232706,0.987940,TURN RIGHT,1,1,STREETVIEW_DB,streetview_0017.jpg,17,50.10248953,14.39208034,310.69,28.5121,0.089477,0.000000,0.798962
2214,36.937,640.00,638.87,0.148502,-0.150272,-0.063171,0.231062,0.985701,TURN RIGHT,1,1,STREETVIEW_DB,streetview_0017.jpg,17,50.10248953,14.39208034,310.69,28.5121,0.097075,0.000000,0.798962
2220,37.037,640.00,637.49,0.157276,-0.161201,-0.065679,0.230465,0.981354,TURN RIGHT,1,1,STREETVIEW_DB,streetview_0017.jpg,17,50.10248953,14.39208034,310.69,28.5121,0.099830,0.000000,0.798962
2226,37.137,640.00,638.72,0.171922,-0.173922,-0.068946,0.229052,0.994087,TURN RIGHT,1,1,STREETVIEW_DB,streetview_0017.jpg,17,50.10248953,14.39208034,310.69,28.5121,0.106362,0.000000,0.798962
2232,37.237,640.00,643.23,0.191789,-0.186742,-0.073629,0.226797,0.983767,TURN RIGHT,1,1,STREETVIEW_DB,streetview_0017.jpg,17,50.10248953,14.39208034,310.69,28.5121,0.116775,0.000000,0.798962
2238,37.337,640.00,640.66,0.190690,-0.189656,-0.076588,0.227197,0.996127,TURN RIGHT,1,1,STREETVIEW_DB,streetview_0017.jpg,17,50.10248953,14.39208034,310.69,28.5121,0.114931,0.000000,0.798962
2244,37.437,640.00,640.48,0.193492,-0.192735,-0.078948,0.226975,0.974576,TURN RIGHT,1,1,STREETVIEW_DB,streetview_0017.jpg,17,50.10248953,14.39208034,310.69,28.5121,0.115955,0.000000,0.798962
2250,37.538,640.00,640.17,0.196481,-0.196214,-0.080876,0.226753,0.997704,TURN RIGHT,1,1,STREETVIEW_DB,streetview_0017.jpg,17,50.10248953,14.39208034,310.69,28.5121,0.116979,0.000000,0.798962
2256,37.638,640.00,643.40,0.209157,-0.203849,-0.083793,0.225274,0.988565,TURN RIGHT,1,1,STREETVIEW_DB,streetview_0017.jpg,17,50.10248953,14.39208034,310.69,28.5121,0.123814,0.000000,0.798962
2262,37.738,640.00,643.49,0.209777,-0.204326,-0.085961,0.225209,1.000000,TURN RIGHT,1,1,STREETVIEW_DB,streetview_0017.jpg,17,50.10248953,14.39208034,310.69,28.5121,0.124113,0.000000,0.798962
2268,37.838,640.00,643.43,0.208763,-0.203407,-0.087423,0.225304,0.983245,TURN RIGHT,1,1,STREETVIEW_DB,streetview_0017.jpg,17,50.10248953,14.39208034,310.69,28.5121,0.123673,0.000000,0.798962
2274,37.938,640.00,644.92,0.213395,-0.205705,-0.089074,0.224727,0.985533,TURN RIGHT,1,1,STREETVIEW_DB,streetview_0017.jpg,17,50.10248953,14.39208034,310.69,28.5121,0.126343,0.000000,0.798962
2280,38.038,640.00,645.73,0.217394,-0.208441,-0.088391,0.226536,0.941756,TURN RIGHT,1,1,STREETVIEW_DB,streetview_0017.jpg,17,50.10248953,14.39208034,310.69,23.5785,0.128385,0.000000,0.712624
2286,38.138,640.00,648.15,0.228311,-0.215572,-0.089070,0.225404,0.970536,TURN RIGHT,1,1,STREETVIEW_DB,streetview_0017.jpg,17,50.10248953,14.39208034,310.69,23.5785,0.134077,0.000000,0.712624
2292,38.238,640.00,650.75,0.234200,-0.217397,-0.090336,0.224652,0.972979,TURN RIGHT,1,1,STREETVIEW_DB,streetview_0017.jpg,17,50.10248953,14.39208034,310.69,23.5785,0.137854,0.000000,0.712624
2298,38.338,640.00,650.31,0.236418,-0.220304,-0.091380,0.224524,0.985387,TURN RIGHT,1,1,STREETVIEW_DB,streetview_0017.jpg,17,50.10248953,14.39208034,310.69,23.5785,0.138501,0.000000,0.712624
2304,38.438,640.00,651.69,0.243418,-0.225155,-0.092863,0.223817,0.952449,TURN RIGHT,1,1,STREETVIEW_DB,streetview_0017.jpg,17,50.10248953,14.39208034,310.69,23.5785,0.142053,0.000000,0.712624
2310,38.538,640.00,653.36,0.186346,-0.165465,-0.089424,0.228176,0.949220,TURN RIGHT,1,1,STREETVIEW_DB,streetview_0017.jpg,17,50.10248953,14.39208034,310.69,23.5785,0.120140,0.000000,0.712624
2316,38.639,640.00,654.27,0.144841,-0.122542,-0.083635,0.231380,0.928318,TURN RIGHT,1,1,STREETVIEW_DB,streetview_0017.jpg,17,50.10248953,14.39208034,310.69,23.5785,0.104034,0.000000,0.712624
2322,38.739,640.00,654.99,0.119715,-0.096297,-0.077482,0.233301,0.949303,TURN RIGHT,1,1,STREETVIEW_DB,streetview_0017.jpg,17,50.10248953,14.39208034,310.69,23.5785,0.094376,0.000000,0.712624
2328,38.839,640.00,656.79,0.154623,-0.128396,-0.076125,0.230328,0.939186,TURN RIGHT,1,1,STREETVIEW_DB,streetview_0017.jpg,17,50.10248953,14.39208034,310.69,23.5785,0.109323,0.000000,0.712624
2334,38.939,640.00,655.59,0.121660,-0.097305,-0.072301,0.233081,0.934132,TURN RIGHT,1,1,STREETVIEW_DB,streetview_0017.jpg,17,50.10248953,14.39208034,310.69,23.5785,0.095481,0.000000,0.712624
2340,39.039,640.00,652.78,0.087529,-0.067555,-0.066425,0.236102,0.939514,TURN RIGHT,1,1,STREETVIEW_DB,streetview_0017.jpg,17,50.10248953,14.39208034,310.69,23.5785,0.080296,0.000000,0.712624
2346,39.139,640.00,650.97,0.068029,-0.050892,-0.060387,0.237851,0.921858,GO STRAIGHT,1,1,STREETVIEW_DB,streetview_0017.jpg,17,50.10248953,14.39208034,310.69,23.5785,0.071503,0.000000,0.712624
2352,39.239,640.00,648.27,0.049546,-0.036627,-0.054215,0.239615,0.925730,GO STRAIGHT,1,1,STREETVIEW_DB,streetview_0017.jpg,17,50.10248953,14.39208034,310.69,23.5785,0.062633,0.000000,0.712624
2358,39.339,640.00,646.24,0.038568,-0.028825,-0.039034,0.250000,0.921831,GO STRAIGHT,1,1,STREETVIEW_DB,streetview_0017.jpg,17,50.10248953,14.39208034,310.69,23.5785,0.057131,0.000000,0.712624
2364,39.439,640.00,643.82,0.023852,-0.017885,-0.028105,0.250000,0.921163,GO STRAIGHT,1,1,STREETVIEW_DB,streetview_0017.jpg,17,50.10248953,14.39208034,310.69,23.5785,0.049923,0.000000,0.712624
2370,39.540,640.00,641.96,0.017153,-0.014087,-0.020235,0.250000,0.929145,GO STRAIGHT,1,1,STREETVIEW_DB,streetview_0017.jpg,17,50.10248953,14.39208034,310.69,23.5785,0.046228,0.000000,0.712624
2376,39.640,640.00,641.86,0.017755,-0.014843,-0.014570,0.250000,0.926695,GO STRAIGHT,1,1,STREETVIEW_DB,streetview_0017.jpg,17,50.10248953,14.39208034,310.69,23.5785,0.046414,0.000000,0.712624
2382,39.740,640.00,640.79,0.010240,-0.008997,-0.010490,0.250000,0.930912,GO STRAIGHT,1,1,STREETVIEW_DB,streetview_0017.jpg,17,50.10248953,14.39208034,310.69,23.5785,0.042824,0.000000,0.712624
2388,39.840,640.00,639.84,0.006130,-0.006374,-0.007553,0.250000,0.923237,GO STRAIGHT,1,1,STREETVIEW_DB,streetview_0017.jpg,17,50.10248953,14.39208034,310.69,23.5785,0.040660,0.000000,0.712624
2394,39.940,640.00,621.96,-0.061250,0.033062,-0.005438,0.250000,0.473101,GO STRAIGHT,0,1,STREETVIEW_DB,streetview_0017.jpg,17,50.10248953,14.39208034,310.69,23.5785,0.003928,0.000000,0.712624
2400,40.040,640.00,627.44,-0.045250,0.025625,0.000000,0.250000,0.934034,GO STRAIGHT,1,1,STREETVIEW_DB,streetview_0017.jpg,17,50.10248953,14.39208034,310.69,23.9268,0.013325,0.000000,0.718719
2406,40.140,640.00,628.11,-0.032237,0.013666,0.000000,0.250000,0.470612,GO STRAIGHT,0,1,STREETVIEW_DB,streetview_0017.jpg,17,50.10248953,14.39208034,310.69,23.9268,0.018899,0.000000,0.718719
2412,40.240,640.00,627.19,-0.041027,0.021008,0.000000,0.250000,0.940770,GO STRAIGHT,1,1,STREETVIEW_DB,streetview_0017.jpg,17,50.10248953,14.39208034,310.69,23.9268,0.014876,0.000000,0.718719
2418,40.340,640.00,631.60,-0.023290,0.010168,0.000000,0.250000,0.934864,GO STRAIGHT,1,1,STREETVIEW_DB,streetview_0017.jpg,17,50.10248953,14.39208034,310.69,23.9268,0.024385,0.000000,0.718719
2424,40.440,640.00,634.83,-0.011403,0.003325,0.000000,0.250000,0.949727,GO STRAIGHT,1,1,STREETVIEW_DB,streetview_0017.jpg,17,50.10248953,14.39208034,310.69,23.9268,0.030905,0.000000,0.718719
2430,40.541,640.00,632.34,-0.022448,0.010478,0.000000,0.250000,0.941115,GO STRAIGHT,1,1,STREETVIEW_DB,streetview_0017.jpg,17,50.10248953,14.39208034,310.69,23.9268,0.025125,0.000000,0.718719
2436,40.641,640.00,633.07,-0.022480,0.011645,0.000000,0.250000,0.950089,GO STRAIGHT,1,1,STREETVIEW_DB,streetview_0017.jpg,17,50.10248953,14.39208034,310.69,23.9268,0.025509,0.000000,0.718719
2442,40.741,640.00,636.03,-0.015076,0.008867,0.000000,0.250000,0.934113,GO STRAIGHT,1,1,STREETVIEW_DB,streetview_0017.jpg,17,50.10248953,14.39208034,310.69,23.9268,0.030090,0.000000,0.718719
2448,40.841,640.00,638.06,0.051697,-0.054730,-0.009839,0.240483,0.934418,GO STRAIGHT,1,1,STREETVIEW_DB,streetview_0017.jpg,17,50.10248953,14.39208034,310.69,23.9268,0.057911,0.000000,0.718719
2454,40.941,640.00,638.63,0.096617,-0.098763,-0.020706,0.236824,0.944935,GO STRAIGHT,1,1,STREETVIEW_DB,streetview_0017.jpg,17,50.10248953,14.39208034,310.69,23.9268,0.076189,0.000000,0.718719
2460,41.041,640.00,643.58,0.085132,-0.079539,-0.028139,0.237202,0.955336,GO STRAIGHT,1,1,STREETVIEW_DB,streetview_0017.jpg,17,50.10248953,14.39208034,310.69,23.9268,0.074304,0.000000,0.718719
2466,41.141,640.00,645.23,0.068240,-0.060065,-0.032281,0.238373,0.947457,GO STRAIGHT,1,1,STREETVIEW_DB,streetview_0017.jpg,17,50.10248953,14.39208034,310.69,23.9268,0.068451,0.000000,0.718719
2472,41.241,640.00,646.21,0.057306,-0.047609,-0.034467,0.239142,0.940183,GO STRAIGHT,1,1,STREETVIEW_DB,streetview_0017.jpg,17,50.10248953,14.39208034,310.69,23.9268,0.064610,0.000000,0.718719
2478,41.341,640.00,648.64,0.058638,-0.045134,-0.036428,0.238769,0.953119,GO STRAIGHT,1,1,STREETVIEW_DB,streetview_0017.jpg,17,50.10248953,14.39208034,310.69,23.9268,0.066475,0.000000,0.718719
2484,41.441,640.00,649.90,0.056709,-0.041236,-0.037822,0.238785,0.968377,GO STRAIGHT,1,1,STREETVIEW_DB,streetview_0017.jpg,17,50.10248953,14.39208034,310.69,23.9268,0.066393,0.000000,0.718719
2490,41.541,640.00,650.82,0.055659,-0.038758,-0.038843,0.238769,0.950261,GO STRAIGHT,1,1,STREETVIEW_DB,streetview_0017.jpg,17,50.10248953,14.39208034,310.69,23.9268,0.066472,0.000000,0.718719
2496,41.642,640.00,652.07,0.060918,-0.042057,-0.040155,0.238211,0.976269,GO STRAIGHT,1,1,STREETVIEW_DB,streetview_0017.jpg,17,50.10248953,14.39208034,310.69,23.9268,0.069262,0.000000,0.718719
2502,41.742,640.00,654.37,0.068354,-0.045905,-0.041975,0.237364,0.950133,GO STRAIGHT,1,1,STREETVIEW_DB,streetview_0017.jpg,17,50.10248953,14.39208034,310.69,23.9268,0.073492,0.000000,0.718719
2508,41.842,640.00,654.97,0.074631,-0.051243,-0.043873,0.236796,0.974843,GO STRAIGHT,1,1,STREETVIEW_DB,streetview_0017.jpg,17,50.10248953,14.39208034,310.69,23.9268,0.076332,0.000000,0.718719
2514,41.942,640.00,654.87,0.075737,-0.052500,-0.045320,0.236718,0.965648,GO STRAIGHT,1,1,STREETVIEW_DB,streetview_0017.jpg,17,50.10248953,14.39208034,310.69,23.9268,0.076721,0.000000,0.718719
2520,42.042,640.00,653.93,0.075978,-0.054211,-0.047912,0.235218,1.000000,TURN RIGHT,1,1,STREETVIEW_DB,streetview_0017.jpg,17,50.10248953,14.39208034,310.69,29.7638,0.076304,0.000000,0.820867
2526,42.142,640.00,652.49,0.078123,-0.058603,-0.049795,0.235203,0.980119,TURN RIGHT,1,1,STREETVIEW_DB,streetview_0017.jpg,17,50.10248953,14.39208034,310.69,29.7638,0.076374,0.000000,0.820867
2532,42.242,640.00,655.84,0.079401,-0.054650,-0.051686,0.234685,0.538603,TURN RIGHT,1,0,STREETVIEW_DB,streetview_0017.jpg,17,50.10248953,14.39208034,310.69,29.7638,0.078717,0.000000,0.820867
2538,42.342,640.00,653.31,0.084236,-0.063436,-0.053172,0.234564,0.991642,TURN RIGHT,1,1,STREETVIEW_DB,streetview_0017.jpg,17,50.10248953,14.39208034,310.69,29.7638,0.079268,0.000000,0.820867
2544,42.442,640.00,649.29,0.106932,-0.092416,-0.055814,0.233044,1.000000,TURN RIGHT,1,1,STREETVIEW_DB,streetview_0017.jpg,17,50.10248953,14.39208034,310.69,29.7638,0.086147,0.000000,0.820867
2550,42.543,640.00,643.31,0.081215,-0.076047,-0.054620,0.236039,0.983380,TURN RIGHT,1,1,STREETVIEW_DB,streetview_0017.jpg,17,50.10248953,14.39208034,310.69,29.7638,0.072589,0.000000,0.820867
2556,42.643,640.00,639.67,0.101563,-0.102072,-0.055165,0.234680,0.992112,TURN RIGHT,1,1,STREETVIEW_DB,streetview_0017.jpg,17,50.10248953,14.39208034,310.69,29.7638,0.078741,0.000000,0.820867
2562,42.743,640.00,637.19,0.078090,-0.082482,-0.053102,0.237054,1.000000,GO STRAIGHT,1,1,STREETVIEW_DB,streetview_0017.jpg,17,50.10248953,14.39208034,310.69,29.7638,0.067992,0.000000,0.820867
2568,42.843,640.00,632.09,0.094265,-0.106625,-0.052458,0.236241,0.999949,TURN RIGHT,1,1,STREETVIEW_DB,streetview_0017.jpg,17,50.10248953,14.39208034,310.69,29.7638,0.071674,0.000000,0.820867
2574,42.943,640.00,628.64,0.056366,-0.074119,-0.048101,0.240007,1.000000,GO STRAIGHT,1,1,STREETVIEW_DB,streetview_0017.jpg,17,50.10248953,14.39208034,310.69,29.7638,0.054626,0.000000,0.820867
2580,43.043,640.00,624.54,0.030075,-0.054224,-0.034633,0.250000,1.000000,GO STRAIGHT,1,1,STREETVIEW_DB,streetview_0017.jpg,17,50.10248953,14.39208034,310.69,29.7638,0.041871,0.000000,0.820867
2586,43.143,640.00,620.01,0.009491,-0.040724,-0.024936,0.250000,1.000000,GO STRAIGHT,1,1,STREETVIEW_DB,streetview_0017.jpg,17,50.10248953,14.39208034,310.69,29.7638,0.031159,0.000000,0.820867
2592,43.243,640.00,616.41,-0.011774,-0.025085,-0.017954,0.250000,1.000000,GO STRAIGHT,1,1,STREETVIEW_DB,streetview_0017.jpg,17,50.10248953,14.39208034,310.69,29.7638,0.020683,0.000000,0.820867
2598,43.343,640.00,611.57,-0.028105,-0.016317,-0.012927,0.250000,1.000000,GO STRAIGHT,1,1,STREETVIEW_DB,streetview_0017.jpg,17,50.10248953,14.39208034,310.69,29.7638,0.011504,0.000000,0.820867
2604,43.443,640.00,607.33,-0.026680,-0.024360,-0.009307,0.250000,1.000000,GO STRAIGHT,1,1,STREETVIEW_DB,streetview_0017.jpg,17,50.10248953,14.39208034,310.69,29.7638,0.009757,0.000000,0.820867
2610,43.544,640.00,600.72,-0.058192,-0.003183,-0.006701,0.250000,1.000000,GO STRAIGHT,1,1,STREETVIEW_DB,streetview_0017.jpg,17,50.10248953,14.39208034,310.69,29.7638,-0.006464,0.000000,0.820867
2616,43.644,640.00,600.22,-0.060191,-0.001958,0.000000,0.250000,1.000000,GO STRAIGHT,1,1,STREETVIEW_DB,streetview_0017.jpg,17,50.10248953,14.39208034,310.69,29.7638,-0.007535,0.000000,0.820867
2622,43.744,640.00,600.24,-0.056326,-0.005795,0.000000,0.250000,1.000000,GO STRAIGHT,1,1,STREETVIEW_DB,streetview_0017.jpg,17,50.10248953,14.39208034,310.69,29.7638,-0.005979,0.000000,0.820867
2628,43.844,640.00,594.93,-0.081263,0.010840,0.000000,0.250000,1.000000,GO STRAIGHT,1,1,STREETVIEW_DB,streetview_0017.jpg,17,50.10248953,14.39208034,310.69,29.7638,-0.018859,0.000000,0.820867
2634,43.944,640.00,589.92,-0.105688,0.027442,0.000000,0.250000,1.000000,GO STRAIGHT,1,1,STREETVIEW_DB,streetview_0017.jpg,17,50.10248953,14.39208034,310.69,29.7638,-0.031368,0.000000,0.820867
2640,44.044,640.00,587.08,-0.118449,0.035765,0.010462,0.239880,1.000000,GO STRAIGHT,1,1,STREETVIEW_DB,streetview_0017.jpg,17,50.10248953,14.39208034,310.69,27.1417,-0.038026,0.000000,0.774980
2646,44.144,640.00,584.64,-0.127336,0.040830,0.019066,0.238845,1.000000,GO STRAIGHT,1,1,STREETVIEW_DB,streetview_0017.jpg,17,50.10248953,14.39208034,310.69,27.1417,-0.042918,0.000000,0.774980
2652,44.244,640.00,583.24,-0.127248,0.038561,0.025419,0.238691,1.000000,GO STRAIGHT,1,1,STREETVIEW_DB,streetview_0017.jpg,17,50.10248953,14.39208034,310.69,27.1417,-0.043646,0.000000,0.774980
2658,44.344,640.00,582.44,-0.137247,0.047305,0.030964,0.237752,1.000000,GO STRAIGHT,1,1,STREETVIEW_DB,streetview_0017.jpg,17,50.10248953,14.39208034,310.69,27.1417,-0.048085,0.000000,0.774980
2664,44.444,640.00,582.68,-0.140141,0.050579,0.035181,0.237535,1.000000,GO STRAIGHT,1,1,STREETVIEW_DB,streetview_0017.jpg,17,50.10248953,14.39208034,310.69,27.1417,-0.049109,0.000000,0.774980
2670,44.544,640.00,585.24,-0.132815,0.047254,0.037270,0.238451,1.000000,GO STRAIGHT,1,1,STREETVIEW_DB,streetview_0017.jpg,17,50.10248953,14.39208034,310.69,27.1417,-0.044778,0.000000,0.774980
2676,44.645,640.00,582.87,-0.133546,0.044276,0.039122,0.238115,1.000000,GO STRAIGHT,1,1,STREETVIEW_DB,streetview_0017.jpg,17,50.10248953,14.39208034,310.69,27.1417,-0.046370,0.000000,0.774980
2682,44.745,640.00,584.31,-0.134655,0.047638,0.040380,0.238188,1.000000,GO STRAIGHT,1,1,STREETVIEW_DB,streetview_0017.jpg,17,50.10248953,14.39208034,310.69,27.1417,-0.046024,0.000000,0.774980
2688,44.845,640.00,587.54,-0.101956,0.019982,0.029074,0.250000,1.000000,GO STRAIGHT,1,1,STREETVIEW_DB,streetview_0017.jpg,17,50.10248953,14.39208034,310.69,27.1417,-0.031180,0.000000,0.774980
2694,44.945,640.00,587.10,-0.096790,0.014141,0.020933,0.250000,1.000000,GO STRAIGHT,1,1,STREETVIEW_DB,streetview_0017.jpg,17,50.10248953,14.39208034,310.69,27.1417,-0.029350,0.000000,0.774980
2700,45.045,640.00,587.73,-0.107815,0.026138,0.015072,0.250000,1.000000,GO STRAIGHT,1,1,STREETVIEW_DB,streetview_0017.jpg,17,50.10248953,14.39208034,310.69,27.1417,-0.033420,0.000000,0.774980
2706,45.145,640.00,585.29,-0.124322,0.038835,0.022042,0.239176,1.000000,GO STRAIGHT,1,1,STREETVIEW_DB,streetview_0017.jpg,17,50.10248953,14.39208034,310.69,27.1417,-0.041356,0.000000,0.774980
2712,45.245,640.00,587.67,-0.111922,0.030148,0.025692,0.240500,1.000000,GO STRAIGHT,1,1,STREETVIEW_DB,streetview_0017.jpg,17,50.10248953,14.39208034,310.69,27.1417,-0.035096,0.000000,0.774980
2718,45.345,640.00,588.32,-0.113799,0.033049,0.028406,0.240417,1.000000,GO STRAIGHT,1,1,STREETVIEW_DB,streetview_0017.jpg,17,50.10248953,14.39208034,310.69,27.1417,-0.035488,0.000000,0.774980
2724,45.445,640.00,589.12,-0.114033,0.034531,0.030284,0.240490,0.999216,GO STRAIGHT,1,1,STREETVIEW_DB,streetview_0017.jpg,17,50.10248953,14.39208034,310.69,27.1417,-0.035145,0.000000,0.774980
2730,45.546,640.00,590.15,-0.108347,0.030457,0.021805,0.250000,0.981783,GO STRAIGHT,1,1,STREETVIEW_DB,streetview_0017.jpg,17,50.10248953,14.39208034,310.69,27.1417,-0.032306,0.000000,0.774980
2736,45.646,640.00,589.63,-0.104429,0.025724,0.015699,0.250000,1.000000,GO STRAIGHT,1,1,STREETVIEW_DB,streetview_0017.jpg,17,50.10248953,14.39208034,310.69,27.1417,-0.031025,0.000000,0.774980
2742,45.746,640.00,587.02,-0.112270,0.029484,0.021233,0.240396,1.000000,GO STRAIGHT,1,1,STREETVIEW_DB,streetview_0017.jpg,17,50.10248953,14.39208034,310.69,27.1417,-0.035589,0.000000,0.774980
2748,45.846,640.00,587.48,-0.109383,0.027327,0.015288,0.250000,1.000000,GO STRAIGHT,1,1,STREETVIEW_DB,streetview_0017.jpg,17,50.10248953,14.39208034,310.69,27.1417,-0.034179,0.000000,0.774980
2754,45.946,640.00,586.26,-0.117489,0.033521,0.021484,0.239866,1.000000,GO STRAIGHT,1,1,STREETVIEW_DB,streetview_0017.jpg,17,50.10248953,14.39208034,310.69,27.1417,-0.038091,0.000000,0.774980
2760,46.046,640.00,586.23,-0.119957,0.035945,0.038991,0.227247,1.000000,TURN LEFT,1,1,STREETVIEW_DB,streetview_0021.jpg,21,50.10260777,14.39186595,310.69,28.5179,-0.114354,0.000000,0.799064
2766,46.146,640.00,586.53,-0.121314,0.037775,0.051681,0.227166,1.000000,TURN LEFT,1,1,STREETVIEW_DB,streetview_0021.jpg,21,50.10260777,14.39186595,310.69,28.5179,-0.114732,0.000000,0.799064
2772,46.246,640.00,586.69,-0.118418,0.035117,0.060539,0.227435,1.000000,TURN LEFT,1,1,STREETVIEW_DB,streetview_0021.jpg,21,50.10260777,14.39186595,310.69,28.5179,-0.113490,0.000000,0.799064
2778,46.346,640.00,587.02,-0.116555,0.033777,0.066710,0.227636,1.000000,TURN LEFT,1,1,STREETVIEW_DB,streetview_0021.jpg,21,50.10260777,14.39186595,310.69,28.5179,-0.112561,0.000000,0.799064
2784,46.446,640.00,584.88,-0.121395,0.035273,0.071848,0.226963,1.000000,TURN LEFT,1,1,STREETVIEW_DB,streetview_0021.jpg,21,50.10260777,14.39186595,310.69,28.5179,-0.115668,0.000000,0.799064
2790,46.547,640.00,582.86,-0.116660,0.027377,0.075371,0.227134,1.000000,TURN LEFT,1,1,STREETVIEW_DB,streetview_0021.jpg,21,50.10260777,14.39186595,310.69,28.5179,-0.114880,0.000000,0.799064
2796,46.647,640.00,583.77,-0.107826,0.019960,0.077006,0.228006,1.000000,TURN LEFT,1,1,STREETVIEW_DB,streetview_0021.jpg,21,50.10260777,14.39186595,310.69,28.5179,-0.110851,0.000000,0.799064
2802,46.747,640.00,583.23,-0.105322,0.016622,0.078024,0.228159,1.000000,TURN LEFT,1,1,STREETVIEW_DB,streetview_0021.jpg,21,50.10260777,14.39186595,310.69,28.5179,-0.110141,0.000000,0.799064
2808,46.847,640.00,586.15,-0.088259,0.004111,0.076873,0.229982,1.000000,TURN LEFT,1,1,STREETVIEW_DB,streetview_0021.jpg,21,50.10260777,14.39186595,310.69,28.5179,-0.101723,0.000000,0.799064
2814,46.947,640.00,587.02,-0.090647,0.007859,0.076151,0.229878,1.000000,TURN LEFT,1,1,STREETVIEW_DB,streetview_0021.jpg,21,50.10260777,14.39186595,310.69,28.5179,-0.102202,0.000000,0.799064
2820,47.047,640.00,584.22,-0.109605,0.022448,0.077671,0.227906,1.000000,TURN LEFT,1,1,STREETVIEW_DB,streetview_0021.jpg,21,50.10260777,14.39186595,310.69,28.5179,-0.111314,0.000000,0.799064
2826,47.147,640.00,585.07,-0.116946,0.031126,0.079318,0.227371,1.000000,TURN LEFT,1,1,STREETVIEW_DB,streetview_0021.jpg,21,50.10260777,14.39186595,310.69,28.5179,-0.113783,0.000000,0.799064
2832,47.247,640.00,583.76,-0.112828,0.024954,0.080296,0.227572,1.000000,TURN LEFT,1,1,STREETVIEW_DB,streetview_0021.jpg,21,50.10260777,14.39186595,310.69,28.5179,-0.112854,0.000000,0.799064
2838,47.347,640.00,584.57,-0.121203,0.034598,0.081651,0.226943,1.000000,TURN LEFT,1,1,STREETVIEW_DB,streetview_0021.jpg,21,50.10260777,14.39186595,310.69,28.5179,-0.115760,0.000000,0.799064
2844,47.447,640.00,585.17,-0.119852,0.034187,0.082431,0.227131,1.000000,TURN LEFT,1,1,STREETVIEW_DB,streetview_0021.jpg,21,50.10260777,14.39186595,310.69,28.5179,-0.114890,0.000000,0.799064
2850,47.547,640.00,578.24,-0.139671,0.043174,0.085616,0.224594,1.000000,TURN LEFT,1,1,STREETVIEW_DB,streetview_0021.jpg,21,50.10260777,14.39186595,310.69,28.5179,-0.126610,0.000000,0.799064
2856,47.648,640.00,575.03,-0.137739,0.036222,0.088129,0.224381,1.000000,TURN LEFT,1,1,STREETVIEW_DB,streetview_0021.jpg,21,50.10260777,14.39186595,310.69,28.5179,-0.127593,0.000000,0.799064
2862,47.748,640.00,574.12,-0.140682,0.037744,0.090313,0.224019,1.000000,TURN LEFT,1,1,STREETVIEW_DB,streetview_0021.jpg,21,50.10260777,14.39186595,310.69,28.5179,-0.129268,0.000000,0.799064
2868,47.848,640.00,572.14,-0.161147,0.055118,0.093960,0.222013,1.000000,TURN LEFT,1,1,STREETVIEW_DB,streetview_0021.jpg,21,50.10260777,14.39186595,310.69,28.5179,-0.138536,0.000000,0.799064
2874,47.948,640.00,568.84,-0.168938,0.057744,0.097688,0.220947,1.000000,TURN LEFT,1,1,STREETVIEW_DB,streetview_0021.jpg,21,50.10260777,14.39186595,310.69,28.5179,-0.143460,0.000000,0.799064
2880,48.048,640.00,567.74,-0.161133,0.048224,0.100357,0.220961,1.000000,TURN LEFT,1,1,STREETVIEW_DB,streetview_0021.jpg,21,50.10260777,14.39186595,310.69,29.5780,-0.140939,0.000000,0.817615
2886,48.148,640.00,567.64,-0.138136,0.025067,0.100197,0.222975,1.000000,TURN LEFT,1,1,STREETVIEW_DB,streetview_0021.jpg,21,50.10260777,14.39186595,310.69,29.5780,-0.131796,0.000000,0.817615
2892,48.248,640.00,569.26,-0.135121,0.024584,0.099605,0.223436,1.000000,TURN LEFT,1,1,STREETVIEW_DB,streetview_0021.jpg,21,50.10260777,14.39186595,310.69,29.5780,-0.129703,0.000000,0.817615
2898,48.348,640.00,573.40,-0.131526,0.027464,0.098335,0.224252,0.995909,TURN LEFT,1,1,STREETVIEW_DB,streetview_0021.jpg,21,50.10260777,14.39186595,310.69,29.5780,-0.125999,0.000000,0.817615
2904,48.448,640.00,572.66,-0.116673,0.011446,0.096161,0.225471,1.000000,TURN LEFT,1,1,STREETVIEW_DB,streetview_0021.jpg,21,50.10260777,14.39186595,310.69,29.5780,-0.120465,0.000000,0.817615
2910,48.549,640.00,574.10,-0.111512,0.008540,0.093946,0.226099,1.000000,TURN LEFT,1,1,STREETVIEW_DB,streetview_0021.jpg,21,50.10260777,14.39186595,310.69,29.5780,-0.117612,0.000000,0.817615
2916,48.649,640.00,574.43,-0.101289,-0.001157,0.091378,0.227040,1.000000,TURN LEFT,1,1,STREETVIEW_DB,streetview_0021.jpg,21,50.10260777,14.39186595,310.69,29.5780,-0.113339,0.000000,0.817615
2922,48.749,640.00,570.60,-0.086913,-0.021523,0.088697,0.227845,1.000000,TURN LEFT,1,1,STREETVIEW_DB,streetview_0021.jpg,21,50.10260777,14.39186595,310.69,29.5780,-0.109685,0.000000,0.817615
2928,48.849,640.00,575.61,-0.102010,0.001407,0.087518,0.227119,1.000000,TURN LEFT,1,1,STREETVIEW_DB,streetview_0021.jpg,21,50.10260777,14.39186595,310.69,29.5780,-0.112982,0.000000,0.817615
2934,48.949,640.00,579.51,-0.106289,0.011779,0.086573,0.227211,1.000000,TURN LEFT,1,1,STREETVIEW_DB,streetview_0021.jpg,21,50.10260777,14.39186595,310.69,29.5780,-0.112561,0.000000,0.817615
2940,49.049,640.00,583.93,-0.108428,0.020815,0.085537,0.227555,1.000000,TURN LEFT,1,1,STREETVIEW_DB,streetview_0021.jpg,21,50.10260777,14.39186595,310.69,29.5780,-0.111003,0.000000,0.817615
2946,49.149,640.00,581.88,-0.104198,0.013387,0.084662,0.227681,1.000000,TURN LEFT,1,1,STREETVIEW_DB,streetview_0021.jpg,21,50.10260777,14.39186595,310.69,29.5780,-0.110430,0.000000,0.817615
2952,49.249,640.00,582.48,-0.111246,0.021374,0.084598,0.227132,1.000000,TURN LEFT,1,1,STREETVIEW_DB,streetview_0021.jpg,21,50.10260777,14.39186595,310.69,29.5780,-0.112921,0.000000,0.817615
2958,49.349,640.00,586.00,-0.116530,0.032158,0.084595,0.227091,1.000000,TURN LEFT,1,1,STREETVIEW_DB,streetview_0021.jpg,21,50.10260777,14.39186595,310.69,29.5780,-0.113109,0.000000,0.817615
2964,49.449,640.00,581.49,-0.115299,0.023874,0.085043,0.226655,1.000000,TURN LEFT,1,1,STREETVIEW_DB,streetview_0021.jpg,21,50.10260777,14.39186595,310.69,29.5780,-0.115086,0.000000,0.817615
2970,49.550,640.00,579.61,-0.102121,0.007769,0.084399,0.227591,1.000000,TURN LEFT,1,1,STREETVIEW_DB,streetview_0021.jpg,21,50.10260777,14.39186595,310.69,29.5780,-0.110839,0.000000,0.817615
2976,49.650,640.00,578.60,-0.083928,-0.012015,0.082405,0.229071,1.000000,TURN LEFT,1,1,STREETVIEW_DB,streetview_0021.jpg,21,50.10260777,14.39186595,310.69,29.5780,-0.104118,0.000000,0.817615
2982,49.750,640.00,577.80,-0.078585,-0.018606,0.080582,0.229445,1.000000,TURN LEFT,1,1,STREETVIEW_DB,streetview_0021.jpg,21,50.10260777,14.39186595,310.69,29.5780,-0.102418,0.000000,0.817615
2988,49.850,640.00,582.05,-0.076042,-0.014511,0.078508,0.230181,1.000000,TURN LEFT,1,1,STREETVIEW_DB,streetview_0021.jpg,21,50.10260777,14.39186595,310.69,29.5780,-0.099077,0.000000,0.817615
2994,49.950,640.00,582.56,-0.077070,-0.012682,0.077046,0.230152,1.000000,TURN LEFT,1,1,STREETVIEW_DB,streetview_0021.jpg,21,50.10260777,14.39186595,310.69,29.5780,-0.099208,0.000000,0.817615
3000,50.050,640.00,590.82,-0.082447,0.005609,0.075265,0.230856,1.000000,TURN LEFT,1,1,STREETVIEW_DB,streetview_0021.jpg,21,50.10260777,14.39186595,310.69,29.0493,-0.096839,0.000000,0.808363
3006,50.150,640.00,590.93,-0.092238,0.015570,0.074853,0.230014,1.000000,TURN LEFT,1,1,STREETVIEW_DB,streetview_0021.jpg,21,50.10260777,14.39186595,310.69,29.0493,-0.100696,0.000000,0.808363
3012,50.250,640.00,585.86,-0.078189,-0.006399,0.073914,0.230636,1.000000,TURN LEFT,1,1,STREETVIEW_DB,streetview_0021.jpg,21,50.10260777,14.39186595,310.69,29.0493,-0.097848,0.000000,0.808363
3018,50.350,640.00,589.35,-0.086503,0.007369,0.073558,0.230326,1.000000,TURN LEFT,1,1,STREETVIEW_DB,streetview_0021.jpg,21,50.10260777,14.39186595,310.69,29.0493,-0.099265,0.000000,0.808363
3024,50.450,640.00,585.84,-0.094363,0.009738,0.074445,0.229220,1.000000,TURN LEFT,1,1,STREETVIEW_DB,streetview_0021.jpg,21,50.10260777,14.39186595,310.69,29.0493,-0.104331,0.000000,0.808363
3030,50.550,640.00,584.19,-0.085210,-0.001999,0.074461,0.229822,1.000000,TURN LEFT,1,1,STREETVIEW_DB,streetview_0021.jpg,21,50.10260777,14.39186595,310.69,29.0493,-0.101575,0.000000,0.808363
3036,50.651,640.00,585.96,-0.084992,0.000551,0.074234,0.230053,1.000000,TURN LEFT,1,1,STREETVIEW_DB,streetview_0021.jpg,21,50.10260777,14.39186595,310.69,29.0493,-0.100518,0.000000,0.808363
3042,50.751,640.00,595.40,-0.088102,0.018408,0.073187,0.230908,1.000000,TURN LEFT,1,1,STREETVIEW_DB,streetview_0021.jpg,21,50.10260777,14.39186595,310.69,29.0493,-0.096601,0.000000,0.808363
3048,50.851,640.00,593.91,-0.100842,0.028829,0.073766,0.229618,1.000000,TURN LEFT,1,1,STREETVIEW_DB,streetview_0021.jpg,21,50.10260777,14.39186595,310.69,29.0493,-0.102508,0.000000,0.808363
3054,50.951,640.00,587.58,-0.092585,0.010685,0.074219,0.229584,1.000000,TURN LEFT,1,1,STREETVIEW_DB,streetview_0021.jpg,21,50.10260777,14.39186595,310.69,29.0493,-0.102666,0.000000,0.808363
3060,51.051,640.00,586.72,-0.110140,0.026891,0.076237,0.227947,1.000000,TURN LEFT,1,1,STREETVIEW_DB,streetview_0021.jpg,21,50.10260777,14.39186595,310.69,29.0493,-0.110161,0.000000,0.808363
3066,51.151,640.00,589.58,-0.099853,0.021079,0.076407,0.229188,1.000000,TURN LEFT,1,1,STREETVIEW_DB,streetview_0021.jpg,21,50.10260777,14.39186595,310.69,29.0493,-0.104479,0.000000,0.808363
3072,51.251,640.00,593.75,-0.105284,0.033020,0.076506,0.229211,1.000000,TURN LEFT,1,1,STREETVIEW_DB,streetview_0021.jpg,21,50.10260777,14.39186595,310.69,29.0493,-0.104373,0.000000,0.808363
3078,51.351,640.00,596.09,-0.114822,0.046218,0.077149,0.228658,1.000000,TURN LEFT,1,1,STREETVIEW_DB,streetview_0021.jpg,21,50.10260777,14.39186595,310.69,29.0493,-0.106907,0.000000,0.808363
3084,51.451,640.00,591.28,-0.084376,0.008244,0.075458,0.230742,1.000000,TURN LEFT,1,1,STREETVIEW_DB,streetview_0021.jpg,21,50.10260777,14.39186595,310.69,29.0493,-0.097364,0.000000,0.808363
3090,51.552,640.00,593.71,-0.098813,0.026480,0.075243,0.229771,1.000000,TURN LEFT,1,1,STREETVIEW_DB,streetview_0021.jpg,21,50.10260777,14.39186595,310.69,29.0493,-0.101809,0.000000,0.808363
3096,51.652,640.00,593.13,-0.094230,0.021003,0.074746,0.230103,1.000000,TURN LEFT,1,1,STREETVIEW_DB,streetview_0021.jpg,21,50.10260777,14.39186595,310.69,29.0493,-0.100289,0.000000,0.808363
3102,51.752,640.00,590.74,-0.092870,0.015894,0.074561,0.229935,1.000000,TURN LEFT,1,1,STREETVIEW_DB,streetview_0021.jpg,21,50.10260777,14.39186595,310.69,29.0493,-0.101057,0.000000,0.808363
3108,51.852,640.00,589.91,-0.090655,0.012394,0.074329,0.230030,1.000000,TURN LEFT,1,1,STREETVIEW_DB,streetview_0021.jpg,21,50.10260777,14.39186595,310.69,29.0493,-0.100620,0.000000,0.808363
3114,51.952,640.00,591.58,-0.100706,0.025047,0.074865,0.229351,1.000000,TURN LEFT,1,1,STREETVIEW_DB,streetview_0021.jpg,21,50.10260777,14.39186595,310.69,29.0493,-0.103730,0.000000,0.808363
3120,52.052,640.00,593.30,-0.103830,0.030865,0.076517,0.228126,1.000000,TURN LEFT,1,1,STREETVIEW_DB,streetview_0021.jpg,21,50.10260777,14.39186595,310.69,32.1817,-0.104037,0.000000,0.863180
3126,52.152,640.00,587.90,-0.084649,0.003242,0.076587,0.229209,1.000000,TURN LEFT,1,1,STREETVIEW_DB,streetview_0021.jpg,21,50.10260777,14.39186595,310.69,32.1817,-0.099319,0.000000,0.863180
3132,52.252,640.00,591.88,-0.094265,0.019075,0.077034,0.228825,1.000000,TURN LEFT,1,1,STREETVIEW_DB,streetview_0021.jpg,21,50.10260777,14.39186595,310.69,32.1817,-0.100989,0.000000,0.863180
3138,52.352,640.00,594.16,-0.106868,0.035237,0.078257,0.227954,1.000000,TURN LEFT,1,1,STREETVIEW_DB,streetview_0021.jpg,21,50.10260777,14.39186595,310.69,32.1817,-0.104785,0.000000,0.863180
3144,52.452,640.00,590.13,-0.097935,0.020005,0.078812,0.228268,1.000000,TURN LEFT,1,1,STREETVIEW_DB,streetview_0021.jpg,21,50.10260777,14.39186595,310.69,32.1817,-0.103416,0.000000,0.863180
3150,52.553,640.00,583.91,-0.085901,-0.001732,0.078876,0.228594,1.000000,TURN LEFT,1,1,STREETVIEW_DB,streetview_0021.jpg,21,50.10260777,14.39186595,310.69,32.1817,-0.101999,0.000000,0.863180
3156,52.653,640.00,590.28,-0.087045,0.009354,0.078204,0.229287,1.000000,TURN LEFT,1,1,STREETVIEW_DB,streetview_0021.jpg,21,50.10260777,14.39186595,310.69,32.1817,-0.098977,0.000000,0.863180
3162,52.753,640.00,596.02,-0.100801,0.032088,0.078281,0.228746,1.000000,TURN LEFT,1,1,STREETVIEW_DB,streetview_0021.jpg,21,50.10260777,14.39186595,310.69,32.1817,-0.101337,0.000000,0.863180
3168,52.853,640.00,596.83,-0.090697,0.023244,0.077272,0.229774,1.000000,TURN LEFT,1,1,STREETVIEW_DB,streetview_0021.jpg,21,50.10260777,14.39186595,310.69,32.1817,-0.096854,0.000000,0.863180
3174,52.953,640.00,594.03,-0.083090,0.011266,0.076187,0.230121,1.000000,TURN LEFT,1,1,STREETVIEW_DB,streetview_0021.jpg,21,50.10260777,14.39186595,310.69,32.1817,-0.095342,0.000000,0.863180
3180,53.053,640.00,593.33,-0.086968,0.014049,0.075865,0.229678,1.000000,TURN LEFT,1,1,STREETVIEW_DB,streetview_0021.jpg,21,50.10260777,14.39186595,310.69,32.1817,-0.097276,0.000000,0.863180
3186,53.153,640.00,595.45,-0.083555,0.013948,0.075034,0.230257,1.000000,TURN LEFT,1,1,STREETVIEW_DB,streetview_0021.jpg,21,50.10260777,14.39186595,310.69,32.1817,-0.094752,0.000000,0.863180
3192,53.253,640.00,600.40,-0.081932,0.020057,0.073640,0.231027,1.000000,TURN LEFT,1,1,STREETVIEW_DB,streetview_0021.jpg,21,50.10260777,14.39186595,310.69,32.1817,-0.091396,0.000000,0.863180
3198,53.353,640.00,597.12,-0.078446,0.011450,0.072730,0.230936,1.000000,TURN LEFT,1,1,STREETVIEW_DB,streetview_0021.jpg,21,50.10260777,14.39186595,310.69,32.1817,-0.091794,0.000000,0.863180
3204,53.453,640.00,595.62,-0.104037,0.034699,0.074699,0.228398,1.000000,TURN LEFT,1,1,STREETVIEW_DB,streetview_0021.jpg,21,50.10260777,14.39186595,310.69,32.1817,-0.102850,0.000000,0.863180
3210,53.553,640.00,597.68,-0.103669,0.037547,0.075814,0.228690,1.000000,TURN LEFT,1,1,STREETVIEW_DB,streetview_0021.jpg,21,50.10260777,14.39186595,310.69,32.1817,-0.101577,0.000000,0.863180
3216,53.654,640.00,596.09,-0.102980,0.034368,0.076758,0.228554,1.000000,TURN LEFT,1,1,STREETVIEW_DB,streetview_0021.jpg,21,50.10260777,14.39186595,310.69,32.1817,-0.102173,0.000000,0.863180
3222,53.754,640.00,600.75,-0.114770,0.053445,0.077952,0.228057,1.000000,TURN LEFT,1,1,STREETVIEW_DB,streetview_0021.jpg,21,50.10260777,14.39186595,310.69,32.1817,-0.104339,0.000000,0.863180
3228,53.854,640.00,601.20,-0.115347,0.054715,0.078809,0.228059,1.000000,TURN LEFT,1,1,STREETVIEW_DB,streetview_0021.jpg,21,50.10260777,14.39186595,310.69,32.1817,-0.104327,0.000000,0.863180
3234,53.954,640.00,600.94,-0.110233,0.049198,0.078974,0.228496,1.000000,TURN LEFT,1,1,STREETVIEW_DB,streetview_0021.jpg,21,50.10260777,14.39186595,310.69,32.1817,-0.102422,0.000000,0.863180
3240,54.054,640.00,601.47,-0.092400,0.032198,0.076018,0.231470,1.000000,TURN LEFT,1,1,STREETVIEW_DB,streetview_0021.jpg,21,50.10260777,14.39186595,310.69,28.4205,-0.094998,0.000000,0.797359
3246,54.154,640.00,594.86,-0.062238,-0.008291,0.072001,0.233297,1.000000,TURN LEFT,1,1,STREETVIEW_DB,streetview_0021.jpg,21,50.10260777,14.39186595,310.69,28.4205,-0.086548,0.000000,0.797359
3252,54.254,640.00,598.45,-0.070459,0.005536,0.069406,0.233010,1.000000,TURN LEFT,1,1,STREETVIEW_DB,streetview_0021.jpg,21,50.10260777,14.39186595,310.69,28.4205,-0.087874,0.000000,0.797359
3258,54.354,640.00,595.36,-0.069477,-0.000266,0.067826,0.232731,1.000000,TURN LEFT,1,1,STREETVIEW_DB,streetview_0021.jpg,21,50.10260777,14.39186595,310.69,28.4205,-0.089168,0.000000,0.797359
3264,54.454,640.00,603.38,-0.075106,0.017891,0.066212,0.233192,1.000000,TURN LEFT,1,1,STREETVIEW_DB,streetview_0021.jpg,21,50.10260777,14.39186595,310.69,28.4205,-0.087035,0.000000,0.797359
3270,54.555,640.00,602.16,-0.079216,0.020086,0.065567,0.232691,1.000000,TURN LEFT,1,1,STREETVIEW_DB,streetview_0021.jpg,21,50.10260777,14.39186595,310.69,28.4205,-0.089349,0.000000,0.797359
3276,54.655,640.00,594.84,-0.062606,-0.007949,0.064512,0.233263,1.000000,TURN LEFT,1,1,STREETVIEW_DB,streetview_0021.jpg,21,50.10260777,14.39186595,310.69,28.4205,-0.086703,0.000000,0.797359
3282,54.755,640.00,605.47,-0.069454,0.015494,0.063066,0.233926,1.000000,TURN LEFT,1,1,STREETVIEW_DB,streetview_0021.jpg,21,50.10260777,14.39186595,310.69,28.4205,-0.083634,0.000000,0.797359
3288,54.855,640.00,609.01,-0.059513,0.011098,0.060703,0.235205,1.000000,TURN LEFT,1,1,STREETVIEW_DB,streetview_0021.jpg,21,50.10260777,14.39186595,310.69,28.4205,-0.077718,0.000000,0.797359
3294,54.955,640.00,608.02,-0.049926,-0.000035,0.058266,0.235917,1.000000,TURN LEFT,1,1,STREETVIEW_DB,streetview_0021.jpg,21,50.10260777,14.39186595,310.69,28.4205,-0.074424,0.000000,0.797359
3300,55.055,640.00,607.90,-0.053974,0.003816,0.056888,0.235552,1.000000,TURN LEFT,1,1,STREETVIEW_DB,streetview_0021.jpg,21,50.10260777,14.39186595,310.69,28.4205,-0.076112,0.000000,0.797359
3306,55.155,640.00,610.74,-0.078123,0.032411,0.057707,0.233801,0.989108,TURN LEFT,1,1,STREETVIEW_DB,streetview_0021.jpg,21,50.10260777,14.39186595,310.69,28.4205,-0.084216,0.000000,0.797359
3312,55.255,640.00,614.71,-0.091179,0.051660,0.058979,0.233141,1.000000,TURN LEFT,1,1,STREETVIEW_DB,streetview_0021.jpg,21,50.10260777,14.39186595,310.69,28.4205,-0.087271,0.000000,0.797359
3318,55.355,640.00,615.43,-0.111969,0.073576,0.061665,0.231428,0.998833,TURN LEFT,1,1,STREETVIEW_DB,streetview_0021.jpg,21,50.10260777,14.39186595,310.69,28.4205,-0.095192,0.000000,0.797359
3324,55.455,640.00,614.23,-0.097614,0.057356,0.062462,0.232528,1.000000,TURN LEFT,1,1,STREETVIEW_DB,streetview_0021.jpg,21,50.10260777,14.39186595,310.69,28.4205,-0.090103,0.000000,0.797359
3330,55.556,640.00,612.14,-0.101927,0.058394,0.063677,0.231908,1.000000,TURN LEFT,1,1,STREETVIEW_DB,streetview_0021.jpg,21,50.10260777,14.39186595,310.69,28.4205,-0.092974,0.000000,0.797359
3336,55.656,640.00,609.50,-0.088675,0.041025,0.063690,0.232742,1.000000,TURN LEFT,1,1,STREETVIEW_DB,streetview_0021.jpg,21,50.10260777,14.39186595,310.69,28.4205,-0.089115,0.000000,0.797359
3342,55.756,640.00,606.31,-0.083524,0.030880,0.063629,0.232810,1.000000,TURN LEFT,1,1,STREETVIEW_DB,streetview_0021.jpg,21,50.10260777,14.39186595,310.69,28.4205,-0.088802,0.000000,0.797359
3348,55.856,640.00,612.00,-0.091363,0.047613,0.063590,0.232805,1.000000,TURN LEFT,1,1,STREETVIEW_DB,streetview_0021.jpg,21,50.10260777,14.39186595,310.69,28.4205,-0.088825,0.000000,0.797359
3354,55.956,640.00,611.17,-0.063593,0.018552,0.061181,0.235108,1.000000,TURN LEFT,1,1,STREETVIEW_DB,streetview_0021.jpg,21,50.10260777,14.39186595,310.69,28.4205,-0.078169,0.000000,0.797359
3360,56.056,640.00,608.37,-0.076937,0.027512,0.060303,0.234280,1.000000,TURN LEFT,1,1,STREETVIEW_DB,streetview_0021.jpg,21,50.10260777,14.39186595,310.69,26.2466,-0.085041,0.000000,0.759316
3366,56.156,640.00,610.64,-0.085667,0.039793,0.060155,0.233811,1.000000,TURN LEFT,1,1,STREETVIEW_DB,streetview_0021.jpg,21,50.10260777,14.39186595,310.69,26.2466,-0.087290,0.000000,0.759316
3372,56.256,640.00,610.94,-0.101964,0.056556,0.061418,0.232486,1.000000,TURN LEFT,1,1,STREETVIEW_DB,streetview_0021.jpg,21,50.10260777,14.39186595,310.69,26.2466,-0.093645,0.000000,0.759316
3378,56.356,640.00,612.64,-0.093346,0.050602,0.061384,0.233399,1.000000,TURN LEFT,1,1,STREETVIEW_DB,streetview_0021.jpg,21,50.10260777,14.39186595,310.69,26.2466,-0.089266,0.000000,0.759316
3384,56.456,640.00,615.53,-0.071304,0.033068,0.059119,0.235565,1.000000,TURN LEFT,1,1,STREETVIEW_DB,streetview_0021.jpg,21,50.10260777,14.39186595,310.69,26.2466,-0.078871,0.000000,0.759316
3390,56.556,640.00,614.90,-0.043039,0.003828,0.055127,0.237850,1.000000,GO STRAIGHT,1,1,STREETVIEW_DB,streetview_0021.jpg,21,50.10260777,14.39186595,310.69,26.2466,-0.067906,0.000000,0.759316
3396,56.657,640.00,618.84,-0.058493,0.025438,0.053120,0.237011,1.000000,GO STRAIGHT,1,1,STREETVIEW_DB,streetview_0021.jpg,21,50.10260777,14.39186595,310.69,26.2466,-0.071934,0.000000,0.759316
3402,56.757,640.00,616.41,-0.060681,0.023827,0.052150,0.236552,1.000000,GO STRAIGHT,1,1,STREETVIEW_DB,streetview_0021.jpg,21,50.10260777,14.39186595,310.69,26.2466,-0.074139,0.000000,0.759316
3408,56.857,640.00,618.81,-0.051716,0.018610,0.050396,0.237572,1.000000,GO STRAIGHT,1,1,STREETVIEW_DB,streetview_0021.jpg,21,50.10260777,14.39186595,310.69,26.2466,-0.069241,0.000000,0.759316
3414,56.957,640.00,620.65,-0.045907,0.015671,0.048416,0.238266,1.000000,GO STRAIGHT,1,1,STREETVIEW_DB,streetview_0021.jpg,21,50.10260777,14.39186595,310.69,26.2466,-0.065912,0.000000,0.759316
3420,57.057,640.00,619.77,-0.047473,0.015870,0.047229,0.238036,1.000000,GO STRAIGHT,1,1,STREETVIEW_DB,streetview_0021.jpg,21,50.10260777,14.39186595,310.69,26.2466,-0.067017,0.000000,0.759316
3426,57.157,640.00,619.47,-0.051519,0.019442,0.046758,0.237664,1.000000,GO STRAIGHT,1,1,STREETVIEW_DB,streetview_0021.jpg,21,50.10260777,14.39186595,310.69,26.2466,-0.068802,0.000000,0.759316
3432,57.257,640.00,616.72,-0.036858,0.000485,0.045480,0.238573,1.000000,GO STRAIGHT,1,1,STREETVIEW_DB,streetview_0021.jpg,21,50.10260777,14.39186595,310.69,26.2466,-0.064441,0.000000,0.759316
3438,57.357,640.00,616.43,-0.039460,0.002633,0.044818,0.238323,1.000000,GO STRAIGHT,1,1,STREETVIEW_DB,streetview_0021.jpg,21,50.10260777,14.39186595,310.69,26.2466,-0.065641,0.000000,0.759316
3444,57.457,640.00,614.70,-0.029352,-0.010173,0.043674,0.238969,1.000000,GO STRAIGHT,1,1,STREETVIEW_DB,streetview_0021.jpg,21,50.10260777,14.39186595,310.69,26.2466,-0.062541,0.000000,0.759316
3450,57.558,640.00,610.81,-0.021114,-0.024488,0.042598,0.239212,1.000000,GO STRAIGHT,1,1,STREETVIEW_DB,streetview_0021.jpg,21,50.10260777,14.39186595,310.69,26.2466,-0.061373,0.000000,0.759316
3456,57.658,640.00,606.20,-0.012771,-0.040037,0.041648,0.239382,1.000000,GO STRAIGHT,1,1,STREETVIEW_DB,streetview_0021.jpg,21,50.10260777,14.39186595,310.69,26.2466,-0.060558,0.000000,0.759316
3462,57.758,640.00,606.37,-0.015452,-0.037098,0.041176,0.239177,1.000000,GO STRAIGHT,1,1,STREETVIEW_DB,streetview_0021.jpg,21,50.10260777,14.39186595,310.69,26.2466,-0.061541,0.000000,0.759316
3468,57.858,640.00,600.11,-0.011951,-0.050381,0.041272,0.238756,1.000000,GO STRAIGHT,1,1,STREETVIEW_DB,streetview_0021.jpg,21,50.10260777,14.39186595,310.69,26.2466,-0.063563,0.000000,0.759316
3474,57.958,640.00,596.50,-0.020225,-0.047748,0.042479,0.237654,1.000000,GO STRAIGHT,1,1,STREETVIEW_DB,streetview_0021.jpg,21,50.10260777,14.39186595,310.69,26.2466,-0.068848,0.000000,0.759316
3480,58.058,640.00,592.24,-0.012338,-0.062293,0.042815,0.238170,1.000000,GO STRAIGHT,1,1,STREETVIEW_DB,streetview_0021.jpg,21,50.10260777,14.39186595,310.69,24.8240,-0.068023,0.000000,0.734420
3486,58.158,640.00,592.90,-0.019729,-0.053869,0.043603,0.237643,1.000000,GO STRAIGHT,1,1,STREETVIEW_DB,streetview_0021.jpg,21,50.10260777,14.39186595,310.69,24.8240,-0.070618,0.000000,0.734420
3492,58.258,640.00,596.71,-0.025367,-0.042269,0.044205,0.237608,1.000000,GO STRAIGHT,1,1,STREETVIEW_DB,streetview_0021.jpg,21,50.10260777,14.39186595,310.69,24.8240,-0.070787,0.000000,0.734420
3498,58.358,640.00,599.32,-0.030517,-0.033048,0.044772,0.237479,1.000000,GO STRAIGHT,1,1,STREETVIEW_DB,streetview_0021.jpg,21,50.10260777,14.39186595,310.69,24.8240,-0.071422,0.000000,0.734420
3504,58.458,640.00,600.48,-0.045679,-0.016070,0.046322,0.236375,1.000000,TURN LEFT,1,1,STREETVIEW_DB,streetview_0021.jpg,21,50.10260777,14.39186595,310.69,24.8240,-0.076851,0.000000,0.734420
3510,58.559,640.00,601.16,-0.048501,-0.012192,0.047598,0.236221,1.000000,TURN LEFT,1,1,STREETVIEW_DB,streetview_0021.jpg,21,50.10260777,14.39186595,310.69,24.8240,-0.077611,0.000000,0.734420
3516,58.659,640.00,603.96,-0.072163,0.015844,0.050184,0.234607,1.000000,TURN LEFT,1,1,STREETVIEW_DB,streetview_0021.jpg,21,50.10260777,14.39186595,310.69,24.8240,-0.085544,0.000000,0.734420
3522,58.759,640.00,599.80,-0.063245,0.000430,0.051774,0.234870,1.000000,TURN LEFT,1,1,STREETVIEW_DB,streetview_0021.jpg,21,50.10260777,14.39186595,310.69,24.8240,-0.084250,0.000000,0.734420
3528,58.859,640.00,594.82,-0.053465,-0.017135,0.052669,0.235112,1.000000,TURN LEFT,1,1,STREETVIEW_DB,streetview_0021.jpg,21,50.10260777,14.39186595,310.69,24.8240,-0.083063,0.000000,0.734420
3534,58.959,640.00,592.71,-0.042882,-0.031012,0.052666,0.235738,1.000000,TURN LEFT,1,1,STREETVIEW_DB,streetview_0021.jpg,21,50.10260777,14.39186595,310.69,24.8240,-0.079983,0.000000,0.734420
3540,59.059,640.00,591.42,-0.047028,-0.028879,0.053161,0.235258,1.000000,TURN LEFT,1,1,STREETVIEW_DB,streetview_0021.jpg,21,50.10260777,14.39186595,310.69,24.8240,-0.082346,0.000000,0.734420
3546,59.159,640.00,587.00,-0.043770,-0.039041,0.053751,0.235031,1.000000,TURN LEFT,1,1,STREETVIEW_DB,streetview_0021.jpg,21,50.10260777,14.39186595,310.69,24.8240,-0.083459,0.000000,0.734420
3552,59.259,640.00,583.23,-0.037047,-0.051662,0.054045,0.235158,1.000000,TURN LEFT,1,1,STREETVIEW_DB,streetview_0021.jpg,21,50.10260777,14.39186595,310.69,24.8240,-0.082834,0.000000,0.734420
3558,59.359,640.00,582.87,-0.051322,-0.037951,0.055498,0.233957,1.000000,TURN LEFT,1,1,STREETVIEW_DB,streetview_0021.jpg,21,50.10260777,14.39186595,310.69,24.8240,-0.088742,0.000000,0.734420
3564,59.459,640.00,582.23,-0.050046,-0.040214,0.056510,0.233991,1.000000,TURN LEFT,1,1,STREETVIEW_DB,streetview_0021.jpg,21,50.10260777,14.39186595,310.69,24.8240,-0.088576,0.000000,0.734420
3570,59.559,640.00,586.28,-0.045882,-0.038051,0.056422,0.234780,1.000000,TURN LEFT,1,1,STREETVIEW_DB,streetview_0021.jpg,21,50.10260777,14.39186595,310.69,24.8240,-0.084697,0.000000,0.734420
3576,59.660,640.00,584.48,-0.046052,-0.040690,0.056581,0.234566,1.000000,TURN LEFT,1,1,STREETVIEW_DB,streetview_0021.jpg,21,50.10260777,14.39186595,310.69,24.8240,-0.085748,0.000000,0.734420
3582,59.760,640.00,583.51,-0.050187,-0.038085,0.057155,0.234121,1.000000,TURN LEFT,1,1,STREETVIEW_DB,streetview_0021.jpg,21,50.10260777,14.39186595,310.69,24.8240,-0.087937,0.000000,0.734420
3588,59.860,640.00,581.59,-0.048315,-0.042955,0.057631,0.234060,1.000000,TURN LEFT,1,1,STREETVIEW_DB,streetview_0021.jpg,21,50.10260777,14.39186595,310.69,24.8240,-0.088238,0.000000,0.734420
3594,59.960,640.00,584.48,-0.052564,-0.034183,0.057999,0.234036,1.000000,TURN LEFT,1,1,STREETVIEW_DB,streetview_0021.jpg,21,50.10260777,14.39186595,310.69,24.8240,-0.088354,0.000000,0.734420
3600,60.060,640.00,582.97,-0.058613,-0.030502,0.059556,0.232786,1.000000,TURN LEFT,1,1,STREETVIEW_DB,streetview_0025.jpg,25,50.10272601,14.39165156,310.69,26.3526,-0.092195,0.000000,0.761170
3606,60.160,640.00,581.66,-0.058320,-0.032833,0.060805,0.232662,1.000000,TURN LEFT,1,1,STREETVIEW_DB,streetview_0025.jpg,25,50.10272601,14.39165156,310.69,26.3526,-0.092791,0.000000,0.761170
3612,60.260,640.00,578.73,-0.092552,-0.003190,0.065007,0.229468,1.000000,TURN LEFT,1,1,STREETVIEW_DB,streetview_0025.jpg,25,50.10272601,14.39165156,310.69,26.3526,-0.108090,0.000000,0.761170
3618,60.360,640.00,581.08,-0.106081,0.014014,0.068923,0.228606,1.000000,TURN LEFT,1,1,STREETVIEW_DB,streetview_0025.jpg,25,50.10272601,14.39165156,310.69,26.3526,-0.112215,0.000000,0.761170
3624,60.460,640.00,578.70,-0.132296,0.036520,0.074286,0.226146,1.000000,TURN LEFT,1,1,STREETVIEW_DB,streetview_0025.jpg,25,50.10272601,14.39165156,310.69,26.3526,-0.124000,0.000000,0.761170
3630,60.560,640.00,582.49,-0.125778,0.035926,0.077137,0.227123,1.000000,TURN LEFT,1,1,STREETVIEW_DB,streetview_0025.jpg,25,50.10272601,14.39165156,310.69,26.3526,-0.119319,0.000000,0.761170
3636,60.661,640.00,578.14,-0.115306,0.018650,0.078800,0.227501,1.000000,TURN LEFT,1,1,STREETVIEW_DB,streetview_0025.jpg,25,50.10272601,14.39165156,310.69,26.3526,-0.117511,0.000000,0.761170
3642,60.761,640.00,576.90,-0.144353,0.045756,0.082651,0.224933,1.000000,TURN LEFT,1,1,STREETVIEW_DB,streetview_0025.jpg,25,50.10272601,14.39165156,310.69,26.3526,-0.129810,0.000000,0.761170
3648,60.861,640.00,573.35,-0.136147,0.032012,0.085134,0.225214,1.000000,TURN LEFT,1,1,STREETVIEW_DB,streetview_0025.jpg,25,50.10272601,14.39165156,310.69,26.3526,-0.128466,0.000000,0.761170
3654,60.961,640.00,568.91,-0.110922,-0.000148,0.085268,0.226813,1.000000,TURN LEFT,1,1,STREETVIEW_DB,streetview_0025.jpg,25,50.10272601,14.39165156,310.69,26.3526,-0.120803,0.000000,0.761170
3660,61.061,640.00,571.31,-0.119693,0.012360,0.085840,0.226354,1.000000,TURN LEFT,1,1,STREETVIEW_DB,streetview_0025.jpg,25,50.10272601,14.39165156,310.69,26.3526,-0.123004,0.000000,0.761170
3666,61.161,640.00,567.40,-0.105662,-0.007772,0.085500,0.227080,1.000000,TURN LEFT,1,1,STREETVIEW_DB,streetview_0025.jpg,25,50.10272601,14.39165156,310.69,26.3526,-0.119526,0.000000,0.761170
3672,61.261,640.00,570.35,-0.111730,0.002895,0.085433,0.226909,1.000000,TURN LEFT,1,1,STREETVIEW_DB,streetview_0025.jpg,25,50.10272601,14.39165156,310.69,26.3526,-0.120343,0.000000,0.761170
3678,61.361,640.00,564.37,-0.086857,-0.031322,0.083942,0.228304,1.000000,TURN LEFT,1,1,STREETVIEW_DB,streetview_0025.jpg,25,50.10272601,14.39165156,310.69,26.3526,-0.113665,0.000000,0.761170
3684,61.461,640.00,561.58,-0.074055,-0.048481,0.082093,0.229054,1.000000,TURN LEFT,1,1,STREETVIEW_DB,streetview_0025.jpg,25,50.10272601,14.39165156,310.69,26.3526,-0.110069,0.000000,0.761170
3690,61.562,640.00,556.43,-0.066677,-0.063902,0.080732,0.229083,1.000000,TURN LEFT,1,1,STREETVIEW_DB,streetview_0025.jpg,25,50.10272601,14.39165156,310.69,26.3526,-0.109933,0.000000,0.761170
3696,61.662,640.00,552.95,-0.053401,-0.082620,0.079017,0.229794,1.000000,TURN LEFT,1,1,STREETVIEW_DB,streetview_0025.jpg,25,50.10272601,14.39165156,310.69,26.3526,-0.106527,0.000000,0.761170
3702,61.762,640.00,556.81,-0.059121,-0.070866,0.077821,0.229757,1.000000,TURN LEFT,1,1,STREETVIEW_DB,streetview_0025.jpg,25,50.10272601,14.39165156,310.69,26.3526,-0.106704,0.000000,0.761170
3708,61.862,640.00,553.01,-0.053414,-0.082509,0.076915,0.229800,1.000000,TURN LEFT,1,1,STREETVIEW_DB,streetview_0025.jpg,25,50.10272601,14.39165156,310.69,26.3526,-0.106498,0.000000,0.761170
3714,61.962,640.00,553.03,-0.049499,-0.086386,0.075922,0.230130,1.000000,TURN LEFT,1,1,STREETVIEW_DB,streetview_0025.jpg,25,50.10272601,14.39165156,310.69,26.3526,-0.104919,0.000000,0.761170
3720,62.062,640.00,551.15,-0.046093,-0.092737,0.075278,0.230061,1.000000,TURN LEFT,1,1,STREETVIEW_DB,streetview_0025.jpg,25,50.10272601,14.39165156,310.69,26.7243,-0.104587,0.000000,0.767675
3726,62.162,640.00,553.41,-0.042406,-0.092897,0.074226,0.230630,1.000000,TURN LEFT,1,1,STREETVIEW_DB,streetview_0025.jpg,25,50.10272601,14.39165156,310.69,26.7243,-0.101878,0.000000,0.767675
3732,62.262,640.00,554.28,-0.034705,-0.099239,0.072696,0.231377,1.000000,TURN LEFT,1,1,STREETVIEW_DB,streetview_0025.jpg,25,50.10272601,14.39165156,310.69,26.7243,-0.098321,0.000000,0.767675
3738,62.362,640.00,556.40,-0.035860,-0.094768,0.071442,0.231524,1.000000,TURN LEFT,1,1,STREETVIEW_DB,streetview_0025.jpg,25,50.10272601,14.39165156,310.69,26.7243,-0.097623,0.000000,0.767675
3744,62.462,640.00,554.06,-0.025772,-0.108510,0.069942,0.232103,1.000000,TURN LEFT,1,1,STREETVIEW_DB,streetview_0025.jpg,25,50.10272601,14.39165156,310.69,26.7243,-0.094867,0.000000,0.767675
3750,62.562,640.00,552.58,-0.025087,-0.111508,0.068977,0.231990,1.000000,TURN LEFT,1,1,STREETVIEW_DB,streetview_0025.jpg,25,50.10272601,14.39165156,310.69,26.7243,-0.095402,0.000000,0.767675
3756,62.663,640.00,555.16,-0.036286,-0.096270,0.068949,0.231346,1.000000,TURN LEFT,1,1,STREETVIEW_DB,streetview_0025.jpg,25,50.10272601,14.39165156,310.69,26.7243,-0.098469,0.000000,0.767675
3762,62.763,640.00,554.83,-0.042070,-0.091004,0.069470,0.230822,1.000000,TURN LEFT,1,1,STREETVIEW_DB,streetview_0025.jpg,25,50.10272601,14.39165156,310.69,26.7243,-0.100964,0.000000,0.767675
3768,62.863,640.00,559.85,-0.048996,-0.076232,0.069851,0.230817,1.000000,TURN LEFT,1,1,STREETVIEW_DB,streetview_0025.jpg,25,50.10272601,14.39165156,310.69,26.7243,-0.100988,0.000000,0.767675
3774,62.963,640.00,563.90,-0.061330,-0.057571,0.070716,0.230246,1.000000,TURN LEFT,1,1,STREETVIEW_DB,streetview_0025.jpg,25,50.10272601,14.39165156,310.69,26.7243,-0.103707,0.000000,0.767675
3780,63.063,640.00,561.33,-0.045551,-0.077374,0.070273,0.231276,1.000000,TURN LEFT,1,1,STREETVIEW_DB,streetview_0025.jpg,25,50.10272601,14.39165156,310.69,26.7243,-0.098804,0.000000,0.767675
3786,63.163,640.00,561.93,-0.043063,-0.078921,0.069667,0.231554,1.000000,TURN LEFT,1,1,STREETVIEW_DB,streetview_0025.jpg,25,50.10272601,14.39165156,310.69,26.7243,-0.097479,0.000000,0.767675
3792,63.263,640.00,561.46,-0.041852,-0.080865,0.069181,0.231602,1.000000,TURN LEFT,1,1,STREETVIEW_DB,streetview_0025.jpg,25,50.10272601,14.39165156,310.69,26.7243,-0.097251,0.000000,0.767675
3798,63.363,640.00,564.35,-0.046468,-0.071730,0.068889,0.231546,1.000000,TURN LEFT,1,1,STREETVIEW_DB,streetview_0025.jpg,25,50.10272601,14.39165156,310.69,26.7243,-0.097516,0.000000,0.767675
3804,63.463,640.00,557.68,-0.047006,-0.081625,0.069518,0.230734,1.000000,TURN LEFT,1,1,STREETVIEW_DB,streetview_0025.jpg,25,50.10272601,14.39165156,310.69,26.7243,-0.101383,0.000000,0.767675
3810,63.563,640.00,564.52,-0.055870,-0.062070,0.069929,0.230775,1.000000,TURN LEFT,1,1,STREETVIEW_DB,streetview_0025.jpg,25,50.10272601,14.39165156,310.69,26.7243,-0.101187,0.000000,0.767675
3816,63.664,640.00,557.28,-0.053222,-0.076023,0.070853,0.230166,1.000000,TURN LEFT,1,1,STREETVIEW_DB,streetview_0025.jpg,25,50.10272601,14.39165156,310.69,26.7243,-0.104084,0.000000,0.767675
3822,63.764,640.00,563.36,-0.063060,-0.056697,0.071653,0.230037,1.000000,TURN LEFT,1,1,STREETVIEW_DB,streetview_0025.jpg,25,50.10272601,14.39165156,310.69,26.7243,-0.104698,0.000000,0.767675
3828,63.864,640.00,562.81,-0.058373,-0.062241,0.071886,0.230368,1.000000,TURN LEFT,1,1,STREETVIEW_DB,streetview_0025.jpg,25,50.10272601,14.39165156,310.69,26.7243,-0.103123,0.000000,0.767675
3834,63.964,640.00,571.04,-0.078675,-0.029073,0.072840,0.229608,1.000000,TURN LEFT,1,1,STREETVIEW_DB,streetview_0025.jpg,25,50.10272601,14.39165156,310.69,26.7243,-0.106741,0.000000,0.767675
3840,64.064,640.00,576.78,-0.086021,-0.012759,0.075713,0.227494,1.000000,TURN LEFT,1,1,STREETVIEW_DB,streetview_0025.jpg,25,50.10272601,14.39165156,310.69,32.4176,-0.106541,0.000000,0.867308
3846,64.164,640.00,576.92,-0.077720,-0.020849,0.076973,0.228276,1.000000,TURN LEFT,1,1,STREETVIEW_DB,streetview_0025.jpg,25,50.10272601,14.39165156,310.69,32.4176,-0.103147,0.000000,0.867308
3852,64.264,640.00,571.28,-0.065281,-0.042101,0.077430,0.228711,1.000000,TURN LEFT,1,1,STREETVIEW_DB,streetview_0025.jpg,25,50.10272601,14.39165156,310.69,32.4176,-0.101256,0.000000,0.867308
3858,64.364,640.00,568.54,-0.064263,-0.047393,0.078018,0.228461,1.000000,TURN LEFT,1,1,STREETVIEW_DB,streetview_0025.jpg,25,50.10272601,14.39165156,310.69,32.4176,-0.102344,0.000000,0.867308
3864,64.464,640.00,562.17,-0.060026,-0.061589,0.078868,0.228048,1.000000,TURN LEFT,1,1,STREETVIEW_DB,streetview_0025.jpg,25,50.10272601,14.39165156,310.69,32.4176,-0.104135,0.000000,0.867308
3870,64.564,640.00,559.47,-0.060653,-0.065178,0.079891,0.227651,1.000000,TURN LEFT,1,1,STREETVIEW_DB,streetview_0025.jpg,25,50.10272601,14.39165156,310.69,32.4176,-0.105861,0.000000,0.867308
3876,64.665,640.00,559.94,-0.063317,-0.061770,0.080819,0.227465,1.000000,TURN LEFT,1,1,STREETVIEW_DB,streetview_0025.jpg,25,50.10272601,14.39165156,310.69,32.4176,-0.106667,0.000000,0.867308
3882,64.765,640.00,556.63,-0.061542,-0.068726,0.081750,0.227211,1.000000,TURN LEFT,1,1,STREETVIEW_DB,streetview_0025.jpg,25,50.10272601,14.39165156,310.69,32.4176,-0.107770,0.000000,0.867308
3888,64.865,640.00,552.96,-0.060504,-0.075500,0.082800,0.226844,1.000000,TURN LEFT,1,1,STREETVIEW_DB,streetview_0025.jpg,25,50.10272601,14.39165156,310.69,32.4176,-0.109362,0.000000,0.867308
3894,64.965,640.00,555.23,-0.066159,-0.066293,0.083798,0.226609,1.000000,TURN LEFT,1,1,STREETVIEW_DB,streetview_0025.jpg,25,50.10272601,14.39165156,310.69,32.4176,-0.110382,0.000000,0.867308
3900,65.065,640.00,561.25,-0.073913,-0.049129,0.084471,0.226653,1.000000,TURN LEFT,1,1,STREETVIEW_DB,streetview_0025.jpg,25,50.10272601,14.39165156,310.69,32.4176,-0.110190,0.000000,0.867308
3906,65.165,640.00,562.56,-0.074606,-0.046388,0.084851,0.226755,1.000000,TURN LEFT,1,1,STREETVIEW_DB,streetview_0025.jpg,25,50.10272601,14.39165156,310.69,32.4176,-0.109750,0.000000,0.867308
3912,65.265,640.00,560.54,-0.079291,-0.044859,0.085834,0.226069,1.000000,TURN LEFT,1,1,STREETVIEW_DB,streetview_0025.jpg,25,50.10272601,14.39165156,310.69,32.4176,-0.112728,0.000000,0.867308
3918,65.365,640.00,555.88,-0.074284,-0.057155,0.086672,0.225942,1.000000,TURN LEFT,1,1,STREETVIEW_DB,streetview_0025.jpg,25,50.10272601,14.39165156,310.69,32.4176,-0.113277,0.000000,0.867308
3924,65.465,640.00,551.10,-0.061843,-0.077056,0.086713,0.226487,1.000000,TURN LEFT,1,1,STREETVIEW_DB,streetview_0025.jpg,25,50.10272601,14.39165156,310.69,32.4176,-0.110912,0.000000,0.867308
3930,65.566,640.00,546.89,-0.061313,-0.084168,0.087240,0.226005,1.000000,TURN LEFT,1,1,STREETVIEW_DB,streetview_0025.jpg,25,50.10272601,14.39165156,310.69,32.4176,-0.113003,0.000000,0.867308
3936,65.666,640.00,544.03,-0.062286,-0.087673,0.088085,0.225555,1.000000,TURN LEFT,1,1,STREETVIEW_DB,streetview_0025.jpg,25,50.10272601,14.39165156,310.69,32.4176,-0.114959,0.000000,0.867308
3942,65.766,640.00,543.02,-0.065926,-0.085612,0.089172,0.225092,1.000000,TURN LEFT,1,1,STREETVIEW_DB,streetview_0025.jpg,25,50.10272601,14.39165156,310.69,32.4176,-0.116968,0.000000,0.867308
3948,65.866,640.00,543.11,-0.076302,-0.075090,0.090931,0.224148,1.000000,TURN LEFT,1,1,STREETVIEW_DB,streetview_0025.jpg,25,50.10272601,14.39165156,310.69,32.4176,-0.121067,0.000000,0.867308
3954,65.966,640.00,539.91,-0.076411,-0.079973,0.092624,0.223735,1.000000,TURN LEFT,1,1,STREETVIEW_DB,streetview_0025.jpg,25,50.10272601,14.39165156,310.69,32.4176,-0.122859,0.000000,0.867308
3960,66.066,640.00,537.75,-0.074849,-0.084915,0.093154,0.224402,1.000000,TURN LEFT,1,1,STREETVIEW_DB,streetview_0025.jpg,25,50.10272601,14.39165156,310.69,30.6053,-0.123416,0.000000,0.835592
3966,66.166,640.00,533.88,-0.076437,-0.089383,0.094173,0.223785,0.990675,TURN LEFT,1,1,STREETVIEW_DB,streetview_0025.jpg,25,50.10272601,14.39165156,310.69,30.6053,-0.126172,0.000000,0.835592
3972,66.266,640.00,534.90,-0.084456,-0.079768,0.095520,0.223192,0.993799,TURN LEFT,1,1,STREETVIEW_DB,streetview_0025.jpg,25,50.10272601,14.39165156,310.69,30.6053,-0.128820,0.000000,0.835592
3978,66.366,640.00,534.80,-0.081378,-0.082998,0.096217,0.223456,1.000000,TURN LEFT,1,1,STREETVIEW_DB,streetview_0025.jpg,25,50.10272601,14.39165156,310.69,30.6053,-0.127643,0.000000,0.835592
3984,66.466,640.00,539.39,-0.088806,-0.068396,0.096825,0.223353,1.000000,TURN LEFT,1,1,STREETVIEW_DB,streetview_0025.jpg,25,50.10272601,14.39165156,310.69,30.6053,-0.128103,0.000000,0.835592
3990,66.567,640.00,544.95,-0.105500,-0.043017,0.098105,0.222538,1.000000,TURN LEFT,1,1,STREETVIEW_DB,streetview_0025.jpg,25,50.10272601,14.39165156,310.69,30.6053,-0.131740,0.000000,0.835592
3996,66.667,640.00,541.63,-0.091028,-0.062679,0.098108,0.223428,1.000000,TURN LEFT,1,1,STREETVIEW_DB,streetview_0025.jpg,25,50.10272601,14.39165156,310.69,30.6053,-0.127768,0.000000,0.835592
4002,66.767,640.00,542.49,-0.081680,-0.070681,0.097135,0.224370,1.000000,TURN LEFT,1,1,STREETVIEW_DB,streetview_0025.jpg,25,50.10272601,14.39165156,310.69,30.6053,-0.123558,0.000000,0.835592
4008,66.867,640.00,548.20,-0.078298,-0.065139,0.095398,0.225373,1.000000,TURN LEFT,1,1,STREETVIEW_DB,streetview_0025.jpg,25,50.10272601,14.39165156,310.69,30.6053,-0.119081,0.000000,0.835592
4014,66.967,640.00,548.03,-0.072606,-0.071104,0.093643,0.225861,1.000000,TURN LEFT,1,1,STREETVIEW_DB,streetview_0025.jpg,25,50.10272601,14.39165156,310.69,30.6053,-0.116900,0.000000,0.835592
4020,67.067,640.00,551.02,-0.073862,-0.065175,0.092116,0.226115,1.000000,TURN LEFT,1,1,STREETVIEW_DB,streetview_0025.jpg,25,50.10272601,14.39165156,310.69,30.6053,-0.115767,0.000000,0.835592
4026,67.167,640.00,552.82,-0.069954,-0.066265,0.090428,0.226685,1.000000,TURN LEFT,1,1,STREETVIEW_DB,streetview_0025.jpg,25,50.10272601,14.39165156,310.69,30.6053,-0.113218,0.000000,0.835592
4032,67.267,640.00,557.24,-0.073306,-0.056013,0.088963,0.226926,1.000000,TURN LEFT,1,1,STREETVIEW_DB,streetview_0025.jpg,25,50.10272601,14.39165156,310.69,30.6053,-0.112143,0.000000,0.835592
4038,67.367,640.00,556.96,-0.060238,-0.069510,0.086733,0.228063,1.000000,TURN LEFT,1,1,STREETVIEW_DB,streetview_0025.jpg,25,50.10272601,14.39165156,310.69,30.6053,-0.107066,0.000000,0.835592
4044,67.467,640.00,556.38,-0.058064,-0.072597,0.085000,0.228186,1.000000,TURN LEFT,1,1,STREETVIEW_DB,streetview_0025.jpg,25,50.10272601,14.39165156,310.69,30.6053,-0.106516,0.000000,0.835592
4050,67.567,640.00,556.67,-0.046350,-0.083860,0.082632,0.229270,1.000000,TURN LEFT,1,1,STREETVIEW_DB,streetview_0025.jpg,25,50.10272601,14.39165156,310.69,30.6053,-0.101673,0.000000,0.835592
4056,67.668,640.00,556.89,-0.051877,-0.077983,0.081409,0.228803,1.000000,TURN LEFT,1,1,STREETVIEW_DB,streetview_0025.jpg,25,50.10272601,14.39165156,310.69,30.6053,-0.103761,0.000000,0.835592
4062,67.768,640.00,559.69,-0.058197,-0.067295,0.080761,0.228579,1.000000,TURN LEFT,1,1,STREETVIEW_DB,streetview_0025.jpg,25,50.10272601,14.39165156,310.69,30.6053,-0.104761,0.000000,0.835592
4068,67.868,640.00,558.39,-0.056096,-0.071423,0.080263,0.228608,1.000000,TURN LEFT,1,1,STREETVIEW_DB,streetview_0025.jpg,25,50.10272601,14.39165156,310.69,30.6053,-0.104629,0.000000,0.835592
4074,67.968,640.00,559.35,-0.050128,-0.075895,0.079232,0.229260,1.000000,TURN LEFT,1,1,STREETVIEW_DB,streetview_0025.jpg,25,50.10272601,14.39165156,310.69,30.6053,-0.101718,0.000000,0.835592
4080,68.068,640.00,557.46,-0.043292,-0.085675,0.075991,0.231676,1.000000,TURN LEFT,1,1,STREETVIEW_DB,streetview_0025.jpg,25,50.10272601,14.39165156,310.69,24.8833,-0.100015,0.000000,0.735458
4086,68.168,640.00,555.76,-0.038356,-0.093269,0.073438,0.231888,1.000000,TURN LEFT,1,1,STREETVIEW_DB,streetview_0025.jpg,25,50.10272601,14.39165156,310.69,24.8833,-0.098970,0.000000,0.735458
4092,68.268,640.00,565.34,-0.049527,-0.067130,0.071438,0.232045,1.000000,TURN LEFT,1,1,STREETVIEW_DB,streetview_0025.jpg,25,50.10272601,14.39165156,310.69,24.8833,-0.098200,0.000000,0.735458
4098,68.368,640.00,562.99,-0.038673,-0.081658,0.069355,0.232667,1.000000,TURN LEFT,1,1,STREETVIEW_DB,streetview_0025.jpg,25,50.10272601,14.39165156,310.69,24.8833,-0.095144,0.000000,0.735458
4104,68.468,640.00,563.41,-0.038126,-0.081542,0.067760,0.232759,1.000000,TURN LEFT,1,1,STREETVIEW_DB,streetview_0025.jpg,25,50.10272601,14.39165156,310.69,24.8833,-0.094693,0.000000,0.735458
4110,68.569,640.00,569.37,-0.055987,-0.054373,0.067430,0.231968,1.000000,TURN LEFT,1,1,STREETVIEW_DB,streetview_0025.jpg,25,50.10272601,14.39165156,310.69,24.8833,-0.098580,0.000000,0.735458
4116,68.669,640.00,576.77,-0.094706,-0.004097,0.069600,0.229639,1.000000,TURN LEFT,1,1,STREETVIEW_DB,streetview_0025.jpg,25,50.10272601,14.39165156,310.69,24.8833,-0.110023,0.000000,0.735458
4122,68.769,640.00,574.66,-0.058394,-0.043706,0.068349,0.232360,1.000000,TURN LEFT,1,1,STREETVIEW_DB,streetview_0025.jpg,25,50.10272601,14.39165156,310.69,24.8833,-0.096652,0.000000,0.735458
4128,68.869,640.00,571.12,-0.039906,-0.067726,0.066299,0.233472,0.987220,TURN LEFT,1,1,STREETVIEW_DB,streetview_0025.jpg,25,50.10272601,14.39165156,310.69,24.8833,-0.091193,0.000000,0.735458
4134,68.969,640.00,578.03,-0.083975,-0.012849,0.067737,0.230653,1.000000,TURN LEFT,1,1,STREETVIEW_DB,streetview_0025.jpg,25,50.10272601,14.39165156,310.69,24.8833,-0.105038,0.000000,0.735458
4140,69.069,640.00,576.07,-0.057914,-0.041971,0.066804,0.232557,1.000000,TURN LEFT,1,1,STREETVIEW_DB,streetview_0025.jpg,25,50.10272601,14.39165156,310.69,24.8833,-0.095685,0.000000,0.735458
4146,69.169,640.00,572.83,-0.041220,-0.063740,0.065100,0.233555,0.998218,TURN LEFT,1,1,STREETVIEW_DB,streetview_0025.jpg,25,50.10272601,14.39165156,310.69,24.8833,-0.090784,0.000000,0.735458
4152,69.269,640.00,572.71,-0.030934,-0.074214,0.063022,0.234379,0.980818,TURN LEFT,1,1,STREETVIEW_DB,streetview_0025.jpg,25,50.10272601,14.39165156,310.69,24.8833,-0.086735,0.000000,0.735458
4158,69.369,640.00,578.34,-0.077244,-0.019103,0.064776,0.231235,1.000000,TURN LEFT,1,1,STREETVIEW_DB,streetview_0025.jpg,25,50.10272601,14.39165156,310.69,24.8833,-0.102179,0.000000,0.735458
4164,69.469,640.00,578.59,-0.126555,0.030597,0.070160,0.227248,1.000000,TURN LEFT,1,1,STREETVIEW_DB,streetview_0025.jpg,25,50.10272601,14.39165156,310.69,24.8833,-0.121767,0.000000,0.735458
4170,69.570,640.00,583.59,-0.143966,0.055830,0.074927,0.226388,1.000000,TURN LEFT,1,1,STREETVIEW_DB,streetview_0025.jpg,25,50.10272601,14.39165156,310.69,24.8833,-0.125994,0.000000,0.735458
4176,69.670,640.00,585.45,-0.159477,0.074241,0.079451,0.225331,1.000000,TURN LEFT,1,1,STREETVIEW_DB,streetview_0025.jpg,25,50.10272601,14.39165156,310.69,24.8833,-0.131183,0.000000,0.735458
4182,69.770,640.00,581.94,-0.112669,0.021953,0.079172,0.228752,0.992618,TURN LEFT,1,1,STREETVIEW_DB,streetview_0025.jpg,25,50.10272601,14.39165156,310.69,24.8833,-0.114377,0.000000,0.735458
4188,69.870,640.00,584.56,-0.126765,0.040143,0.079856,0.227896,1.000000,TURN LEFT,1,1,STREETVIEW_DB,streetview_0025.jpg,25,50.10272601,14.39165156,310.69,24.8833,-0.118584,0.000000,0.735458
4194,69.970,640.00,578.47,-0.078322,-0.017825,0.076972,0.231162,1.000000,TURN LEFT,1,1,STREETVIEW_DB,streetview_0025.jpg,25,50.10272601,14.39165156,310.69,24.8833,-0.102539,0.000000,0.735458
4200,70.070,640.00,571.25,-0.050100,-0.057316,0.055420,0.250000,1.000000,GO STRAIGHT,1,1,STREETVIEW_DB,streetview_0029.jpg,29,50.10284425,14.39143717,310.69,24.9265,0.042445,0.000000,0.736214
4206,70.170,640.00,576.34,-0.052959,-0.046511,0.039902,0.250000,1.000000,GO STRAIGHT,1,1,STREETVIEW_DB,streetview_0029.jpg,29,50.10284425,14.39143717,310.69,24.9265,0.044083,0.000000,0.736214
4212,70.270,640.00,578.61,-0.042941,-0.052975,0.028730,0.250000,1.000000,GO STRAIGHT,1,1,STREETVIEW_DB,streetview_0029.jpg,29,50.10284425,14.39143717,310.69,24.9265,0.049334,0.000000,0.736214
4218,70.370,640.00,581.31,-0.045196,-0.046503,0.020685,0.250000,1.000000,GO STRAIGHT,1,1,STREETVIEW_DB,streetview_0029.jpg,29,50.10284425,14.39143717,310.69,24.9265,0.049908,0.000000,0.736214
4224,70.470,640.00,583.68,-0.052894,-0.035100,0.014893,0.250000,1.000000,GO STRAIGHT,1,1,STREETVIEW_DB,streetview_0029.jpg,29,50.10284425,14.39143717,310.69,24.9265,0.048125,0.000000,0.736214
4230,70.570,640.00,582.99,-0.045682,-0.043402,0.010723,0.250000,1.000000,GO STRAIGHT,1,1,STREETVIEW_DB,streetview_0029.jpg,29,50.10284425,14.39143717,310.69,24.9265,0.050629,0.000000,0.736214
4236,70.671,640.00,586.13,-0.038274,-0.045890,0.007721,0.250000,1.000000,GO STRAIGHT,1,1,STREETVIEW_DB,streetview_0029.jpg,29,50.10284425,14.39143717,310.69,24.9265,0.055313,0.000000,0.736214
4242,70.771,640.00,589.48,-0.063621,-0.015324,0.005559,0.250000,1.000000,GO STRAIGHT,1,1,STREETVIEW_DB,streetview_0029.jpg,29,50.10284425,14.39143717,310.69,24.9265,0.047002,0.000000,0.736214
4248,70.871,640.00,589.50,-0.084143,0.005237,0.000000,0.250000,1.000000,GO STRAIGHT,1,1,STREETVIEW_DB,streetview_0029.jpg,29,50.10284425,14.39143717,310.69,24.9265,0.038807,0.000000,0.736214
4254,70.971,640.00,589.32,-0.093404,0.014216,0.000000,0.250000,1.000000,GO STRAIGHT,1,1,STREETVIEW_DB,streetview_0029.jpg,29,50.10284425,14.39143717,310.69,24.9265,0.035003,0.000000,0.736214
4260,71.071,640.00,586.35,-0.082001,-0.001823,0.000000,0.250000,1.000000,GO STRAIGHT,1,1,STREETVIEW_DB,streetview_0029.jpg,29,50.10284425,14.39143717,310.69,24.9265,0.037942,0.000000,0.736214
4266,71.171,640.00,584.74,-0.069272,-0.017072,0.000000,0.250000,1.000000,GO STRAIGHT,1,1,STREETVIEW_DB,streetview_0029.jpg,29,50.10284425,14.39143717,310.69,24.9265,0.042151,0.000000,0.736214
4272,71.271,640.00,582.13,-0.090533,0.000118,0.000000,0.250000,1.000000,GO STRAIGHT,1,1,STREETVIEW_DB,streetview_0029.jpg,29,50.10284425,14.39143717,310.69,24.9265,0.032222,0.000000,0.736214
4278,71.371,640.00,581.69,-0.087663,-0.003449,0.000000,0.250000,1.000000,GO STRAIGHT,1,1,STREETVIEW_DB,streetview_0029.jpg,29,50.10284425,14.39143717,310.69,24.9265,0.033126,0.000000,0.736214
4284,71.471,640.00,582.59,-0.089542,-0.000166,0.000000,0.250000,1.000000,GO STRAIGHT,1,1,STREETVIEW_DB,streetview_0029.jpg,29,50.10284425,14.39143717,310.69,24.9265,0.032866,0.000000,0.736214
4290,71.572,640.00,579.91,-0.091154,-0.002741,0.000000,0.250000,1.000000,GO STRAIGHT,1,1,STREETVIEW_DB,streetview_0029.jpg,29,50.10284425,14.39143717,310.69,24.9265,0.030756,0.000000,0.736214
4296,71.672,640.00,582.41,-0.084353,-0.005629,0.000000,0.250000,1.000000,GO STRAIGHT,1,1,STREETVIEW_DB,streetview_0029.jpg,29,50.10284425,14.39143717,310.69,24.9265,0.034846,0.000000,0.736214
4302,71.772,640.00,582.08,-0.092895,0.002397,0.000000,0.250000,1.000000,GO STRAIGHT,1,1,STREETVIEW_DB,streetview_0029.jpg,29,50.10284425,14.39143717,310.69,24.9265,0.031248,0.000000,0.736214
4308,71.872,640.00,586.03,-0.087272,0.002947,0.000000,0.250000,1.000000,GO STRAIGHT,1,1,STREETVIEW_DB,streetview_0029.jpg,29,50.10284425,14.39143717,310.69,24.9265,0.035658,0.000000,0.736214
4314,71.972,640.00,581.88,-0.074696,-0.016117,0.000000,0.250000,1.000000,GO STRAIGHT,1,1,STREETVIEW_DB,streetview_0029.jpg,29,50.10284425,14.39143717,310.69,24.9265,0.038418,0.000000,0.736214
4320,72.072,640.00,585.98,-0.084271,-0.000142,0.019546,0.231094,1.000000,TURN LEFT,1,1,STREETVIEW_DB,streetview_0033.jpg,33,50.10296250,14.39122278,310.69,29.5209,-0.093324,0.000000,0.816617
4326,72.172,640.00,584.82,-0.087144,0.000929,0.034024,0.230702,1.000000,TURN LEFT,1,1,STREETVIEW_DB,streetview_0033.jpg,33,50.10296250,14.39122278,310.69,29.5209,-0.095103,0.000000,0.816617
4332,72.272,640.00,581.45,-0.081920,-0.009570,0.044393,0.230756,1.000000,TURN LEFT,1,1,STREETVIEW_DB,streetview_0033.jpg,33,50.10296250,14.39122278,310.69,29.5209,-0.094860,0.000000,0.816617
4338,72.372,640.00,583.20,-0.090781,0.002031,0.052447,0.230187,1.000000,TURN LEFT,1,1,STREETVIEW_DB,streetview_0033.jpg,33,50.10296250,14.39122278,310.69,29.5209,-0.097446,0.000000,0.816617
4344,72.472,640.00,580.18,-0.089665,-0.003809,0.058521,0.229921,1.000000,TURN LEFT,1,1,STREETVIEW_DB,streetview_0033.jpg,33,50.10296250,14.39122278,310.69,29.5209,-0.098653,0.000000,0.816617
4350,72.573,640.00,572.29,-0.090937,-0.014853,0.063990,0.228861,1.000000,TURN LEFT,1,1,STREETVIEW_DB,streetview_0033.jpg,33,50.10296250,14.39122278,310.69,29.5209,-0.103472,0.000000,0.816617
4356,72.673,640.00,571.33,-0.073852,-0.033452,0.066493,0.230248,1.000000,TURN LEFT,1,1,STREETVIEW_DB,streetview_0033.jpg,33,50.10296250,14.39122278,310.69,29.5209,-0.097168,0.000000,0.816617
4362,72.773,640.00,566.24,-0.057062,-0.058183,0.067400,0.231114,1.000000,TURN LEFT,1,1,STREETVIEW_DB,streetview_0033.jpg,33,50.10296250,14.39122278,310.69,29.5209,-0.093231,0.000000,0.816617
4368,72.873,640.00,568.84,-0.043113,-0.068080,0.066462,0.232654,1.000000,TURN LEFT,1,1,STREETVIEW_DB,streetview_0033.jpg,33,50.10296250,14.39122278,310.69,29.5209,-0.086234,0.000000,0.816617
4374,72.973,640.00,570.14,-0.049887,-0.059272,0.066240,0.232214,1.000000,TURN LEFT,1,1,STREETVIEW_DB,streetview_0033.jpg,33,50.10296250,14.39122278,310.69,29.5209,-0.088232,0.000000,0.816617
4380,73.073,640.00,570.20,-0.052453,-0.056605,0.066306,0.231996,1.000000,TURN LEFT,1,1,STREETVIEW_DB,streetview_0033.jpg,33,50.10296250,14.39122278,310.69,29.5209,-0.089222,0.000000,0.816617
4386,73.173,640.00,573.52,-0.060171,-0.043697,0.066643,0.231716,1.000000,TURN LEFT,1,1,STREETVIEW_DB,streetview_0033.jpg,33,50.10296250,14.39122278,310.69,29.5209,-0.090493,0.000000,0.816617
4392,73.273,640.00,572.85,-0.053644,-0.051271,0.066374,0.232210,1.000000,TURN LEFT,1,1,STREETVIEW_DB,streetview_0033.jpg,33,50.10296250,14.39122278,310.69,29.5209,-0.088248,0.000000,0.816617
4398,73.373,640.00,575.31,-0.054894,-0.046179,0.065989,0.232396,1.000000,TURN LEFT,1,1,STREETVIEW_DB,streetview_0033.jpg,33,50.10296250,14.39122278,310.69,29.5209,-0.087404,0.000000,0.816617
4404,73.473,640.00,578.36,-0.049489,-0.046823,0.064841,0.233239,1.000000,TURN LEFT,1,1,STREETVIEW_DB,streetview_0033.jpg,33,50.10296250,14.39122278,310.69,29.5209,-0.083576,0.000000,0.816617
4410,73.573,640.00,575.59,-0.043677,-0.056971,0.063830,0.233416,1.000000,TURN LEFT,1,1,STREETVIEW_DB,streetview_0033.jpg,33,50.10296250,14.39122278,310.69,29.5209,-0.082768,0.000000,0.816617
4416,73.674,640.00,576.99,-0.039010,-0.059438,0.062503,0.233996,1.000000,TURN LEFT,1,1,STREETVIEW_DB,streetview_0033.jpg,33,50.10296250,14.39122278,310.69,29.5209,-0.080132,0.000000,0.816617
4422,73.774,640.00,572.88,-0.045082,-0.059797,0.062612,0.232967,1.000000,TURN LEFT,1,1,STREETVIEW_DB,streetview_0033.jpg,33,50.10296250,14.39122278,310.69,29.5209,-0.084811,0.000000,0.816617
4428,73.874,640.00,571.78,-0.054870,-0.051716,0.063717,0.231974,1.000000,TURN LEFT,1,1,STREETVIEW_DB,streetview_0033.jpg,33,50.10296250,14.39122278,310.69,29.5209,-0.089324,0.000000,0.816617
4434,73.974,640.00,570.84,-0.048202,-0.059863,0.064024,0.232447,1.000000,TURN LEFT,1,1,STREETVIEW_DB,streetview_0033.jpg,33,50.10296250,14.39122278,310.69,29.5209,-0.087175,0.000000,0.816617
4440,74.074,640.00,572.96,-0.052521,-0.052231,0.063433,0.233232,1.000000,TURN LEFT,1,1,STREETVIEW_DB,streetview_0033.jpg,33,50.10296250,14.39122278,310.69,26.6030,-0.087742,0.000000,0.765552
4446,74.174,640.00,572.77,-0.048657,-0.056386,0.062694,0.233535,1.000000,TURN LEFT,1,1,STREETVIEW_DB,streetview_0033.jpg,33,50.10296250,14.39122278,310.69,26.6030,-0.086299,0.000000,0.765552
4452,74.274,640.00,575.82,-0.055137,-0.045139,0.062363,0.233341,1.000000,TURN LEFT,1,1,STREETVIEW_DB,streetview_0033.jpg,33,50.10296250,14.39122278,310.69,26.6030,-0.087222,0.000000,0.765552
4458,74.374,640.00,578.61,-0.056022,-0.039900,0.061870,0.233586,1.000000,TURN LEFT,1,1,STREETVIEW_DB,streetview_0033.jpg,33,50.10296250,14.39122278,310.69,26.6030,-0.086053,0.000000,0.765552
4464,74.474,640.00,584.87,-0.053100,-0.033037,0.060520,0.234549,1.000000,TURN LEFT,1,1,STREETVIEW_DB,streetview_0033.jpg,33,50.10296250,14.39122278,310.69,26.6030,-0.081459,0.000000,0.765552
4470,74.575,640.00,584.74,-0.053300,-0.033042,0.059581,0.234518,1.000000,TURN LEFT,1,1,STREETVIEW_DB,streetview_0033.jpg,33,50.10296250,14.39122278,310.69,26.6030,-0.081611,0.000000,0.765552
4476,74.675,640.00,585.99,-0.058794,-0.025590,0.059233,0.234200,1.000000,TURN LEFT,1,1,STREETVIEW_DB,streetview_0033.jpg,33,50.10296250,14.39122278,310.69,26.6030,-0.083123,0.000000,0.765552
4482,74.775,640.00,587.83,-0.058190,-0.023333,0.058712,0.234461,1.000000,TURN LEFT,1,1,STREETVIEW_DB,streetview_0033.jpg,33,50.10296250,14.39122278,310.69,26.6030,-0.081880,0.000000,0.765552
4488,74.875,640.00,590.92,-0.080246,0.003551,0.059884,0.232966,1.000000,TURN LEFT,1,1,STREETVIEW_DB,streetview_0033.jpg,33,50.10296250,14.39122278,310.69,26.6030,-0.089013,0.000000,0.765552
4494,74.975,640.00,594.70,-0.095944,0.025170,0.061639,0.232084,1.000000,TURN LEFT,1,1,STREETVIEW_DB,streetview_0033.jpg,33,50.10296250,14.39122278,310.69,26.6030,-0.093220,0.000000,0.765552
4500,75.075,640.00,597.27,-0.095911,0.029141,0.062596,0.232380,1.000000,TURN LEFT,1,1,STREETVIEW_DB,streetview_0033.jpg,33,50.10296250,14.39122278,310.69,26.6030,-0.091805,0.000000,0.765552
4506,75.175,640.00,598.44,-0.104765,0.039827,0.063914,0.231772,1.000000,TURN LEFT,1,1,STREETVIEW_DB,streetview_0033.jpg,33,50.10296250,14.39122278,310.69,26.6030,-0.094705,0.000000,0.765552
4512,75.275,640.00,601.06,-0.110503,0.049666,0.065050,0.231592,1.000000,TURN LEFT,1,1,STREETVIEW_DB,streetview_0033.jpg,33,50.10296250,14.39122278,310.69,26.6030,-0.095565,0.000000,0.765552
4518,75.375,640.00,602.21,-0.112674,0.053634,0.065919,0.231542,1.000000,TURN LEFT,1,1,STREETVIEW_DB,streetview_0033.jpg,33,50.10296250,14.39122278,310.69,26.6030,-0.095805,0.000000,0.765552
4524,75.475,640.00,602.18,-0.111541,0.052445,0.066451,0.231632,1.000000,TURN LEFT,1,1,STREETVIEW_DB,streetview_0033.jpg,33,50.10296250,14.39122278,310.69,26.6030,-0.095371,0.000000,0.765552
4530,75.576,640.00,599.71,-0.102038,0.039083,0.066303,0.232146,1.000000,TURN LEFT,1,1,STREETVIEW_DB,streetview_0033.jpg,33,50.10296250,14.39122278,310.69,26.6030,-0.092920,0.000000,0.765552
4536,75.676,640.00,601.37,-0.101538,0.041176,0.065956,0.232378,1.000000,TURN LEFT,1,1,STREETVIEW_DB,streetview_0033.jpg,33,50.10296250,14.39122278,310.69,26.6030,-0.091813,0.000000,0.765552
4542,75.776,640.00,601.53,-0.089131,0.029020,0.064611,0.233437,1.000000,TURN LEFT,1,1,STREETVIEW_DB,streetview_0033.jpg,33,50.10296250,14.39122278,310.69,26.6030,-0.086762,0.000000,0.765552
4548,75.876,640.00,603.70,-0.089466,0.032750,0.063415,0.233658,1.000000,TURN LEFT,1,1,STREETVIEW_DB,streetview_0033.jpg,33,50.10296250,14.39122278,310.69,26.6030,-0.085708,0.000000,0.765552
4554,75.976,640.00,604.18,-0.093192,0.037222,0.062820,0.233401,1.000000,TURN LEFT,1,1,STREETVIEW_DB,streetview_0033.jpg,33,50.10296250,14.39122278,310.69,26.6030,-0.086937,0.000000,0.765552
4560,76.076,640.00,601.52,-0.086302,0.026179,0.061451,0.234311,1.000000,TURN LEFT,1,1,STREETVIEW_DB,streetview_0033.jpg,33,50.10296250,14.39122278,310.69,24.5117,-0.085634,0.000000,0.728955
4566,76.176,640.00,602.67,-0.089933,0.031603,0.060638,0.234144,1.000000,TURN LEFT,1,1,STREETVIEW_DB,streetview_0033.jpg,33,50.10296250,14.39122278,310.69,24.5117,-0.086460,0.000000,0.728955
4572,76.276,640.00,606.06,-0.088449,0.035420,0.059540,0.234639,1.000000,TURN LEFT,1,1,STREETVIEW_DB,streetview_0033.jpg,33,50.10296250,14.39122278,310.69,24.5117,-0.084011,0.000000,0.728955
4578,76.376,640.00,608.28,-0.089004,0.039446,0.058542,0.234840,1.000000,TURN LEFT,1,1,STREETVIEW_DB,streetview_0033.jpg,33,50.10296250,14.39122278,310.69,24.5117,-0.083017,0.000000,0.728955
4584,76.476,640.00,607.95,-0.078290,0.028208,0.056966,0.235669,1.000000,TURN LEFT,1,1,STREETVIEW_DB,streetview_0033.jpg,33,50.10296250,14.39122278,310.69,24.5117,-0.078916,0.000000,0.728955
4590,76.576,640.00,606.89,-0.069661,0.017933,0.055230,0.236251,1.000000,TURN LEFT,1,1,STREETVIEW_DB,streetview_0033.jpg,33,50.10296250,14.39122278,310.69,24.5117,-0.076040,0.000000,0.728955
4596,76.677,640.00,609.30,-0.081925,0.033961,0.054730,0.235525,1.000000,TURN LEFT,1,1,STREETVIEW_DB,streetview_0033.jpg,33,50.10296250,14.39122278,310.69,24.5117,-0.079628,0.000000,0.728955
4602,76.777,640.00,605.33,-0.078719,0.024544,0.054557,0.235345,1.000000,TURN LEFT,1,1,STREETVIEW_DB,streetview_0033.jpg,33,50.10296250,14.39122278,310.69,24.5117,-0.080520,0.000000,0.728955
4608,76.877,640.00,604.90,-0.086871,0.032029,0.055163,0.234638,1.000000,TURN LEFT,1,1,STREETVIEW_DB,streetview_0033.jpg,33,50.10296250,14.39122278,310.69,24.5117,-0.084014,0.000000,0.728955
4614,76.977,640.00,604.92,-0.089619,0.034805,0.055827,0.234418,1.000000,TURN LEFT,1,1,STREETVIEW_DB,streetview_0033.jpg,33,50.10296250,14.39122278,310.69,24.5117,-0.085104,0.000000,0.728955
4620,77.077,640.00,608.89,-0.093022,0.044412,0.056135,0.234582,1.000000,TURN LEFT,1,1,STREETVIEW_DB,streetview_0033.jpg,33,50.10296250,14.39122278,310.69,24.5117,-0.084293,0.000000,0.728955
4626,77.177,640.00,605.53,-0.075367,0.021516,0.055265,0.235639,1.000000,TURN LEFT,1,1,STREETVIEW_DB,streetview_0033.jpg,33,50.10296250,14.39122278,310.69,24.5117,-0.079066,0.000000,0.728955
4632,77.277,640.00,607.05,-0.075526,0.024045,0.054478,0.235794,1.000000,TURN LEFT,1,1,STREETVIEW_DB,streetview_0033.jpg,33,50.10296250,14.39122278,310.69,24.5117,-0.078300,0.000000,0.728955
4638,77.377,640.00,612.43,-0.079023,0.035949,0.053588,0.236106,1.000000,TURN LEFT,1,1,STREETVIEW_DB,streetview_0033.jpg,33,50.10296250,14.39122278,310.69,24.5117,-0.076756,0.000000,0.728955
4644,77.477,640.00,613.79,-0.085830,0.044879,0.053362,0.235706,1.000000,TURN LEFT,1,1,STREETVIEW_DB,streetview_0033.jpg,33,50.10296250,14.39122278,310.69,24.5117,-0.078736,0.000000,0.728955
4650,77.578,640.00,614.07,-0.083058,0.042537,0.052935,0.235960,1.000000,TURN LEFT,1,1,STREETVIEW_DB,streetview_0033.jpg,33,50.10296250,14.39122278,310.69,24.5117,-0.077476,0.000000,0.728955
4656,77.678,640.00,609.79,-0.094515,0.047306,0.054076,0.234560,1.000000,TURN LEFT,1,1,STREETVIEW_DB,streetview_0033.jpg,33,50.10296250,14.39122278,310.69,24.5117,-0.084400,0.000000,0.728955
4662,77.778,640.00,606.87,-0.088003,0.036242,0.054685,0.234765,1.000000,TURN LEFT,1,1,STREETVIEW_DB,streetview_0033.jpg,33,50.10296250,14.39122278,310.69,24.5117,-0.083388,0.000000,0.728955
4668,77.878,640.00,601.33,-0.080400,0.019986,0.055122,0.234767,1.000000,TURN LEFT,1,1,STREETVIEW_DB,streetview_0033.jpg,33,50.10296250,14.39122278,310.69,24.5117,-0.083376,0.000000,0.728955
4674,77.978,640.00,600.65,-0.086399,0.024907,0.056017,0.234206,1.000000,TURN LEFT,1,1,STREETVIEW_DB,streetview_0033.jpg,33,50.10296250,14.39122278,310.69,24.5117,-0.086153,0.000000,0.728955
4680,78.078,640.00,597.43,-0.083397,0.016882,0.056802,0.234069,1.000000,TURN LEFT,1,1,STREETVIEW_DB,streetview_0033.jpg,33,50.10296250,14.39122278,310.69,24.5878,-0.086710,0.000000,0.730286
4686,78.178,640.00,602.55,-0.084224,0.025705,0.056850,0.234569,1.000000,TURN LEFT,1,1,STREETVIEW_DB,streetview_0033.jpg,33,50.10296250,14.39122278,310.69,24.5878,-0.084242,0.000000,0.730286
4692,78.278,640.00,604.76,-0.086744,0.031688,0.056842,0.234611,1.000000,TURN LEFT,1,1,STREETVIEW_DB,streetview_0033.jpg,33,50.10296250,14.39122278,310.69,24.5878,-0.084038,0.000000,0.730286
4698,78.378,640.00,601.19,-0.059616,-0.001023,0.054974,0.236412,1.000000,TURN LEFT,1,1,STREETVIEW_DB,streetview_0033.jpg,33,50.10296250,14.39122278,310.69,24.5878,-0.075141,0.000000,0.730286
4704,78.478,640.00,605.32,-0.056133,0.001939,0.052865,0.237151,1.000000,GO STRAIGHT,1,1,STREETVIEW_DB,streetview_0033.jpg,33,50.10296250,14.39122278,310.69,24.5878,-0.071492,0.000000,0.730286
4710,78.579,640.00,601.19,-0.056366,-0.004276,0.051838,0.236675,1.000000,GO STRAIGHT,1,1,STREETVIEW_DB,streetview_0033.jpg,33,50.10296250,14.39122278,310.69,24.5878,-0.073842,0.000000,0.730286
4716,78.679,640.00,598.28,-0.049951,-0.015241,0.050895,0.236873,1.000000,GO STRAIGHT,1,1,STREETVIEW_DB,streetview_0033.jpg,33,50.10296250,14.39122278,310.69,24.5878,-0.072869,0.000000,0.730286
4722,78.779,640.00,597.23,-0.052165,-0.014658,0.050521,0.236578,1.000000,GO STRAIGHT,1,1,STREETVIEW_DB,streetview_0033.jpg,33,50.10296250,14.39122278,310.69,24.5878,-0.074325,0.000000,0.730286
4728,78.879,640.00,594.99,-0.048475,-0.021849,0.050200,0.236628,1.000000,GO STRAIGHT,1,1,STREETVIEW_DB,streetview_0033.jpg,33,50.10296250,14.39122278,310.69,24.5878,-0.074075,0.000000,0.730286
4734,78.979,640.00,593.66,-0.041466,-0.030934,0.049533,0.237049,1.000000,GO STRAIGHT,1,1,STREETVIEW_DB,streetview_0033.jpg,33,50.10296250,14.39122278,310.69,24.5878,-0.071997,0.000000,0.730286
4740,79.079,640.00,591.69,-0.031544,-0.043942,0.048448,0.237634,1.000000,GO STRAIGHT,1,1,STREETVIEW_DB,streetview_0033.jpg,33,50.10296250,14.39122278,310.69,24.5878,-0.069108,0.000000,0.730286
4746,79.179,640.00,588.13,-0.023775,-0.057270,0.047424,0.237869,1.000000,GO STRAIGHT,1,1,STREETVIEW_DB,streetview_0033.jpg,33,50.10296250,14.39122278,310.69,24.5878,-0.067946,0.000000,0.730286
4752,79.279,640.00,585.04,-0.017324,-0.068554,0.046501,0.238049,1.000000,GO STRAIGHT,1,1,STREETVIEW_DB,streetview_0033.jpg,33,50.10296250,14.39122278,310.69,24.5878,-0.067058,0.000000,0.730286
4758,79.379,640.00,588.08,-0.027128,-0.053999,0.046308,0.237592,1.000000,GO STRAIGHT,1,1,STREETVIEW_DB,streetview_0033.jpg,33,50.10296250,14.39122278,310.69,24.5878,-0.069316,0.000000,0.730286
4764,79.479,640.00,588.23,-0.026732,-0.054151,0.046119,0.237641,1.000000,GO STRAIGHT,1,1,STREETVIEW_DB,streetview_0033.jpg,33,50.10296250,14.39122278,310.69,24.5878,-0.069073,0.000000,0.730286
4770,79.579,640.00,590.45,-0.022869,-0.054558,0.045406,0.238199,1.000000,GO STRAIGHT,1,1,STREETVIEW_DB,streetview_0033.jpg,33,50.10296250,14.39122278,310.69,24.5878,-0.066318,0.000000,0.730286
4776,79.680,640.00,592.92,-0.043943,-0.029623,0.046375,0.236766,1.000000,GO STRAIGHT,1,1,STREETVIEW_DB,streetview_0033.jpg,33,50.10296250,14.39122278,310.69,24.5878,-0.073396,0.000000,0.730286
4782,79.780,640.00,590.96,-0.048291,-0.028334,0.047660,0.236197,1.000000,TURN LEFT,1,1,STREETVIEW_DB,streetview_0033.jpg,33,50.10296250,14.39122278,310.69,24.5878,-0.076206,0.000000,0.730286
4788,79.880,640.00,591.83,-0.043873,-0.031394,0.048117,0.236651,1.000000,GO STRAIGHT,1,1,STREETVIEW_DB,streetview_0033.jpg,33,50.10296250,14.39122278,310.69,24.5878,-0.073964,0.000000,0.730286
4794,79.980,640.00,592.89,-0.042440,-0.031170,0.048204,0.236884,1.000000,GO STRAIGHT,1,1,STREETVIEW_DB,streetview_0033.jpg,33,50.10296250,14.39122278,310.69,24.5878,-0.072811,0.000000,0.730286
4800,80.080,640.00,594.36,-0.039448,-0.031864,0.048284,0.236867,1.000000,GO STRAIGHT,1,1,STREETVIEW_DB,streetview_0033.jpg,33,50.10296250,14.39122278,310.69,26.2670,-0.070809,0.000000,0.759672
4806,80.180,640.00,598.78,-0.023377,-0.041029,0.046436,0.238711,1.000000,GO STRAIGHT,1,1,STREETVIEW_DB,streetview_0033.jpg,33,50.10296250,14.39122278,310.69,26.2670,-0.061964,0.000000,0.759672
4812,80.280,640.00,602.26,-0.007138,-0.051837,0.043295,0.240461,1.000000,GO STRAIGHT,1,1,STREETVIEW_DB,streetview_0033.jpg,33,50.10296250,14.39122278,310.69,26.2670,-0.053568,0.000000,0.759672
4818,80.380,640.00,607.65,-0.009755,-0.040798,0.031173,0.250000,1.000000,GO STRAIGHT,1,1,STREETVIEW_DB,streetview_0033.jpg,33,50.10296250,14.39122278,310.69,26.2670,-0.051666,0.000000,0.759672
4824,80.480,640.00,610.43,-0.015263,-0.030940,0.022444,0.250000,1.000000,GO STRAIGHT,1,1,STREETVIEW_DB,streetview_0033.jpg,33,50.10296250,14.39122278,310.69,26.2670,-0.052347,0.000000,0.759672
4830,80.581,640.00,614.19,-0.028023,-0.012305,0.026415,0.240080,1.000000,GO STRAIGHT,1,1,STREETVIEW_DB,streetview_0033.jpg,33,50.10296250,14.39122278,310.69,26.2670,-0.055395,0.000000,0.759672
4836,80.681,640.00,615.07,-0.041857,0.002904,0.030363,0.239027,1.000000,GO STRAIGHT,1,1,STREETVIEW_DB,streetview_0033.jpg,33,50.10296250,14.39122278,310.69,26.2670,-0.060447,0.000000,0.759672
4842,80.781,640.00,613.59,-0.011682,-0.029584,0.021862,0.250000,1.000000,GO STRAIGHT,1,1,STREETVIEW_DB,streetview_0033.jpg,33,50.10296250,14.39122278,310.69,26.2670,-0.049187,0.000000,0.759672
4848,80.881,640.00,610.92,-0.017348,-0.028088,0.015740,0.250000,1.000000,GO STRAIGHT,1,1,STREETVIEW_DB,streetview_0033.jpg,33,50.10296250,14.39122278,310.69,26.2670,-0.052912,0.000000,0.759672
4854,80.981,640.00,610.15,-0.001879,-0.044762,0.011333,0.250000,1.000000,GO STRAIGHT,1,1,STREETVIEW_DB,streetview_0033.jpg,33,50.10296250,14.39122278,310.69,26.2670,-0.047147,0.000000,0.759672
4860,81.081,640.00,611.05,-0.008935,-0.036295,0.008160,0.250000,1.000000,GO STRAIGHT,1,1,STREETVIEW_DB,streetview_0033.jpg,33,50.10296250,14.39122278,310.69,26.2670,-0.049475,0.000000,0.759672
4866,81.181,640.00,607.54,-0.007715,-0.043002,0.005875,0.250000,1.000000,GO STRAIGHT,1,1,STREETVIEW_DB,streetview_0033.jpg,33,50.10296250,14.39122278,310.69,26.2670,-0.050908,0.000000,0.759672
4872,81.281,640.00,606.15,0.002313,-0.055209,0.000000,0.250000,1.000000,GO STRAIGHT,1,1,STREETVIEW_DB,streetview_0033.jpg,33,50.10296250,14.39122278,310.69,26.2670,-0.047659,0.000000,0.759672
4878,81.381,640.00,605.32,0.005746,-0.059934,0.000000,0.250000,1.000000,GO STRAIGHT,1,1,STREETVIEW_DB,streetview_0033.jpg,33,50.10296250,14.39122278,310.69,26.2670,-0.046738,0.000000,0.759672
4884,81.481,640.00,606.14,0.012558,-0.065468,0.000000,0.250000,1.000000,GO STRAIGHT,1,1,STREETVIEW_DB,streetview_0033.jpg,33,50.10296250,14.39122278,310.69,26.2670,-0.043566,0.000000,0.759672
4890,81.582,640.00,605.64,0.013801,-0.067482,0.000000,0.250000,1.000000,GO STRAIGHT,1,1,STREETVIEW_DB,streetview_0033.jpg,33,50.10296250,14.39122278,310.69,26.2670,-0.043339,0.000000,0.759672
4896,81.682,640.00,601.60,0.017912,-0.077912,0.000000,0.250000,1.000000,GO STRAIGHT,1,1,STREETVIEW_DB,streetview_0033.jpg,33,50.10296250,14.39122278,310.69,26.2670,-0.043906,0.000000,0.759672
4902,81.782,640.00,606.44,0.031847,-0.084284,0.000000,0.250000,1.000000,GO STRAIGHT,1,1,STREETVIEW_DB,streetview_0033.jpg,33,50.10296250,14.39122278,310.69,26.2670,-0.035685,0.000000,0.759672
4908,81.882,640.00,602.82,0.037031,-0.095131,0.000000,0.250000,1.000000,GO STRAIGHT,1,1,STREETVIEW_DB,streetview_0033.jpg,33,50.10296250,14.39122278,310.69,26.2670,-0.035594,0.000000,0.759672
4914,81.982,640.00,601.79,0.039804,-0.099502,0.000000,0.250000,1.000000,GO STRAIGHT,1,1,STREETVIEW_DB,streetview_0033.jpg,33,50.10296250,14.39122278,310.69,26.2670,-0.035043,0.000000,0.759672
4920,82.082,640.00,599.04,0.031985,-0.095979,0.000000,0.250000,1.000000,GO STRAIGHT,1,1,STREETVIEW_DB,streetview_0033.jpg,33,50.10296250,14.39122278,310.69,23.4599,-0.039675,0.000000,0.710549
4926,82.182,640.00,590.00,0.003567,-0.081689,0.009805,0.240516,1.000000,GO STRAIGHT,1,1,STREETVIEW_DB,streetview_0033.jpg,33,50.10296250,14.39122278,310.69,23.4599,-0.055987,0.000000,0.710549
4932,82.282,640.00,583.31,-0.016247,-0.072335,0.019243,0.238216,1.000000,GO STRAIGHT,1,1,STREETVIEW_DB,streetview_0033.jpg,33,50.10296250,14.39122278,310.69,23.4599,-0.067573,0.000000,0.710549
4938,82.382,640.00,582.03,-0.039276,-0.051302,0.028072,0.236249,1.000000,TURN LEFT,1,1,STREETVIEW_DB,streetview_0033.jpg,33,50.10296250,14.39122278,310.69,23.4599,-0.077483,0.000000,0.710549
4944,82.482,640.00,588.60,-0.044468,-0.035849,0.034118,0.236549,1.000000,GO STRAIGHT,1,1,STREETVIEW_DB,streetview_0033.jpg,33,50.10296250,14.39122278,310.69,23.4599,-0.075969,0.000000,0.710549
4950,82.582,640.00,597.06,-0.054785,-0.012309,0.038368,0.236649,1.000000,GO STRAIGHT,1,1,STREETVIEW_DB,streetview_0033.jpg,33,50.10296250,14.39122278,310.69,23.4599,-0.075468,0.000000,0.710549
4956,82.683,640.00,596.66,-0.033564,-0.034161,0.039732,0.238290,1.000000,GO STRAIGHT,1,1,STREETVIEW_DB,streetview_0033.jpg,33,50.10296250,14.39122278,310.69,23.4599,-0.067201,0.000000,0.710549
4962,82.783,640.00,604.73,-0.025352,-0.029762,0.039133,0.239818,1.000000,GO STRAIGHT,1,1,STREETVIEW_DB,streetview_0033.jpg,33,50.10296250,14.39122278,310.69,23.4599,-0.059502,0.000000,0.710549
4968,82.883,640.00,602.77,-0.003912,-0.054259,0.028176,0.250000,1.000000,GO STRAIGHT,1,1,STREETVIEW_DB,streetview_0033.jpg,33,50.10296250,14.39122278,310.69,23.4599,-0.051995,0.000000,0.710549
4974,82.983,640.00,600.97,0.008775,-0.069759,0.020287,0.250000,1.000000,GO STRAIGHT,1,1,STREETVIEW_DB,streetview_0033.jpg,33,50.10296250,14.39122278,310.69,23.4599,-0.047905,0.000000,0.710549
4980,83.083,640.00,594.05,0.018181,-0.089982,0.014606,0.250000,1.000000,GO STRAIGHT,1,1,STREETVIEW_DB,streetview_0033.jpg,33,50.10296250,14.39122278,310.69,23.4599,-0.047929,0.000000,0.710549
4986,83.183,640.00,597.80,0.021535,-0.087473,0.010517,0.250000,1.000000,GO STRAIGHT,1,1,STREETVIEW_DB,streetview_0033.jpg,33,50.10296250,14.39122278,310.69,23.4599,-0.044535,0.000000,0.710549
4992,83.283,640.00,594.86,0.023386,-0.093910,0.007572,0.250000,1.000000,GO STRAIGHT,1,1,STREETVIEW_DB,streetview_0033.jpg,33,50.10296250,14.39122278,310.69,23.4599,-0.045400,0.000000,0.710549
4998,83.383,640.00,590.92,0.020597,-0.097284,0.005452,0.250000,1.000000,GO STRAIGHT,1,1,STREETVIEW_DB,streetview_0033.jpg,33,50.10296250,14.39122278,310.69,23.4599,-0.048673,0.000000,0.710549
5004,83.483,640.00,595.04,0.008019,-0.078268,0.000000,0.250000,1.000000,GO STRAIGHT,1,1,STREETVIEW_DB,streetview_0033.jpg,33,50.10296250,14.39122278,310.69,23.4599,-0.051451,0.000000,0.710549
5010,83.584,640.00,598.04,0.009477,-0.075033,0.000000,0.250000,1.000000,GO STRAIGHT,1,1,STREETVIEW_DB,streetview_0033.jpg,33,50.10296250,14.39122278,310.69,23.4599,-0.049225,0.000000,0.710549
5016,83.684,640.00,597.72,-0.004021,-0.062047,0.000000,0.250000,1.000000,GO STRAIGHT,1,1,STREETVIEW_DB,streetview_0033.jpg,33,50.10296250,14.39122278,310.69,23.4599,-0.054803,0.000000,0.710549
5022,83.784,640.00,596.46,-0.010562,-0.057477,0.010241,0.240094,1.000000,GO STRAIGHT,1,1,STREETVIEW_DB,streetview_0033.jpg,33,50.10296250,14.39122278,310.69,23.4599,-0.058109,0.000000,0.710549
5028,83.884,640.00,595.38,-0.013422,-0.056301,0.017970,0.239750,1.000000,GO STRAIGHT,1,1,STREETVIEW_DB,streetview_0033.jpg,33,50.10296250,14.39122278,310.69,23.4599,-0.059843,0.000000,0.710549
5034,83.984,640.00,592.85,-0.022086,-0.051591,0.024530,0.238788,1.000000,GO STRAIGHT,1,1,STREETVIEW_DB,streetview_0033.jpg,33,50.10296250,14.39122278,310.69,23.4599,-0.064692,0.000000,0.710549
5040,84.084,640.00,589.52,-0.014036,-0.064845,0.030922,0.237174,1.000000,GO STRAIGHT,1,1,STREETVIEW_DB,streetview_0033.jpg,33,50.10296250,14.39122278,310.69,31.8649,-0.063294,0.000000,0.857636
5046,84.184,640.00,584.62,-0.019666,-0.066869,0.036688,0.236048,1.000000,TURN LEFT,1,1,STREETVIEW_DB,streetview_0033.jpg,33,50.10296250,14.39122278,310.69,31.8649,-0.068224,0.000000,0.857636
5052,84.284,640.00,580.63,-0.020534,-0.072232,0.041436,0.235471,1.000000,TURN LEFT,1,1,STREETVIEW_DB,streetview_0033.jpg,33,50.10296250,14.39122278,310.69,31.8649,-0.070752,0.000000,0.857636
5058,84.384,640.00,584.14,-0.030635,-0.056647,0.045356,0.234986,1.000000,TURN LEFT,1,1,STREETVIEW_DB,streetview_0033.jpg,33,50.10296250,14.39122278,310.69,31.8649,-0.072874,0.000000,0.857636
5064,84.484,640.00,585.27,-0.036159,-0.049356,0.048554,0.234623,1.000000,TURN LEFT,1,1,STREETVIEW_DB,streetview_0033.jpg,33,50.10296250,14.39122278,310.69,31.8649,-0.074465,0.000000,0.857636
5070,84.585,640.00,590.66,-0.052731,-0.024369,0.051726,0.233782,1.000000,TURN LEFT,1,1,STREETVIEW_DB,streetview_0033.jpg,33,50.10296250,14.39122278,310.69,31.8649,-0.078148,0.000000,0.857636
5076,84.685,640.00,590.94,-0.062345,-0.014309,0.054881,0.232939,1.000000,TURN LEFT,1,1,STREETVIEW_DB,streetview_0033.jpg,33,50.10296250,14.39122278,310.69,31.8649,-0.081838,0.000000,0.857636
5082,84.785,640.00,590.30,-0.066334,-0.011329,0.057612,0.232494,1.000000,TURN LEFT,1,1,STREETVIEW_DB,streetview_0033.jpg,33,50.10296250,14.39122278,310.69,31.8649,-0.083786,0.000000,0.857636
5088,84.885,640.00,587.41,-0.065970,-0.016202,0.059917,0.232167,1.000000,TURN LEFT,1,1,STREETVIEW_DB,streetview_0033.jpg,33,50.10296250,14.39122278,310.69,31.8649,-0.085219,0.000000,0.857636
5094,84.985,640.00,579.73,-0.072964,-0.021204,0.063229,0.230569,1.000000,TURN LEFT,1,1,STREETVIEW_DB,streetview_0033.jpg,33,50.10296250,14.39122278,310.69,31.8649,-0.092216,0.000000,0.857636
5100,85.085,640.00,573.02,-0.084629,-0.020035,0.067582,0.228665,1.000000,TURN LEFT,1,1,STREETVIEW_DB,streetview_0033.jpg,33,50.10296250,14.39122278,310.69,31.8649,-0.100555,0.000000,0.857636
5106,85.185,640.00,581.97,-0.099028,0.008354,0.070920,0.228468,1.000000,TURN LEFT,1,1,STREETVIEW_DB,streetview_0033.jpg,33,50.10296250,14.39122278,310.69,31.8649,-0.101418,0.000000,0.857636
5112,85.285,640.00,576.04,-0.110583,0.010642,0.075181,0.226671,1.000000,TURN LEFT,1,1,STREETVIEW_DB,streetview_0033.jpg,33,50.10296250,14.39122278,310.69,31.8649,-0.109284,0.000000,0.857636
5118,85.385,640.00,588.70,-0.129615,0.049466,0.078410,0.226515,1.000000,TURN LEFT,1,1,STREETVIEW_DB,streetview_0033.jpg,33,50.10296250,14.39122278,310.69,31.8649,-0.109969,0.000000,0.857636
5124,85.485,640.00,581.35,-0.144141,0.052495,0.083058,0.224269,1.000000,TURN LEFT,1,1,STREETVIEW_DB,streetview_0033.jpg,33,50.10296250,14.39122278,310.69,31.8649,-0.119804,0.000000,0.857636
5130,85.585,640.00,595.45,-0.166799,0.097194,0.086722,0.223961,0.550000,TURN LEFT,1,0,STREETVIEW_DB,streetview_0033.jpg,33,50.10296250,14.39122278,310.69,31.8649,-0.121152,0.000000,0.857636
5136,85.686,640.00,599.82,-0.164223,0.101436,0.088554,0.224741,1.000000,TURN LEFT,1,1,STREETVIEW_DB,streetview_0033.jpg,33,50.10296250,14.39122278,310.69,31.8649,-0.117736,0.000000,0.857636
5142,85.786,640.00,602.43,-0.134068,0.075359,0.086688,0.227822,1.000000,TURN LEFT,1,1,STREETVIEW_DB,streetview_0033.jpg,33,50.10296250,14.39122278,310.69,31.8649,-0.104246,0.000000,0.857636
5148,85.886,640.00,605.66,-0.139979,0.086316,0.085485,0.227685,1.000000,TURN LEFT,1,1,STREETVIEW_DB,streetview_0033.jpg,33,50.10296250,14.39122278,310.69,31.8649,-0.104844,0.000000,0.857636
5154,85.986,640.00,606.81,-0.132801,0.080945,0.083792,0.228485,1.000000,TURN LEFT,1,1,STREETVIEW_DB,streetview_0033.jpg,33,50.10296250,14.39122278,310.69,31.8649,-0.101341,0.000000,0.857636
5160,86.086,640.00,603.70,-0.109862,0.053140,0.080127,0.230851,1.000000,TURN LEFT,1,1,STREETVIEW_DB,streetview_0033.jpg,33,50.10296250,14.39122278,310.69,29.8876,-0.093868,0.000000,0.823033
5166,86.186,640.00,617.17,-0.095432,0.059758,0.074481,0.233760,1.000000,TURN LEFT,1,1,STREETVIEW_DB,streetview_0033.jpg,33,50.10296250,14.39122278,310.69,29.8876,-0.080729,0.000000,0.823033
5172,86.286,640.00,628.15,-0.077970,0.059455,0.067444,0.236635,1.000000,GO STRAIGHT,1,1,STREETVIEW_DB,streetview_0033.jpg,33,50.10296250,14.39122278,310.69,29.8876,-0.067739,0.000000,0.823033
5178,86.386,640.00,625.94,-0.039468,0.017498,0.059129,0.239776,1.000000,GO STRAIGHT,1,1,STREETVIEW_DB,streetview_0033.jpg,33,50.10296250,14.39122278,310.69,29.8876,-0.053547,0.000000,0.823033
5184,86.486,640.00,621.65,-0.014536,-0.014136,0.042573,0.250000,1.000000,GO STRAIGHT,1,1,STREETVIEW_DB,streetview_0033.jpg,33,50.10296250,14.39122278,310.69,29.8876,-0.045920,0.000000,0.823033
5190,86.587,640.00,620.91,0.000562,-0.030397,0.030653,0.250000,1.000000,GO STRAIGHT,1,1,STREETVIEW_DB,streetview_0033.jpg,33,50.10296250,14.39122278,310.69,29.8876,-0.040288,0.000000,0.823033
5196,86.687,640.00,621.16,0.024873,-0.054308,0.022070,0.250000,1.000000,GO STRAIGHT,1,1,STREETVIEW_DB,streetview_0033.jpg,33,50.10296250,14.39122278,310.69,29.8876,-0.030424,0.000000,0.823033
5202,86.787,640.00,622.05,0.031713,-0.059762,0.015890,0.250000,1.000000,GO STRAIGHT,1,1,STREETVIEW_DB,streetview_0033.jpg,33,50.10296250,14.39122278,310.69,29.8876,-0.027203,0.000000,0.823033
5208,86.887,640.00,621.02,0.028476,-0.058128,0.011441,0.250000,1.000000,GO STRAIGHT,1,1,STREETVIEW_DB,streetview_0033.jpg,33,50.10296250,14.39122278,310.69,29.8876,-0.029059,0.000000,0.823033
5214,86.987,640.00,622.15,0.032660,-0.060554,0.008238,0.250000,1.000000,GO STRAIGHT,1,1,STREETVIEW_DB,streetview_0033.jpg,33,50.10296250,14.39122278,310.69,29.8876,-0.026770,0.000000,0.823033
5220,87.087,640.00,616.34,0.061865,-0.098836,0.005931,0.250000,1.000000,GO STRAIGHT,1,1,STREETVIEW_DB,streetview_0033.jpg,33,50.10296250,14.39122278,310.69,29.8876,-0.018265,0.000000,0.823033
5226,87.187,640.00,616.90,0.055210,-0.091302,0.000000,0.250000,1.000000,GO STRAIGHT,1,1,STREETVIEW_DB,streetview_0033.jpg,33,50.10296250,14.39122278,310.69,29.8876,-0.020619,0.000000,0.823033
5232,87.287,640.00,618.93,0.042893,-0.075815,0.000000,0.250000,1.000000,GO STRAIGHT,1,1,STREETVIEW_DB,streetview_0033.jpg,33,50.10296250,14.39122278,310.69,29.8876,-0.024437,0.000000,0.823033
5238,87.387,640.00,619.81,0.031771,-0.063324,0.000000,0.250000,1.000000,GO STRAIGHT,1,1,STREETVIEW_DB,streetview_0033.jpg,33,50.10296250,14.39122278,310.69,29.8876,-0.028406,0.000000,0.823033
5244,87.487,640.00,619.34,0.038696,-0.070983,0.000000,0.250000,1.000000,GO STRAIGHT,1,1,STREETVIEW_DB,streetview_0033.jpg,33,50.10296250,14.39122278,310.69,29.8876,-0.025893,0.000000,0.823033
5250,87.588,640.00,617.39,0.049751,-0.085077,0.000000,0.250000,1.000000,GO STRAIGHT,1,1,STREETVIEW_DB,streetview_0033.jpg,33,50.10296250,14.39122278,310.69,29.8876,-0.022535,0.000000,0.823033
5256,87.688,640.00,617.02,0.055936,-0.091844,0.000000,0.250000,1.000000,GO STRAIGHT,1,1,STREETVIEW_DB,streetview_0033.jpg,33,50.10296250,14.39122278,310.69,29.8876,-0.020265,0.000000,0.823033
5262,87.788,640.00,617.14,0.047609,-0.083329,0.000000,0.250000,1.000000,GO STRAIGHT,1,1,STREETVIEW_DB,streetview_0033.jpg,33,50.10296250,14.39122278,310.69,29.8876,-0.023529,0.000000,0.823033
5268,87.888,640.00,617.44,0.044831,-0.080080,0.000000,0.250000,1.000000,GO STRAIGHT,1,1,STREETVIEW_DB,streetview_0033.jpg,33,50.10296250,14.39122278,310.69,29.8876,-0.024476,0.000000,0.823033
5274,87.988,640.00,617.96,0.039172,-0.073612,0.000000,0.250000,1.000000,GO STRAIGHT,1,1,STREETVIEW_DB,streetview_0033.jpg,33,50.10296250,14.39122278,310.69,29.8876,-0.026456,0.000000,0.823033
5280,88.088,640.00,623.92,0.024440,-0.049558,0.000000,0.250000,1.000000,GO STRAIGHT,1,1,STREETVIEW_DB,streetview_0033.jpg,33,50.10296250,14.39122278,310.69,34.0084,-0.029086,0.000000,0.895147
5286,88.188,640.00,622.06,0.011248,-0.039279,0.000000,0.250000,1.000000,GO STRAIGHT,1,1,STREETVIEW_DB,streetview_0033.jpg,33,50.10296250,14.39122278,310.69,34.0084,-0.035383,0.000000,0.895147
5292,88.288,640.00,618.38,0.009268,-0.043055,0.000000,0.250000,1.000000,GO STRAIGHT,1,1,STREETVIEW_DB,streetview_0033.jpg,33,50.10296250,14.39122278,310.69,34.0084,-0.038189,0.000000,0.895147
5298,88.388,640.00,619.13,0.014967,-0.047584,0.000000,0.250000,1.000000,GO STRAIGHT,1,1,STREETVIEW_DB,streetview_0033.jpg,33,50.10296250,14.39122278,310.69,34.0084,-0.035500,0.000000,0.895147
5304,88.488,640.00,614.53,0.042866,-0.082655,0.000000,0.250000,1.000000,GO STRAIGHT,1,1,STREETVIEW_DB,streetview_0033.jpg,33,50.10296250,14.39122278,310.69,34.0084,-0.026851,0.000000,0.895147
5310,88.588,640.00,619.12,0.017852,-0.050482,0.000000,0.250000,1.000000,GO STRAIGHT,1,1,STREETVIEW_DB,streetview_0033.jpg,33,50.10296250,14.39122278,310.69,34.0084,-0.034350,0.000000,0.895147
5316,88.689,640.00,618.72,0.007319,-0.040576,0.000000,0.250000,1.000000,GO STRAIGHT,1,1,STREETVIEW_DB,streetview_0033.jpg,33,50.10296250,14.39122278,310.69,34.0084,-0.038783,0.000000,0.895147
5322,88.789,640.00,621.75,-0.000007,-0.028515,0.000000,0.250000,1.000000,GO STRAIGHT,1,1,STREETVIEW_DB,streetview_0033.jpg,33,50.10296250,14.39122278,310.69,34.0084,-0.040057,0.000000,0.895147
5328,88.889,640.00,624.14,0.001249,-0.026034,0.000000,0.250000,1.000000,GO STRAIGHT,1,1,STREETVIEW_DB,streetview_0033.jpg,33,50.10296250,14.39122278,310.69,34.0084,-0.038246,0.000000,0.895147
5334,88.989,640.00,624.38,0.002917,-0.027318,0.000000,0.250000,1.000000,GO STRAIGHT,1,1,STREETVIEW_DB,streetview_0033.jpg,33,50.10296250,14.39122278,310.69,34.0084,-0.037444,0.000000,0.895147
5340,89.089,640.00,628.98,-0.000330,-0.016883,0.000000,0.250000,1.000000,GO STRAIGHT,1,1,STREETVIEW_DB,streetview_0033.jpg,33,50.10296250,14.39122278,310.69,34.0084,-0.036227,0.000000,0.895147
5346,89.189,640.00,628.41,0.000958,-0.019072,0.000000,0.250000,1.000000,GO STRAIGHT,1,1,STREETVIEW_DB,streetview_0033.jpg,33,50.10296250,14.39122278,310.69,34.0084,-0.036028,0.000000,0.895147
5352,89.289,640.00,628.47,0.008268,-0.026284,0.000000,0.250000,1.000000,GO STRAIGHT,1,1,STREETVIEW_DB,streetview_0033.jpg,33,50.10296250,14.39122278,310.69,34.0084,-0.033069,0.000000,0.895147
5358,89.389,640.00,631.26,0.011186,-0.024840,0.000000,0.250000,1.000000,GO STRAIGHT,1,1,STREETVIEW_DB,streetview_0033.jpg,33,50.10296250,14.39122278,310.69,34.0084,-0.030376,0.000000,0.895147
5364,89.489,640.00,629.47,0.004506,-0.020964,0.000000,0.250000,1.000000,GO STRAIGHT,1,1,STREETVIEW_DB,streetview_0033.jpg,33,50.10296250,14.39122278,310.69,34.0084,-0.034028,0.000000,0.895147
5370,89.590,640.00,630.28,0.023062,-0.038245,0.000000,0.250000,1.000000,GO STRAIGHT,1,1,STREETVIEW_DB,streetview_0033.jpg,33,50.10296250,14.39122278,310.69,34.0084,-0.026160,0.000000,0.895147
5376,89.690,640.00,626.68,0.008991,-0.029806,0.000000,0.250000,1.000000,GO STRAIGHT,1,1,STREETVIEW_DB,streetview_0033.jpg,33,50.10296250,14.39122278,310.69,34.0084,-0.033760,0.000000,0.895147
5382,89.790,640.00,630.95,0.004487,-0.018622,0.000000,0.250000,1.000000,GO STRAIGHT,1,1,STREETVIEW_DB,streetview_0033.jpg,33,50.10296250,14.39122278,310.69,34.0084,-0.033223,0.000000,0.895147
5388,89.890,640.00,629.85,0.024345,-0.040212,0.000000,0.250000,1.000000,GO STRAIGHT,1,1,STREETVIEW_DB,streetview_0033.jpg,33,50.10296250,14.39122278,310.69,34.0084,-0.025886,0.000000,0.895147
5394,89.990,640.00,628.37,0.058321,-0.076487,0.000000,0.250000,1.000000,GO STRAIGHT,1,1,STREETVIEW_DB,streetview_0033.jpg,33,50.10296250,14.39122278,310.69,34.0084,-0.013100,0.000000,0.895147
5400,90.090,640.00,626.59,0.065709,-0.086666,0.000000,0.250000,1.000000,GO STRAIGHT,1,1,STREETVIEW_DB,streetview_0033.jpg,33,50.10296250,14.39122278,310.69,33.6259,-0.011122,0.000000,0.888453
5406,90.190,640.00,629.87,0.047255,-0.063076,0.000000,0.250000,1.000000,GO STRAIGHT,1,1,STREETVIEW_DB,streetview_0033.jpg,33,50.10296250,14.39122278,310.69,33.6259,-0.016707,0.000000,0.888453
5412,90.290,640.00,633.28,0.032427,-0.042925,0.000000,0.250000,1.000000,GO STRAIGHT,1,1,STREETVIEW_DB,streetview_0033.jpg,33,50.10296250,14.39122278,310.69,33.6259,-0.020775,0.000000,0.888453
5418,90.390,640.00,627.68,0.044887,-0.064143,0.000000,0.250000,1.000000,GO STRAIGHT,1,1,STREETVIEW_DB,streetview_0033.jpg,33,50.10296250,14.39122278,310.69,33.6259,-0.018856,0.000000,0.888453
5424,90.490,640.00,627.16,0.034845,-0.054909,0.000000,0.250000,1.000000,GO STRAIGHT,1,1,STREETVIEW_DB,streetview_0033.jpg,33,50.10296250,14.39122278,310.69,33.6259,-0.023155,0.000000,0.888453
5430,90.591,640.00,622.59,0.067409,-0.094618,0.000000,0.250000,1.000000,GO STRAIGHT,1,1,STREETVIEW_DB,streetview_0033.jpg,33,50.10296250,14.39122278,310.69,33.6259,-0.012631,0.000000,0.888453
5436,90.691,640.00,626.40,0.051702,-0.072950,0.000000,0.250000,1.000000,GO STRAIGHT,1,1,STREETVIEW_DB,streetview_0033.jpg,33,50.10296250,14.39122278,310.69,33.6259,-0.016827,0.000000,0.888453
5442,90.791,640.00,623.79,0.045098,-0.070424,0.000000,0.250000,1.000000,GO STRAIGHT,1,1,STREETVIEW_DB,streetview_0033.jpg,33,50.10296250,14.39122278,310.69,33.6259,-0.020896,0.000000,0.888453
5448,90.891,640.00,623.17,0.040557,-0.066855,0.000000,0.250000,1.000000,GO STRAIGHT,1,1,STREETVIEW_DB,streetview_0033.jpg,33,50.10296250,14.39122278,310.69,33.6259,-0.023053,0.000000,0.888453
5454,90.991,640.00,620.55,0.049877,-0.080266,0.000000,0.250000,1.000000,GO STRAIGHT,1,1,STREETVIEW_DB,streetview_0033.jpg,33,50.10296250,14.39122278,310.69,33.6259,-0.020756,0.000000,0.888453
5460,91.091,640.00,616.14,0.055716,-0.093002,0.000000,0.250000,1.000000,GO STRAIGHT,1,1,STREETVIEW_DB,streetview_0033.jpg,33,50.10296250,14.39122278,310.69,33.6259,-0.020835,0.000000,0.888453
5466,91.191,640.00,612.82,0.057911,-0.100378,0.000000,0.250000,1.000000,GO STRAIGHT,1,1,STREETVIEW_DB,streetview_0033.jpg,33,50.10296250,14.39122278,310.69,33.6259,-0.021770,0.000000,0.888453
5472,91.291,640.00,611.91,0.061169,-0.105057,0.000000,0.250000,1.000000,GO STRAIGHT,1,1,STREETVIEW_DB,streetview_0033.jpg,33,50.10296250,14.39122278,310.69,33.6259,-0.020964,0.000000,0.888453
5478,91.391,640.00,615.00,0.052848,-0.091916,0.000000,0.250000,1.000000,GO STRAIGHT,1,1,STREETVIEW_DB,streetview_0033.jpg,33,50.10296250,14.39122278,310.69,33.6259,-0.022605,0.000000,0.888453
5484,91.491,640.00,615.69,0.055276,-0.093253,0.000000,0.250000,1.000000,GO STRAIGHT,1,1,STREETVIEW_DB,streetview_0033.jpg,33,50.10296250,14.39122278,310.69,33.6259,-0.021252,0.000000,0.888453
5490,91.591,640.00,614.32,0.053994,-0.094122,0.000000,0.250000,1.000000,GO STRAIGHT,1,1,STREETVIEW_DB,streetview_0033.jpg,33,50.10296250,14.39122278,310.69,33.6259,-0.022518,0.000000,0.888453
5496,91.692,640.00,619.78,0.039946,-0.071546,0.000000,0.250000,1.000000,GO STRAIGHT,1,1,STREETVIEW_DB,streetview_0033.jpg,33,50.10296250,14.39122278,310.69,33.6259,-0.025153,0.000000,0.888453
5502,91.792,640.00,617.68,0.047874,-0.082741,0.000000,0.250000,1.000000,GO STRAIGHT,1,1,STREETVIEW_DB,streetview_0033.jpg,33,50.10296250,14.39122278,310.69,33.6259,-0.023125,0.000000,0.888453
5508,91.892,640.00,616.80,0.046294,-0.082550,0.000000,0.250000,1.000000,GO STRAIGHT,1,1,STREETVIEW_DB,streetview_0033.jpg,33,50.10296250,14.39122278,310.69,33.6259,-0.024243,0.000000,0.888453
5514,91.992,640.00,613.94,0.045582,-0.086302,0.000000,0.250000,1.000000,GO STRAIGHT,1,1,STREETVIEW_DB,streetview_0033.jpg,33,50.10296250,14.39122278,310.69,33.6259,-0.026090,0.000000,0.888453
5520,92.092,640.00,613.65,0.035026,-0.076199,0.000000,0.250000,1.000000,GO STRAIGHT,1,1,STREETVIEW_DB,streetview_0033.jpg,33,50.10296250,14.39122278,310.69,24.0457,-0.030471,0.000000,0.720800
5526,92.192,640.00,611.67,0.035186,-0.079451,0.000000,0.250000,1.000000,GO STRAIGHT,1,1,STREETVIEW_DB,streetview_0033.jpg,33,50.10296250,14.39122278,310.69,24.0457,-0.031489,0.000000,0.720800
5532,92.292,640.00,611.03,0.037207,-0.082473,0.000000,0.250000,1.000000,GO STRAIGHT,1,1,STREETVIEW_DB,streetview_0033.jpg,33,50.10296250,14.39122278,310.69,24.0457,-0.031031,0.000000,0.720800
5538,92.392,640.00,609.11,0.029954,-0.078217,0.000000,0.250000,1.000000,GO STRAIGHT,1,1,STREETVIEW_DB,streetview_0033.jpg,33,50.10296250,14.39122278,310.69,24.0457,-0.034981,0.000000,0.720800
5544,92.492,640.00,610.05,0.015476,-0.062276,0.000000,0.250000,1.000000,GO STRAIGHT,1,1,STREETVIEW_DB,streetview_0033.jpg,33,50.10296250,14.39122278,310.69,24.0457,-0.040260,0.000000,0.720800
5550,92.593,640.00,609.98,0.013021,-0.059924,0.000000,0.250000,1.000000,GO STRAIGHT,1,1,STREETVIEW_DB,streetview_0033.jpg,33,50.10296250,14.39122278,310.69,24.0457,-0.041279,0.000000,0.720800
5556,92.693,640.00,609.65,0.017261,-0.064678,0.000000,0.250000,1.000000,GO STRAIGHT,1,1,STREETVIEW_DB,streetview_0033.jpg,33,50.10296250,14.39122278,310.69,24.0457,-0.039762,0.000000,0.720800
5562,92.793,640.00,607.69,0.016989,-0.067481,0.000000,0.250000,1.000000,GO STRAIGHT,1,1,STREETVIEW_DB,streetview_0033.jpg,33,50.10296250,14.39122278,310.69,24.0457,-0.040947,0.000000,0.720800
5568,92.893,640.00,609.54,0.019495,-0.067086,0.000000,0.250000,1.000000,GO STRAIGHT,1,1,STREETVIEW_DB,streetview_0033.jpg,33,50.10296250,14.39122278,310.69,24.0457,-0.038930,0.000000,0.720800
5574,92.993,640.00,601.36,0.025571,-0.085945,0.000000,0.250000,1.000000,GO STRAIGHT,1,1,STREETVIEW_DB,streetview_0033.jpg,33,50.10296250,14.39122278,310.69,24.0457,-0.040973,0.000000,0.720800
5580,93.093,640.00,605.08,0.021881,-0.076439,0.000000,0.250000,1.000000,GO STRAIGHT,1,1,STREETVIEW_DB,streetview_0033.jpg,33,50.10296250,14.39122278,310.69,24.0457,-0.040414,0.000000,0.720800
5586,93.193,640.00,601.53,0.024951,-0.085068,0.000000,0.250000,1.000000,GO STRAIGHT,1,1,STREETVIEW_DB,streetview_0033.jpg,33,50.10296250,14.39122278,310.69,24.0457,-0.041131,0.000000,0.720800
5592,93.293,640.00,602.39,0.026120,-0.084879,0.000000,0.250000,1.000000,GO STRAIGHT,1,1,STREETVIEW_DB,streetview_0033.jpg,33,50.10296250,14.39122278,310.69,24.0457,-0.040188,0.000000,0.720800
5598,93.393,640.00,595.95,0.029860,-0.098693,0.000000,0.250000,1.000000,GO STRAIGHT,1,1,STREETVIEW_DB,streetview_0033.jpg,33,50.10296250,14.39122278,310.69,24.0457,-0.042219,0.000000,0.720800
5604,93.493,640.00,593.00,0.029878,-0.103311,0.000000,0.250000,1.000000,GO STRAIGHT,1,1,STREETVIEW_DB,streetview_0033.jpg,33,50.10296250,14.39122278,310.69,24.0457,-0.043822,0.000000,0.720800
5610,93.594,640.00,585.78,0.031137,-0.115859,0.000000,0.250000,1.000000,GO STRAIGHT,1,1,STREETVIEW_DB,streetview_0033.jpg,33,50.10296250,14.39122278,310.69,24.0457,-0.047269,0.000000,0.720800
5616,93.694,640.00,588.39,0.025476,-0.106109,0.000000,0.250000,1.000000,GO STRAIGHT,1,1,STREETVIEW_DB,streetview_0033.jpg,33,50.10296250,14.39122278,310.69,24.0457,-0.048102,0.000000,0.720800
5622,93.794,640.00,587.96,0.016346,-0.097653,0.000000,0.250000,1.000000,GO STRAIGHT,1,1,STREETVIEW_DB,streetview_0033.jpg,33,50.10296250,14.39122278,310.69,24.0457,-0.051990,0.000000,0.720800
5628,93.894,640.00,597.22,0.000929,-0.067780,0.000000,0.250000,1.000000,GO STRAIGHT,1,1,STREETVIEW_DB,streetview_0033.jpg,33,50.10296250,14.39122278,310.69,24.0457,-0.053097,0.000000,0.720800
5634,93.994,640.00,598.84,0.003888,-0.068200,0.000000,0.250000,1.000000,GO STRAIGHT,1,1,STREETVIEW_DB,streetview_0033.jpg,33,50.10296250,14.39122278,310.69,24.0457,-0.051025,0.000000,0.720800
5640,94.094,640.00,600.84,0.000967,-0.062151,0.000000,0.250000,1.000000,GO STRAIGHT,1,1,STREETVIEW_DB,streetview_0033.jpg,33,50.10296250,14.39122278,310.69,22.8952,-0.051099,0.000000,0.700667
5646,94.194,640.00,602.86,-0.003364,-0.054661,0.000000,0.250000,1.000000,GO STRAIGHT,1,1,STREETVIEW_DB,streetview_0033.jpg,33,50.10296250,14.39122278,310.69,22.8952,-0.051726,0.000000,0.700667
5652,94.294,640.00,603.18,-0.003352,-0.054179,0.000000,0.250000,1.000000,GO STRAIGHT,1,1,STREETVIEW_DB,streetview_0033.jpg,33,50.10296250,14.39122278,310.69,22.8952,-0.051547,0.000000,0.700667
5658,94.394,640.00,600.30,-0.001658,-0.060370,0.000000,0.250000,1.000000,GO STRAIGHT,1,1,STREETVIEW_DB,streetview_0033.jpg,33,50.10296250,14.39122278,310.69,22.8952,-0.052444,0.000000,0.700667
5664,94.494,640.00,597.80,0.003281,-0.069215,0.000000,0.250000,1.000000,GO STRAIGHT,1,1,STREETVIEW_DB,streetview_0033.jpg,33,50.10296250,14.39122278,310.69,22.8952,-0.051836,0.000000,0.700667
5670,94.594,640.00,592.56,0.008397,-0.082524,0.000000,0.250000,1.000000,GO STRAIGHT,1,1,STREETVIEW_DB,streetview_0033.jpg,33,50.10296250,14.39122278,310.69,22.8952,-0.052657,0.000000,0.700667
5676,94.695,640.00,595.04,0.003252,-0.073496,0.000000,0.250000,1.000000,GO STRAIGHT,1,1,STREETVIEW_DB,streetview_0033.jpg,33,50.10296250,14.39122278,310.69,22.8952,-0.053355,0.000000,0.700667
5682,94.795,640.00,596.31,-0.005884,-0.062377,0.000000,0.250000,1.000000,GO STRAIGHT,1,1,STREETVIEW_DB,streetview_0033.jpg,33,50.10296250,14.39122278,310.69,22.8952,-0.056316,0.000000,0.700667
5688,94.895,640.00,594.52,-0.008816,-0.062243,0.010193,0.240140,1.000000,GO STRAIGHT,1,1,STREETVIEW_DB,streetview_0033.jpg,33,50.10296250,14.39122278,310.69,22.8952,-0.058468,0.000000,0.700667
5694,94.995,640.00,594.41,-0.015353,-0.055877,0.018076,0.239615,1.000000,GO STRAIGHT,1,1,STREETVIEW_DB,streetview_0033.jpg,33,50.10296250,14.39122278,310.69,22.8952,-0.061143,0.000000,0.700667
5700,95.095,640.00,592.78,-0.017045,-0.056743,0.024070,0.239306,1.000000,GO STRAIGHT,1,1,STREETVIEW_DB,streetview_0033.jpg,33,50.10296250,14.39122278,310.69,22.8952,-0.062715,0.000000,0.700667
5706,95.195,640.00,598.26,-0.004268,-0.060953,0.017331,0.250000,1.000000,GO STRAIGHT,1,1,STREETVIEW_DB,streetview_0033.jpg,33,50.10296250,14.39122278,310.69,22.8952,-0.054606,0.000000,0.700667
5712,95.295,640.00,599.54,0.003477,-0.066695,0.012478,0.250000,1.000000,GO STRAIGHT,1,1,STREETVIEW_DB,streetview_0033.jpg,33,50.10296250,14.39122278,310.69,22.8952,-0.050806,0.000000,0.700667
5718,95.395,640.00,600.09,0.003069,-0.065425,0.008984,0.250000,1.000000,GO STRAIGHT,1,1,STREETVIEW_DB,streetview_0033.jpg,33,50.10296250,14.39122278,310.69,22.8952,-0.050668,0.000000,0.700667
5724,95.495,640.00,601.38,0.011184,-0.071529,0.006469,0.250000,1.000000,GO STRAIGHT,1,1,STREETVIEW_DB,streetview_0033.jpg,33,50.10296250,14.39122278,310.69,22.8952,-0.046718,0.000000,0.700667
5730,95.596,640.00,602.90,0.010865,-0.068832,0.000000,0.250000,1.000000,GO STRAIGHT,1,1,STREETVIEW_DB,streetview_0033.jpg,33,50.10296250,14.39122278,310.69,22.8952,-0.046013,0.000000,0.700667
5736,95.696,640.00,601.87,-0.003042,-0.056534,0.000000,0.250000,1.000000,GO STRAIGHT,1,1,STREETVIEW_DB,streetview_0033.jpg,33,50.10296250,14.39122278,310.69,22.8952,-0.052139,0.000000,0.700667
5742,95.796,640.00,605.80,-0.005912,-0.047526,0.000000,0.250000,1.000000,GO STRAIGHT,1,1,STREETVIEW_DB,streetview_0033.jpg,33,50.10296250,14.39122278,310.69,22.8952,-0.051139,0.000000,0.700667
5748,95.896,640.00,610.28,0.007117,-0.053553,0.000000,0.250000,1.000000,GO STRAIGHT,1,1,STREETVIEW_DB,streetview_0033.jpg,33,50.10296250,14.39122278,310.69,22.8952,-0.043476,0.000000,0.700667
5754,95.996,640.00,609.80,0.007490,-0.054674,0.000000,0.250000,1.000000,GO STRAIGHT,1,1,STREETVIEW_DB,streetview_0033.jpg,33,50.10296250,14.39122278,310.69,22.8952,-0.043589,0.000000,0.700667
5760,96.096,640.00,609.09,0.007394,-0.055692,0.000000,0.250000,1.000000,GO STRAIGHT,1,1,STREETVIEW_DB,streetview_0037.jpg,37,50.10308074,14.39100839,310.69,28.7422,0.008604,0.000000,0.802989
5766,96.196,640.00,610.18,0.013236,-0.059827,0.000000,0.250000,1.000000,GO STRAIGHT,1,1,STREETVIEW_DB,streetview_0037.jpg,37,50.10308074,14.39100839,310.69,28.7422,0.011537,0.000000,0.802989
5772,96.296,640.00,612.19,0.007081,-0.050540,0.000000,0.250000,1.000000,GO STRAIGHT,1,1,STREETVIEW_DB,streetview_0037.jpg,37,50.10308074,14.39100839,310.69,28.7422,0.010172,0.000000,0.802989
5778,96.396,640.00,616.60,0.002767,-0.039336,0.000000,0.250000,1.000000,GO STRAIGHT,1,1,STREETVIEW_DB,streetview_0037.jpg,37,50.10308074,14.39100839,310.69,28.7422,0.010858,0.000000,0.802989
5784,96.496,640.00,617.13,-0.003188,-0.032554,0.000000,0.250000,1.000000,GO STRAIGHT,1,1,STREETVIEW_DB,streetview_0037.jpg,37,50.10308074,14.39100839,310.69,28.7422,0.008766,0.000000,0.802989
5790,96.597,640.00,612.33,-0.014110,-0.029127,0.000000,0.250000,1.000000,GO STRAIGHT,1,1,STREETVIEW_DB,streetview_0037.jpg,37,50.10308074,14.39100839,310.69,28.7422,0.001773,0.000000,0.802989
5796,96.697,640.00,612.54,-0.026690,-0.016213,0.000000,0.250000,1.000000,GO STRAIGHT,1,1,STREETVIEW_DB,streetview_0037.jpg,37,50.10308074,14.39100839,310.69,28.7422,-0.003142,0.000000,0.802989
5802,96.797,640.00,608.74,-0.035245,-0.013592,0.000000,0.250000,1.000000,GO STRAIGHT,1,1,STREETVIEW_DB,streetview_0037.jpg,37,50.10308074,14.39100839,310.69,28.7422,-0.008641,0.000000,0.802989
5808,96.897,640.00,605.79,-0.032756,-0.020692,0.000000,0.250000,1.000000,GO STRAIGHT,1,1,STREETVIEW_DB,streetview_0037.jpg,37,50.10308074,14.39100839,310.69,28.7422,-0.009259,0.000000,0.802989
5814,96.997,640.00,607.81,-0.038102,-0.012192,0.000000,0.250000,1.000000,GO STRAIGHT,1,1,STREETVIEW_DB,streetview_0037.jpg,37,50.10308074,14.39100839,310.69,28.7422,-0.010294,0.000000,0.802989
5820,97.097,640.00,605.38,-0.030414,-0.023680,0.000000,0.250000,1.000000,GO STRAIGHT,1,1,STREETVIEW_DB,streetview_0037.jpg,37,50.10308074,14.39100839,310.69,28.7422,-0.008549,0.000000,0.802989
5826,97.197,640.00,604.14,-0.025958,-0.030070,0.000000,0.250000,1.000000,GO STRAIGHT,1,1,STREETVIEW_DB,streetview_0037.jpg,37,50.10308074,14.39100839,310.69,28.7422,-0.007443,0.000000,0.802989
5832,97.297,640.00,602.39,-0.021625,-0.037139,0.000000,0.250000,1.000000,GO STRAIGHT,1,1,STREETVIEW_DB,streetview_0037.jpg,37,50.10308074,14.39100839,310.69,28.7422,-0.006668,0.000000,0.802989
5838,97.397,640.00,600.43,-0.010109,-0.051718,0.000000,0.250000,1.000000,GO STRAIGHT,1,1,STREETVIEW_DB,streetview_0037.jpg,37,50.10308074,14.39100839,310.69,28.7422,-0.003133,0.000000,0.802989
5844,97.497,640.00,599.13,-0.011984,-0.051867,0.000000,0.250000,1.000000,GO STRAIGHT,1,1,STREETVIEW_DB,streetview_0037.jpg,37,50.10308074,14.39100839,310.69,28.7422,-0.004592,0.000000,0.802989
5850,97.597,640.00,597.93,0.001032,-0.066765,0.000000,0.250000,1.000000,GO STRAIGHT,1,1,STREETVIEW_DB,streetview_0037.jpg,37,50.10308074,14.39100839,310.69,28.7422,-0.000044,0.000000,0.802989
5856,97.698,640.00,600.18,-0.003406,-0.058814,0.000000,0.250000,1.000000,GO STRAIGHT,1,1,STREETVIEW_DB,streetview_0037.jpg,37,50.10308074,14.39100839,310.69,28.7422,-0.000589,0.000000,0.802989
5862,97.798,640.00,600.18,-0.001338,-0.060882,0.000000,0.250000,1.000000,GO STRAIGHT,1,1,STREETVIEW_DB,streetview_0037.jpg,37,50.10308074,14.39100839,310.69,28.7422,0.000238,0.000000,0.802989
5868,97.898,640.00,601.84,-0.000225,-0.059394,0.000000,0.250000,1.000000,GO STRAIGHT,1,1,STREETVIEW_DB,streetview_0037.jpg,37,50.10308074,14.39100839,310.69,28.7422,0.001593,0.000000,0.802989
5874,97.998,640.00,602.34,0.001804,-0.060641,0.000000,0.250000,1.000000,GO STRAIGHT,1,1,STREETVIEW_DB,streetview_0037.jpg,37,50.10308074,14.39100839,310.69,28.7422,0.002678,0.000000,0.802989
5880,98.098,640.00,601.11,0.006493,-0.067255,0.000000,0.250000,1.000000,GO STRAIGHT,1,1,STREETVIEW_DB,streetview_0037.jpg,37,50.10308074,14.39100839,310.69,33.4113,0.003880,0.000000,0.884698
5886,98.198,640.00,607.05,-0.001352,-0.050127,0.000000,0.250000,1.000000,GO STRAIGHT,1,1,STREETVIEW_DB,streetview_0037.jpg,37,50.10308074,14.39100839,310.69,33.4113,0.003992,0.000000,0.884698
5892,98.298,640.00,608.60,0.001982,-0.051050,0.000000,0.250000,1.000000,GO STRAIGHT,1,1,STREETVIEW_DB,streetview_0037.jpg,37,50.10308074,14.39100839,310.69,33.4113,0.006169,0.000000,0.884698
5898,98.398,640.00,610.78,-0.003681,-0.041977,0.000000,0.250000,1.000000,GO STRAIGHT,1,1,STREETVIEW_DB,streetview_0037.jpg,37,50.10308074,14.39100839,310.69,33.4113,0.005097,0.000000,0.884698
5904,98.498,640.00,611.80,0.002988,-0.047048,0.000000,0.250000,1.000000,GO STRAIGHT,1,1,STREETVIEW_DB,streetview_0037.jpg,37,50.10308074,14.39100839,310.69,33.4113,0.008324,0.000000,0.884698
5910,98.599,640.00,614.81,0.006463,-0.045824,0.000000,0.250000,1.000000,GO STRAIGHT,1,1,STREETVIEW_DB,streetview_0037.jpg,37,50.10308074,14.39100839,310.69,33.4113,0.011359,0.000000,0.884698
5916,98.699,640.00,616.95,0.003228,-0.039248,0.000000,0.250000,1.000000,GO STRAIGHT,1,1,STREETVIEW_DB,streetview_0037.jpg,37,50.10308074,14.39100839,310.69,33.4113,0.011234,0.000000,0.884698
5922,98.799,640.00,622.84,0.006231,-0.033044,0.000000,0.250000,1.000000,GO STRAIGHT,1,1,STREETVIEW_DB,streetview_0037.jpg,37,50.10308074,14.39100839,310.69,33.4113,0.015658,0.000000,0.884698
5928,98.899,640.00,623.27,0.012363,-0.038500,0.000000,0.250000,1.000000,GO STRAIGHT,1,1,STREETVIEW_DB,streetview_0037.jpg,37,50.10308074,14.39100839,310.69,33.4113,0.018347,0.000000,0.884698
5934,98.999,640.00,626.31,0.004171,-0.025554,0.000000,0.250000,1.000000,GO STRAIGHT,1,1,STREETVIEW_DB,streetview_0037.jpg,37,50.10308074,14.39100839,310.69,33.4113,0.016734,0.000000,0.884698
5940,99.099,640.00,627.50,-0.001945,-0.017584,0.000000,0.250000,1.000000,GO STRAIGHT,1,1,STREETVIEW_DB,streetview_0037.jpg,37,50.10308074,14.39100839,310.69,33.4113,0.014937,0.000000,0.884698
5946,99.199,640.00,626.76,0.013728,-0.034408,0.000000,0.250000,1.000000,GO STRAIGHT,1,1,STREETVIEW_DB,streetview_0037.jpg,37,50.10308074,14.39100839,310.69,33.4113,0.020803,0.000000,0.884698
5952,99.299,640.00,626.47,0.005935,-0.027073,0.000000,0.250000,1.000000,GO STRAIGHT,1,1,STREETVIEW_DB,streetview_0037.jpg,37,50.10308074,14.39100839,310.69,33.4113,0.017526,0.000000,0.884698
5958,99.399,640.00,628.70,-0.024830,0.007172,0.000000,0.250000,1.000000,GO STRAIGHT,1,1,STREETVIEW_DB,streetview_0037.jpg,37,50.10308074,14.39100839,310.69,33.4113,0.006438,0.000000,0.884698
5964,99.499,640.00,630.86,-0.037437,0.023149,0.000000,0.250000,1.000000,GO STRAIGHT,1,1,STREETVIEW_DB,streetview_0037.jpg,37,50.10308074,14.39100839,310.69,33.4113,0.002575,0.000000,0.884698
5970,99.600,640.00,630.78,-0.047221,0.032811,0.000000,0.250000,1.000000,GO STRAIGHT,1,1,STREETVIEW_DB,streetview_0037.jpg,37,50.10308074,14.39100839,310.69,33.4113,-0.001382,0.000000,0.884698
5976,99.700,640.00,630.16,-0.048680,0.033308,0.000000,0.250000,1.000000,GO STRAIGHT,1,1,STREETVIEW_DB,streetview_0037.jpg,37,50.10308074,14.39100839,310.69,33.4113,-0.002303,0.000000,0.884698
5982,99.800,640.00,617.35,-0.088762,0.053378,0.000000,0.250000,1.000000,GO STRAIGHT,1,1,STREETVIEW_DB,streetview_0037.jpg,37,50.10308074,14.39100839,310.69,33.4113,-0.025340,0.000000,0.884698
5988,99.900,640.00,611.10,-0.116188,0.071028,0.010869,0.239487,1.000000,GO STRAIGHT,1,1,STREETVIEW_DB,streetview_0037.jpg,37,50.10308074,14.39100839,310.69,33.4113,-0.039731,0.000000,0.884698
5994,100.000,640.00,607.18,-0.108549,0.057271,0.018474,0.239700,0.550000,GO STRAIGHT,1,0,STREETVIEW_DB,streetview_0037.jpg,37,50.10308074,14.39100839,310.69,33.4113,-0.038817,0.000000,0.884698
6000,100.100,640.00,605.30,-0.119081,0.064863,0.025953,0.237763,0.550000,GO STRAIGHT,1,0,STREETVIEW_DB,streetview_0037.jpg,37,50.10308074,14.39100839,310.69,37.9547,-0.044058,0.000000,0.964208
6006,100.200,640.00,599.66,-0.143625,0.080599,0.034672,0.234537,0.550000,TURN LEFT,1,0,STREETVIEW_DB,streetview_0037.jpg,37,50.10308074,14.39100839,310.69,37.9547,-0.056960,0.000000,0.964208
6012,100.300,640.00,597.93,-0.146396,0.080654,0.041482,0.234023,0.550000,TURN LEFT,1,0,STREETVIEW_DB,streetview_0037.jpg,37,50.10308074,14.39100839,310.69,37.9547,-0.059018,0.000000,0.964208
6018,100.400,640.00,596.86,-0.148228,0.080823,0.046725,0.233694,0.550000,TURN LEFT,1,0,STREETVIEW_DB,streetview_0037.jpg,37,50.10308074,14.39100839,310.69,37.9547,-0.060333,0.000000,0.964208
6024,100.500,640.00,606.09,-0.129447,0.076466,0.047253,0.236835,1.000000,GO STRAIGHT,1,1,STREETVIEW_DB,streetview_0037.jpg,37,50.10308074,14.39100839,310.69,37.9547,-0.047772,0.000000,0.964208
6030,100.600,640.00,612.56,-0.126008,0.083126,0.046364,0.238062,1.000000,GO STRAIGHT,1,1,STREETVIEW_DB,streetview_0037.jpg,37,50.10308074,14.39100839,310.69,37.9547,-0.042862,0.000000,0.964208
6036,100.701,640.00,616.80,-0.121717,0.085459,0.044681,0.239071,1.000000,GO STRAIGHT,1,1,STREETVIEW_DB,streetview_0037.jpg,37,50.10308074,14.39100839,310.69,37.9547,-0.038827,0.000000,0.964208
6042,100.801,640.00,621.56,-0.115716,0.086905,0.042175,0.240323,1.000000,GO STRAIGHT,1,1,STREETVIEW_DB,streetview_0037.jpg,37,50.10308074,14.39100839,310.69,37.9547,-0.033820,0.000000,0.964208
6048,100.901,640.00,622.29,-0.109921,0.082243,0.030366,0.250000,1.000000,GO STRAIGHT,1,1,STREETVIEW_DB,streetview_0037.jpg,37,50.10308074,14.39100839,310.69,37.9547,-0.031105,0.000000,0.964208
6054,101.001,640.00,623.32,-0.115307,0.089243,0.021864,0.250000,1.000000,GO STRAIGHT,1,1,STREETVIEW_DB,streetview_0037.jpg,37,50.10308074,14.39100839,310.69,37.9547,-0.032695,0.000000,0.964208
6060,101.101,640.00,624.73,-0.118185,0.094323,0.025554,0.240509,1.000000,GO STRAIGHT,1,1,STREETVIEW_DB,streetview_0037.jpg,37,50.10308074,14.39100839,310.69,37.9547,-0.033076,0.000000,0.964208
6066,101.201,640.00,628.01,-0.114118,0.095381,0.018399,0.250000,1.000000,GO STRAIGHT,1,1,STREETVIEW_DB,streetview_0037.jpg,37,50.10308074,14.39100839,310.69,37.9547,-0.029655,0.000000,0.964208
6072,101.301,640.00,629.11,-0.108722,0.091704,0.013247,0.250000,1.000000,GO STRAIGHT,1,1,STREETVIEW_DB,streetview_0037.jpg,37,50.10308074,14.39100839,310.69,37.9547,-0.026895,0.000000,0.964208
6078,101.401,640.00,629.82,-0.112032,0.096119,0.009538,0.250000,1.000000,GO STRAIGHT,1,1,STREETVIEW_DB,streetview_0037.jpg,37,50.10308074,14.39100839,310.69,37.9547,-0.027833,0.000000,0.964208
6084,101.501,640.00,627.77,-0.103775,0.084666,0.006867,0.250000,1.000000,GO STRAIGHT,1,1,STREETVIEW_DB,streetview_0037.jpg,37,50.10308074,14.39100839,310.69,37.9547,-0.025648,0.000000,0.964208
6090,101.602,640.00,627.15,-0.098238,0.078165,0.000000,0.250000,1.000000,GO STRAIGHT,1,1,STREETVIEW_DB,streetview_0037.jpg,37,50.10308074,14.39100839,310.69,37.9547,-0.023771,0.000000,0.964208
6096,101.702,640.00,626.48,-0.098098,0.076974,0.000000,0.250000,1.000000,GO STRAIGHT,1,1,STREETVIEW_DB,streetview_0037.jpg,37,50.10308074,14.39100839,310.69,37.9547,-0.024083,0.000000,0.964208
6102,101.802,640.00,625.70,-0.103475,0.081139,0.000000,0.250000,1.000000,GO STRAIGHT,1,1,STREETVIEW_DB,streetview_0037.jpg,37,50.10308074,14.39100839,310.69,37.9547,-0.026658,0.000000,0.964208
6108,101.902,640.00,628.27,-0.100795,0.082470,0.000000,0.250000,1.000000,GO STRAIGHT,1,1,STREETVIEW_DB,streetview_0037.jpg,37,50.10308074,14.39100839,310.69,37.9547,-0.024181,0.000000,0.964208
6114,102.002,640.00,626.15,-0.087206,0.065566,0.000000,0.250000,1.000000,GO STRAIGHT,1,1,STREETVIEW_DB,streetview_0037.jpg,37,50.10308074,14.39100839,310.69,38.5535,-0.019906,0.000000,0.974685
6120,102.102,640.00,621.55,-0.075388,0.046555,0.000000,0.250000,1.000000,GO STRAIGHT,1,1,STREETVIEW_DB,streetview_0037.jpg,37,50.10308074,14.39100839,310.69,38.5535,-0.017697,0.000000,0.974685
6126,102.202,640.00,616.69,-0.055955,0.019537,0.000000,0.250000,1.000000,GO STRAIGHT,1,1,STREETVIEW_DB,streetview_0037.jpg,37,50.10308074,14.39100839,310.69,38.5535,-0.012578,0.000000,0.974685
6132,102.302,640.00,617.27,-0.050675,0.015160,0.000000,0.250000,1.000000,GO STRAIGHT,1,1,STREETVIEW_DB,streetview_0037.jpg,37,50.10308074,14.39100839,310.69,38.5535,-0.010150,0.000000,0.974685
6138,102.402,640.00,616.32,-0.047741,0.010737,0.000000,0.250000,1.000000,GO STRAIGHT,1,1,STREETVIEW_DB,streetview_0037.jpg,37,50.10308074,14.39100839,310.69,38.5535,-0.009498,0.000000,0.974685
6144,102.502,640.00,616.67,-0.050936,0.014484,0.000000,0.250000,1.000000,GO STRAIGHT,1,1,STREETVIEW_DB,streetview_0037.jpg,37,50.10308074,14.39100839,310.69,38.5535,-0.010582,0.000000,0.974685
6150,102.603,640.00,613.65,-0.046443,0.005266,0.000000,0.250000,1.000000,GO STRAIGHT,1,1,STREETVIEW_DB,streetview_0037.jpg,37,50.10308074,14.39100839,310.69,38.5535,-0.010440,0.000000,0.974685
6156,102.703,640.00,611.44,-0.042656,-0.001974,0.000000,0.250000,1.000000,GO STRAIGHT,1,1,STREETVIEW_DB,streetview_0037.jpg,37,50.10308074,14.39100839,310.69,38.5535,-0.010133,0.000000,0.974685
6162,102.803,640.00,615.29,-0.046950,0.008342,0.000000,0.250000,1.000000,GO STRAIGHT,1,1,STREETVIEW_DB,streetview_0037.jpg,37,50.10308074,14.39100839,310.69,38.5535,-0.009743,0.000000,0.974685
6168,102.903,640.00,615.04,-0.050328,0.011334,0.000000,0.250000,1.000000,GO STRAIGHT,1,1,STREETVIEW_DB,streetview_0037.jpg,37,50.10308074,14.39100839,310.69,38.5535,-0.011229,0.000000,0.974685
6174,103.003,640.00,612.45,-0.046028,0.002980,0.000000,0.250000,1.000000,GO STRAIGHT,1,1,STREETVIEW_DB,streetview_0037.jpg,37,50.10308074,14.39100839,310.69,38.5535,-0.010928,0.000000,0.974685
6180,103.103,640.00,615.77,-0.044998,0.007146,0.000000,0.250000,1.000000,GO STRAIGHT,1,1,STREETVIEW_DB,streetview_0037.jpg,37,50.10308074,14.39100839,310.69,38.5535,-0.008698,0.000000,0.974685
6186,103.203,640.00,612.56,-0.040466,-0.002413,0.000000,0.250000,1.000000,GO STRAIGHT,1,1,STREETVIEW_DB,streetview_0037.jpg,37,50.10308074,14.39100839,310.69,38.5535,-0.008644,0.000000,0.974685
6192,103.303,640.00,614.37,-0.034363,-0.005684,0.000000,0.250000,1.000000,GO STRAIGHT,1,1,STREETVIEW_DB,streetview_0037.jpg,37,50.10308074,14.39100839,310.69,38.5535,-0.005212,0.000000,0.974685
6198,103.403,640.00,613.16,-0.028544,-0.013396,0.000000,0.250000,1.000000,GO STRAIGHT,1,1,STREETVIEW_DB,streetview_0037.jpg,37,50.10308074,14.39100839,310.69,38.5535,-0.003546,0.000000,0.974685
6204,103.503,640.00,613.16,-0.029679,-0.012258,0.000000,0.250000,1.000000,GO STRAIGHT,1,1,STREETVIEW_DB,streetview_0037.jpg,37,50.10308074,14.39100839,310.69,38.5535,-0.004000,0.000000,0.974685
6210,103.603,640.00,613.37,-0.030234,-0.011370,0.000000,0.250000,1.000000,GO STRAIGHT,1,1,STREETVIEW_DB,streetview_0037.jpg,37,50.10308074,14.39100839,310.69,38.5535,-0.004105,0.000000,0.974685
6216,103.704,640.00,611.42,-0.026043,-0.018614,0.000000,0.250000,1.000000,GO STRAIGHT,1,1,STREETVIEW_DB,streetview_0037.jpg,37,50.10308074,14.39100839,310.69,38.5535,-0.003497,0.000000,0.974685
6222,103.804,640.00,611.37,-0.031769,-0.012971,0.000000,0.250000,1.000000,GO STRAIGHT,1,1,STREETVIEW_DB,streetview_0037.jpg,37,50.10308074,14.39100839,310.69,38.5535,-0.005817,0.000000,0.974685
6228,103.904,640.00,608.29,-0.033887,-0.015667,0.000000,0.250000,1.000000,GO STRAIGHT,1,1,STREETVIEW_DB,streetview_0037.jpg,37,50.10308074,14.39100839,310.69,38.5535,-0.008349,0.000000,0.974685
6234,104.004,640.00,607.90,-0.027851,-0.022303,0.000000,0.250000,1.000000,GO STRAIGHT,1,1,STREETVIEW_DB,streetview_0037.jpg,37,50.10308074,14.39100839,310.69,36.7289,-0.006144,0.000000,0.942756
6240,104.104,640.00,610.86,-0.034028,-0.011504,0.000000,0.250000,1.000000,GO STRAIGHT,1,1,STREETVIEW_DB,streetview_0037.jpg,37,50.10308074,14.39100839,310.69,36.7289,-0.006997,0.000000,0.942756
6246,104.204,640.00,610.70,-0.038823,-0.006956,0.000000,0.250000,1.000000,GO STRAIGHT,1,1,STREETVIEW_DB,streetview_0037.jpg,37,50.10308074,14.39100839,310.69,36.7289,-0.009002,0.000000,0.942756
6252,104.304,640.00,612.67,-0.044421,0.001724,0.000000,0.250000,1.000000,GO STRAIGHT,1,1,STREETVIEW_DB,streetview_0037.jpg,37,50.10308074,14.39100839,310.69,36.7289,-0.010162,0.000000,0.942756
6258,104.404,640.00,609.44,-0.038754,-0.008989,0.000000,0.250000,1.000000,GO STRAIGHT,1,1,STREETVIEW_DB,streetview_0037.jpg,37,50.10308074,14.39100839,310.69,36.7289,-0.009661,0.000000,0.942756
6264,104.504,640.00,609.30,-0.038967,-0.008997,0.000000,0.250000,1.000000,GO STRAIGHT,1,1,STREETVIEW_DB,streetview_0037.jpg,37,50.10308074,14.39100839,310.69,36.7289,-0.009824,0.000000,0.942756
6270,104.605,640.00,608.49,-0.034635,-0.014598,0.000000,0.250000,1.000000,GO STRAIGHT,1,1,STREETVIEW_DB,streetview_0037.jpg,37,50.10308074,14.39100839,310.69,36.7289,-0.008535,0.000000,0.942756
6276,104.705,640.00,606.55,-0.019013,-0.033247,0.000000,0.250000,1.000000,GO STRAIGHT,1,1,STREETVIEW_DB,streetview_0037.jpg,37,50.10308074,14.39100839,310.69,36.7289,-0.003346,0.000000,0.942756
6282,104.805,640.00,606.24,-0.017246,-0.035499,0.000000,0.250000,1.000000,GO STRAIGHT,1,1,STREETVIEW_DB,streetview_0037.jpg,37,50.10308074,14.39100839,310.69,36.7289,-0.002809,0.000000,0.942756
6288,104.905,640.00,607.71,-0.023358,-0.027091,0.000000,0.250000,1.000000,GO STRAIGHT,1,1,STREETVIEW_DB,streetview_0037.jpg,37,50.10308074,14.39100839,310.69,36.7289,-0.004451,0.000000,0.942756
6294,105.005,640.00,606.61,-0.023586,-0.028580,0.000000,0.250000,1.000000,GO STRAIGHT,1,1,STREETVIEW_DB,streetview_0037.jpg,37,50.10308074,14.39100839,310.69,36.7289,-0.005143,0.000000,0.942756
6300,105.105,640.00,609.08,-0.031104,-0.017204,0.000000,0.250000,1.000000,GO STRAIGHT,1,1,STREETVIEW_DB,streetview_0037.jpg,37,50.10308074,14.39100839,310.69,36.7289,-0.006799,0.000000,0.942756
6306,105.205,640.00,613.70,-0.039751,-0.001344,0.000000,0.250000,1.000000,GO STRAIGHT,1,1,STREETVIEW_DB,streetview_0037.jpg,37,50.10308074,14.39100839,310.69,36.7289,-0.007734,0.000000,0.942756
6312,105.305,640.00,617.01,-0.039853,0.003925,0.000000,0.250000,1.000000,GO STRAIGHT,1,1,STREETVIEW_DB,streetview_0037.jpg,37,50.10308074,14.39100839,310.69,36.7289,-0.005966,0.000000,0.942756
6318,105.405,640.00,614.23,-0.041858,0.001592,0.000000,0.250000,1.000000,GO STRAIGHT,1,1,STREETVIEW_DB,streetview_0037.jpg,37,50.10308074,14.39100839,310.69,36.7289,-0.008286,0.000000,0.942756
6324,105.505,640.00,615.07,-0.039938,0.000987,0.000000,0.250000,1.000000,GO STRAIGHT,1,1,STREETVIEW_DB,streetview_0037.jpg,37,50.10308074,14.39100839,310.69,36.7289,-0.007058,0.000000,0.942756
6330,105.606,640.00,615.28,-0.045575,0.006954,0.000000,0.250000,1.000000,GO STRAIGHT,1,1,STREETVIEW_DB,streetview_0037.jpg,37,50.10308074,14.39100839,310.69,36.7289,-0.009197,0.000000,0.942756
6336,105.706,640.00,619.50,-0.055806,0.023772,0.000000,0.250000,1.000000,GO STRAIGHT,1,1,STREETVIEW_DB,streetview_0037.jpg,37,50.10308074,14.39100839,310.69,36.7289,-0.010985,0.000000,0.942756
6342,105.806,640.00,617.63,-0.046010,0.011062,0.000000,0.250000,1.000000,GO STRAIGHT,1,1,STREETVIEW_DB,streetview_0037.jpg,37,50.10308074,14.39100839,310.69,36.7289,-0.008086,0.000000,0.942756
6348,105.906,640.00,615.14,-0.028506,-0.010336,0.000000,0.250000,1.000000,GO STRAIGHT,1,1,STREETVIEW_DB,streetview_0037.jpg,37,50.10308074,14.39100839,310.69,36.7289,-0.002447,0.000000,0.942756
6354,106.006,640.00,618.30,-0.031583,-0.002324,0.000000,0.250000,1.000000,GO STRAIGHT,1,1,STREETVIEW_DB,streetview_0037.jpg,37,50.10308074,14.39100839,310.69,27.6107,-0.001951,0.000000,0.783188
6360,106.106,640.00,614.30,-0.021980,-0.018169,0.000000,0.250000,1.000000,GO STRAIGHT,1,1,STREETVIEW_DB,streetview_0037.jpg,37,50.10308074,14.39100839,310.69,27.6107,-0.000295,0.000000,0.783188
6366,106.206,640.00,614.71,-0.015700,-0.023812,0.000000,0.250000,1.000000,GO STRAIGHT,1,1,STREETVIEW_DB,streetview_0037.jpg,37,50.10308074,14.39100839,310.69,27.6107,0.002441,0.000000,0.783188
6372,106.306,640.00,614.52,-0.017315,-0.022501,0.000000,0.250000,1.000000,GO STRAIGHT,1,1,STREETVIEW_DB,streetview_0037.jpg,37,50.10308074,14.39100839,310.69,27.6107,0.001689,0.000000,0.783188
6378,106.406,640.00,613.76,-0.016167,-0.024839,0.000000,0.250000,1.000000,GO STRAIGHT,1,1,STREETVIEW_DB,streetview_0037.jpg,37,50.10308074,14.39100839,310.69,27.6107,0.001731,0.000000,0.783188
6384,106.506,640.00,617.82,-0.021533,-0.013116,0.000000,0.250000,1.000000,GO STRAIGHT,1,1,STREETVIEW_DB,streetview_0037.jpg,37,50.10308074,14.39100839,310.69,27.6107,0.001810,0.000000,0.783188
6390,106.606,640.00,609.63,-0.014628,-0.032820,0.000000,0.250000,1.000000,GO STRAIGHT,1,1,STREETVIEW_DB,streetview_0037.jpg,37,50.10308074,14.39100839,310.69,27.6107,0.000092,0.000000,0.783188
6396,106.707,640.00,613.04,-0.014937,-0.027188,0.000000,0.250000,1.000000,GO STRAIGHT,1,1,STREETVIEW_DB,streetview_0037.jpg,37,50.10308074,14.39100839,310.69,27.6107,0.001832,0.000000,0.783188
6402,106.807,640.00,614.84,-0.023801,-0.015508,0.000000,0.250000,1.000000,GO STRAIGHT,1,1,STREETVIEW_DB,streetview_0037.jpg,37,50.10308074,14.39100839,310.69,27.6107,-0.000729,0.000000,0.783188
6408,106.907,640.00,610.68,-0.025869,-0.019945,0.000000,0.250000,1.000000,GO STRAIGHT,1,1,STREETVIEW_DB,streetview_0037.jpg,37,50.10308074,14.39100839,310.69,27.6107,-0.003832,0.000000,0.783188
6414,107.007,640.00,614.13,-0.021373,-0.019048,0.000000,0.250000,1.000000,GO STRAIGHT,1,1,STREETVIEW_DB,streetview_0037.jpg,37,50.10308074,14.39100839,310.69,27.6107,-0.000146,0.000000,0.783188
6420,107.107,640.00,610.58,-0.011810,-0.034151,0.000000,0.250000,1.000000,GO STRAIGHT,1,1,STREETVIEW_DB,streetview_0037.jpg,37,50.10308074,14.39100839,310.69,27.6107,0.001740,0.000000,0.783188
6426,107.207,640.00,612.41,-0.008229,-0.034883,0.000000,0.250000,1.000000,GO STRAIGHT,1,1,STREETVIEW_DB,streetview_0037.jpg,37,50.10308074,14.39100839,310.69,27.6107,0.004169,0.000000,0.783188
6432,107.307,640.00,609.22,-0.010119,-0.037977,0.000000,0.250000,1.000000,GO STRAIGHT,1,1,STREETVIEW_DB,streetview_0037.jpg,37,50.10308074,14.39100839,310.69,27.6107,0.001669,0.000000,0.783188
6438,107.407,640.00,603.32,-0.007501,-0.049805,0.000000,0.250000,1.000000,GO STRAIGHT,1,1,STREETVIEW_DB,streetview_0037.jpg,37,50.10308074,14.39100839,310.69,27.6107,-0.000507,0.000000,0.783188
6444,107.507,640.00,602.02,-0.001639,-0.057706,0.000000,0.250000,1.000000,GO STRAIGHT,1,1,STREETVIEW_DB,streetview_0037.jpg,37,50.10308074,14.39100839,310.69,27.6107,0.001124,0.000000,0.783188
6450,107.608,640.00,600.73,-0.011846,-0.049517,0.000000,0.250000,1.000000,GO STRAIGHT,1,1,STREETVIEW_DB,streetview_0037.jpg,37,50.10308074,14.39100839,310.69,27.6107,-0.003666,0.000000,0.783188
6456,107.708,640.00,600.20,-0.030349,-0.031843,0.000000,0.250000,1.000000,GO STRAIGHT,1,1,STREETVIEW_DB,streetview_0037.jpg,37,50.10308074,14.39100839,310.69,27.6107,-0.011357,0.000000,0.783188
6462,107.808,640.00,595.13,-0.023526,-0.046587,0.000000,0.250000,1.000000,GO STRAIGHT,1,1,STREETVIEW_DB,streetview_0037.jpg,37,50.10308074,14.39100839,310.69,27.6107,-0.011400,0.000000,0.783188
6468,107.908,640.00,596.77,-0.026660,-0.040891,0.000000,0.250000,1.000000,GO STRAIGHT,1,1,STREETVIEW_DB,streetview_0037.jpg,37,50.10308074,14.39100839,310.69,27.6107,-0.011757,0.000000,0.783188
6474,108.008,640.00,600.19,-0.032701,-0.029497,0.000000,0.250000,1.000000,GO STRAIGHT,1,1,STREETVIEW_DB,streetview_0041.jpg,41,50.10319898,14.39079400,310.69,30.8564,-0.004653,0.000000,0.839988
6480,108.108,640.00,597.95,-0.027611,-0.038087,0.000000,0.250000,1.000000,GO STRAIGHT,1,1,STREETVIEW_DB,streetview_0041.jpg,41,50.10319898,14.39079400,310.69,30.8564,-0.003842,0.000000,0.839988
6486,108.208,640.00,602.39,-0.026338,-0.032430,0.000000,0.250000,1.000000,GO STRAIGHT,1,1,STREETVIEW_DB,streetview_0041.jpg,41,50.10319898,14.39079400,310.69,30.8564,-0.000907,0.000000,0.839988
6492,108.308,640.00,601.06,-0.033619,-0.027232,0.000000,0.250000,1.000000,GO STRAIGHT,1,1,STREETVIEW_DB,streetview_0041.jpg,41,50.10319898,14.39079400,310.69,30.8564,-0.004549,0.000000,0.839988
6498,108.408,640.00,598.62,-0.027271,-0.037391,0.000000,0.250000,1.000000,GO STRAIGHT,1,1,STREETVIEW_DB,streetview_0041.jpg,41,50.10319898,14.39079400,310.69,30.8564,-0.003344,0.000000,0.839988
6504,108.508,640.00,594.28,-0.022891,-0.048544,0.000000,0.250000,1.000000,GO STRAIGHT,1,1,STREETVIEW_DB,streetview_0041.jpg,41,50.10319898,14.39079400,310.69,30.8564,-0.003962,0.000000,0.839988
6510,108.609,640.00,589.60,-0.020813,-0.057933,0.000000,0.250000,1.000000,GO STRAIGHT,1,1,STREETVIEW_DB,streetview_0041.jpg,41,50.10319898,14.39079400,310.69,30.8564,-0.005690,0.000000,0.839988
6516,108.709,640.00,587.20,-0.018292,-0.064214,0.000000,0.250000,1.000000,GO STRAIGHT,1,1,STREETVIEW_DB,streetview_0041.jpg,41,50.10319898,14.39079400,310.69,30.8564,-0.005998,0.000000,0.839988
6522,108.809,640.00,593.11,-0.027405,-0.045861,0.000000,0.250000,1.000000,GO STRAIGHT,1,1,STREETVIEW_DB,streetview_0041.jpg,41,50.10319898,14.39079400,310.69,30.8564,-0.006409,0.000000,0.839988
6528,108.909,640.00,597.34,-0.031948,-0.034701,0.000000,0.250000,1.000000,GO STRAIGHT,1,1,STREETVIEW_DB,streetview_0041.jpg,41,50.10319898,14.39079400,310.69,30.8564,-0.005910,0.000000,0.839988
6534,109.009,640.00,593.77,-0.033224,-0.039011,0.000000,0.250000,1.000000,GO STRAIGHT,1,1,STREETVIEW_DB,streetview_0041.jpg,41,50.10319898,14.39079400,310.69,30.8564,-0.008376,0.000000,0.839988
6540,109.109,640.00,599.19,-0.034283,-0.029488,0.000000,0.250000,1.000000,GO STRAIGHT,1,1,STREETVIEW_DB,streetview_0041.jpg,41,50.10319898,14.39079400,310.69,30.8564,-0.005837,0.000000,0.839988
6546,109.209,640.00,602.44,-0.034668,-0.024017,0.000000,0.250000,1.000000,GO STRAIGHT,1,1,STREETVIEW_DB,streetview_0041.jpg,41,50.10319898,14.39079400,310.69,30.8564,-0.004210,0.000000,0.839988
6552,109.309,640.00,611.60,-0.036782,-0.007597,0.000000,0.250000,1.000000,GO STRAIGHT,1,1,STREETVIEW_DB,streetview_0041.jpg,41,50.10319898,14.39079400,310.69,30.8564,-0.000049,0.000000,0.839988
6558,109.409,640.00,607.37,-0.034869,-0.016122,0.000000,0.250000,1.000000,GO STRAIGHT,1,1,STREETVIEW_DB,streetview_0041.jpg,41,50.10319898,14.39079400,310.69,30.8564,-0.001598,0.000000,0.839988
6564,109.509,640.00,611.27,-0.040314,-0.004576,0.000000,0.250000,1.000000,GO STRAIGHT,1,1,STREETVIEW_DB,streetview_0041.jpg,41,50.10319898,14.39079400,310.69,30.8564,-0.001641,0.000000,0.839988
6570,109.609,640.00,615.40,-0.024170,-0.014269,0.000000,0.250000,1.000000,GO STRAIGHT,1,1,STREETVIEW_DB,streetview_0041.jpg,41,50.10319898,14.39079400,310.69,30.8564,0.007074,0.000000,0.839988
6576,109.710,640.00,612.35,-0.021282,-0.021924,0.000000,0.250000,1.000000,GO STRAIGHT,1,1,STREETVIEW_DB,streetview_0041.jpg,41,50.10319898,14.39079400,310.69,30.8564,0.006561,0.000000,0.839988
6582,109.810,640.00,608.59,-0.016147,-0.032924,0.000000,0.250000,1.000000,GO STRAIGHT,1,1,STREETVIEW_DB,streetview_0041.jpg,41,50.10319898,14.39079400,310.69,30.8564,0.006563,0.000000,0.839988
6588,109.910,640.00,608.86,-0.013054,-0.035600,0.000000,0.250000,1.000000,GO STRAIGHT,1,1,STREETVIEW_DB,streetview_0041.jpg,41,50.10319898,14.39079400,310.69,30.8564,0.007946,0.000000,0.839988
6594,110.010,640.00,618.90,-0.015595,-0.017375,0.000000,0.250000,1.000000,GO STRAIGHT,1,1,STREETVIEW_DB,streetview_0041.jpg,41,50.10319898,14.39079400,310.69,30.7590,0.012418,0.000000,0.838282
6600,110.110,640.00,616.26,-0.015994,-0.021098,0.000000,0.250000,1.000000,GO STRAIGHT,1,1,STREETVIEW_DB,streetview_0041.jpg,41,50.10319898,14.39079400,310.69,30.7590,0.010816,0.000000,0.838282
6606,110.210,640.00,612.46,-0.001104,-0.041922,0.000000,0.250000,1.000000,GO STRAIGHT,1,1,STREETVIEW_DB,streetview_0041.jpg,41,50.10319898,14.39079400,310.69,30.7590,0.014695,0.000000,0.838282
6612,110.310,640.00,609.38,-0.008989,-0.038861,0.000000,0.250000,1.000000,GO STRAIGHT,1,1,STREETVIEW_DB,streetview_0041.jpg,41,50.10319898,14.39079400,310.69,30.7590,0.009853,0.000000,0.838282
6618,110.410,640.00,605.04,-0.011036,-0.043594,0.000000,0.250000,1.000000,GO STRAIGHT,1,1,STREETVIEW_DB,streetview_0041.jpg,41,50.10319898,14.39079400,310.69,30.7590,0.006662,0.000000,0.838282
6624,110.510,640.00,604.34,-0.013712,-0.042002,0.000000,0.250000,1.000000,GO STRAIGHT,1,1,STREETVIEW_DB,streetview_0041.jpg,41,50.10319898,14.39079400,310.69,30.7590,0.005211,0.000000,0.838282
6630,110.611,640.00,605.71,-0.008917,-0.044667,0.000000,0.250000,1.000000,GO STRAIGHT,1,1,STREETVIEW_DB,streetview_0041.jpg,41,50.10319898,14.39079400,310.69,30.7590,0.007875,0.000000,0.838282
6636,110.711,640.00,618.78,0.014132,-0.047285,0.000000,0.250000,1.000000,GO STRAIGHT,1,1,STREETVIEW_DB,streetview_0041.jpg,41,50.10319898,14.39079400,310.69,30.7590,0.024245,0.000000,0.838282
6642,110.811,640.00,620.37,0.015010,-0.045675,0.000000,0.250000,1.000000,GO STRAIGHT,1,1,STREETVIEW_DB,streetview_0041.jpg,41,50.10319898,14.39079400,310.69,30.7590,0.025467,0.000000,0.838282
6648,110.911,640.00,621.09,0.014868,-0.044409,0.000000,0.250000,1.000000,GO STRAIGHT,1,1,STREETVIEW_DB,streetview_0041.jpg,41,50.10319898,14.39079400,310.69,30.7590,0.025804,0.000000,0.838282
6654,111.011,640.00,613.62,0.011509,-0.052730,0.000000,0.250000,1.000000,GO STRAIGHT,1,1,STREETVIEW_DB,streetview_0041.jpg,41,50.10319898,14.39079400,310.69,30.7590,0.020373,0.000000,0.838282
6660,111.111,640.00,608.04,0.014485,-0.064416,0.000000,0.250000,1.000000,GO STRAIGHT,1,1,STREETVIEW_DB,streetview_0041.jpg,41,50.10319898,14.39079400,310.69,30.7590,0.018514,0.000000,0.838282
6666,111.211,640.00,603.76,0.012446,-0.069066,0.000000,0.250000,1.000000,GO STRAIGHT,1,1,STREETVIEW_DB,streetview_0041.jpg,41,50.10319898,14.39079400,310.69,30.7590,0.015357,0.000000,0.838282
6672,111.311,640.00,600.69,0.017994,-0.079413,0.000000,0.250000,1.000000,GO STRAIGHT,1,1,STREETVIEW_DB,streetview_0041.jpg,41,50.10319898,14.39079400,310.69,30.7590,0.015897,0.000000,0.838282
6678,111.411,640.00,606.08,0.018874,-0.071870,0.000000,0.250000,1.000000,GO STRAIGHT,1,1,STREETVIEW_DB,streetview_0041.jpg,41,50.10319898,14.39079400,310.69,30.7590,0.019197,0.000000,0.838282
6684,111.511,640.00,604.28,0.022549,-0.078358,0.000000,0.250000,1.000000,GO STRAIGHT,1,1,STREETVIEW_DB,streetview_0041.jpg,41,50.10319898,14.39079400,310.69,30.7590,0.019683,0.000000,0.838282
6690,111.612,640.00,606.83,0.016192,-0.068023,0.000000,0.250000,1.000000,GO STRAIGHT,1,1,STREETVIEW_DB,streetview_0041.jpg,41,50.10319898,14.39079400,310.69,30.7590,0.018532,0.000000,0.838282
6696,111.712,640.00,621.89,0.021616,-0.049917,0.000000,0.250000,1.000000,GO STRAIGHT,1,1,STREETVIEW_DB,streetview_0041.jpg,41,50.10319898,14.39079400,310.69,30.7590,0.028938,0.000000,0.838282
6702,111.812,640.00,630.70,0.011253,-0.025780,0.000000,0.250000,1.000000,GO STRAIGHT,1,1,STREETVIEW_DB,streetview_0041.jpg,41,50.10319898,14.39079400,310.69,30.7590,0.029613,0.000000,0.838282
6708,111.912,640.00,632.03,0.017144,-0.029596,0.000000,0.250000,1.000000,GO STRAIGHT,1,1,STREETVIEW_DB,streetview_0041.jpg,41,50.10319898,14.39079400,310.69,30.7590,0.032695,0.000000,0.838282
6714,112.012,640.00,638.42,0.028168,-0.030633,0.000000,0.250000,1.000000,GO STRAIGHT,1,1,STREETVIEW_DB,streetview_0041.jpg,41,50.10319898,14.39079400,310.69,32.2860,0.040601,0.000000,0.865005
6720,112.112,640.00,647.22,0.017952,-0.006675,0.000000,0.250000,1.000000,GO STRAIGHT,1,1,STREETVIEW_DB,streetview_0041.jpg,41,50.10319898,14.39079400,310.69,32.2860,0.041324,0.000000,0.865005
6726,112.212,640.00,649.66,0.020404,-0.005314,0.000000,0.250000,1.000000,GO STRAIGHT,1,1,STREETVIEW_DB,streetview_0041.jpg,41,50.10319898,14.39079400,310.69,32.2860,0.043639,0.000000,0.865005
6732,112.312,640.00,645.54,0.001685,0.006971,0.000000,0.250000,1.000000,GO STRAIGHT,1,1,STREETVIEW_DB,streetview_0041.jpg,41,50.10319898,14.39079400,310.69,32.2860,0.033900,0.000000,0.865005
6738,112.412,640.00,651.16,0.010588,0.006854,0.000000,0.250000,1.000000,GO STRAIGHT,1,1,STREETVIEW_DB,streetview_0041.jpg,41,50.10319898,14.39079400,310.69,32.2860,0.040536,0.000000,0.865005
6744,112.512,640.00,649.78,0.009828,0.005460,0.000000,0.250000,1.000000,GO STRAIGHT,1,1,STREETVIEW_DB,streetview_0041.jpg,41,50.10319898,14.39079400,310.69,32.2860,0.039478,0.000000,0.865005
6750,112.612,640.00,648.67,0.001124,0.012416,0.000000,0.250000,1.000000,GO STRAIGHT,1,1,STREETVIEW_DB,streetview_0041.jpg,41,50.10319898,14.39079400,310.69,32.2860,0.035385,0.000000,0.865005
6756,112.713,640.00,659.05,0.009356,0.020404,0.000000,0.250000,1.000000,GO STRAIGHT,1,1,STREETVIEW_DB,streetview_0041.jpg,41,50.10319898,14.39079400,310.69,32.2860,0.044355,0.000000,0.865005
6762,112.813,640.00,656.67,-0.002617,0.028663,0.000000,0.250000,1.000000,GO STRAIGHT,1,1,STREETVIEW_DB,streetview_0041.jpg,41,50.10319898,14.39079400,310.69,32.2860,0.038265,0.000000,0.865005
6768,112.913,640.00,652.48,-0.012292,0.031793,0.000000,0.250000,1.000000,GO STRAIGHT,1,1,STREETVIEW_DB,streetview_0041.jpg,41,50.10319898,14.39079400,310.69,32.2860,0.032104,0.000000,0.865005
6774,113.013,640.00,648.28,-0.005842,0.018781,0.000000,0.250000,1.000000,GO STRAIGHT,1,1,STREETVIEW_DB,streetview_0041.jpg,41,50.10319898,14.39079400,310.69,32.2860,0.032388,0.000000,0.865005
6780,113.113,640.00,645.50,-0.007230,0.015829,0.000000,0.250000,1.000000,GO STRAIGHT,1,1,STREETVIEW_DB,streetview_0041.jpg,41,50.10319898,14.39079400,310.69,32.2860,0.030314,0.000000,0.865005
6786,113.213,640.00,640.89,-0.007679,0.009074,0.000000,0.250000,1.000000,GO STRAIGHT,1,1,STREETVIEW_DB,streetview_0041.jpg,41,50.10319898,14.39079400,310.69,32.2860,0.027613,0.000000,0.865005
6792,113.313,640.00,636.43,-0.005127,-0.000457,0.000000,0.250000,1.000000,GO STRAIGHT,1,1,STREETVIEW_DB,streetview_0041.jpg,41,50.10319898,14.39079400,310.69,32.2860,0.026191,0.000000,0.865005
6798,113.413,640.00,629.71,-0.006914,-0.009159,0.000000,0.250000,1.000000,GO STRAIGHT,1,1,STREETVIEW_DB,streetview_0041.jpg,41,50.10319898,14.39079400,310.69,32.2860,0.021805,0.000000,0.865005
6804,113.513,640.00,635.63,0.008570,-0.015404,0.000000,0.250000,0.550000,GO STRAIGHT,1,0,STREETVIEW_DB,streetview_0041.jpg,41,50.10319898,14.39079400,310.69,32.2860,0.031232,0.000000,0.865005
6810,113.614,640.00,644.19,0.035105,-0.028551,0.000000,0.250000,0.550000,GO STRAIGHT,1,0,STREETVIEW_DB,streetview_0041.jpg,41,50.10319898,14.39079400,310.69,32.2860,0.046532,0.000000,0.865005
6816,113.714,640.00,643.42,0.034511,-0.029164,0.000000,0.250000,0.550000,GO STRAIGHT,1,0,STREETVIEW_DB,streetview_0041.jpg,41,50.10319898,14.39079400,310.69,32.2860,0.045872,0.000000,0.865005
6822,113.814,640.00,649.43,0.048676,-0.033935,-0.011338,0.239033,0.550000,GO STRAIGHT,1,0,STREETVIEW_DB,streetview_0041.jpg,41,50.10319898,14.39079400,310.69,32.2860,0.054825,0.000000,0.865005
6828,113.914,640.00,649.45,0.047485,-0.032723,-0.019390,0.239141,0.550000,GO STRAIGHT,1,0,STREETVIEW_DB,streetview_0041.jpg,41,50.10319898,14.39079400,310.69,32.2860,0.054357,0.000000,0.865005
6834,114.014,640.00,652.46,0.056672,-0.037204,-0.028145,0.236281,0.550000,TURN RIGHT,1,0,STREETVIEW_DB,streetview_0041.jpg,41,50.10319898,14.39079400,310.69,40.3724,0.059679,0.000000,1.000000
6840,114.114,640.00,652.14,0.060518,-0.041547,-0.034811,0.235930,0.550000,TURN RIGHT,1,0,STREETVIEW_DB,streetview_0041.jpg,41,50.10319898,14.39079400,310.69,40.3724,0.061043,0.000000,1.000000
6846,114.214,640.00,649.09,0.048807,-0.034599,-0.037921,0.237564,0.550000,GO STRAIGHT,1,0,STREETVIEW_DB,streetview_0041.jpg,41,50.10319898,14.39079400,310.69,40.3724,0.054691,0.000000,1.000000
6852,114.314,640.00,652.23,0.045708,-0.026604,-0.040286,0.237442,0.550000,GO STRAIGHT,1,0,STREETVIEW_DB,streetview_0041.jpg,41,50.10319898,14.39079400,310.69,40.3724,0.055166,0.000000,1.000000
6858,114.414,640.00,654.64,0.039320,-0.016445,-0.041660,0.237760,0.550000,GO STRAIGHT,1,0,STREETVIEW_DB,streetview_0041.jpg,41,50.10319898,14.39079400,310.69,40.3724,0.053930,0.000000,1.000000
6864,114.514,640.00,655.10,0.024574,-0.000987,-0.041147,0.239213,0.550000,GO STRAIGHT,1,0,STREETVIEW_DB,streetview_0041.jpg,41,50.10319898,14.39079400,310.69,40.3724,0.048281,0.000000,1.000000
6870,114.615,640.00,648.45,0.014561,-0.001352,-0.029626,0.250000,1.000000,GO STRAIGHT,1,1,STREETVIEW_DB,streetview_0041.jpg,41,50.10319898,14.39079400,310.69,40.3724,0.040644,0.000000,1.000000
6876,114.715,640.00,631.54,0.005384,-0.018606,-0.021331,0.250000,0.550000,GO STRAIGHT,0,1,STREETVIEW_DB,streetview_0041.jpg,41,50.10319898,14.39079400,310.69,40.3724,0.027722,0.000000,1.000000
6882,114.815,640.00,636.40,0.004061,-0.009692,-0.015358,0.250000,1.000000,GO STRAIGHT,1,1,STREETVIEW_DB,streetview_0041.jpg,41,50.10319898,14.39079400,310.69,40.3724,0.029850,0.000000,1.000000
6888,114.915,640.00,638.25,0.009107,-0.011840,-0.011058,0.250000,1.000000,GO STRAIGHT,1,1,STREETVIEW_DB,streetview_0041.jpg,41,50.10319898,14.39079400,310.69,40.3724,0.032882,0.000000,1.000000
6894,115.015,640.00,624.35,0.006118,-0.030578,-0.007962,0.250000,0.550000,GO STRAIGHT,0,1,STREETVIEW_DB,streetview_0041.jpg,41,50.10319898,14.39079400,310.69,40.3724,0.024082,0.000000,1.000000
6900,115.115,640.00,637.02,0.020755,-0.025406,-0.005732,0.250000,1.000000,GO STRAIGHT,1,1,STREETVIEW_DB,streetview_0041.jpg,41,50.10319898,14.39079400,310.69,40.3724,0.036870,0.000000,1.000000
6906,115.215,640.00,628.17,0.015251,-0.033729,0.000000,0.250000,1.000000,GO STRAIGHT,1,1,STREETVIEW_DB,streetview_0041.jpg,41,50.10319898,14.39079400,310.69,40.3724,0.029829,0.000000,1.000000
6912,115.315,640.00,639.08,0.037958,-0.039388,-0.010247,0.240089,0.999571,GO STRAIGHT,1,1,STREETVIEW_DB,streetview_0041.jpg,41,50.10319898,14.39079400,310.69,40.3724,0.044879,0.000000,1.000000
6918,115.415,640.00,646.17,0.052689,-0.043049,-0.020222,0.237576,0.523108,GO STRAIGHT,1,0,STREETVIEW_DB,streetview_0041.jpg,41,50.10319898,14.39079400,310.69,40.3724,0.054646,0.000000,1.000000
6924,115.515,640.00,664.94,0.126740,-0.087774,-0.038014,0.227314,0.996541,TURN RIGHT,1,1,STREETVIEW_DB,streetview_0041.jpg,41,50.10319898,14.39079400,310.69,40.3724,0.094530,0.000000,1.000000
6930,115.615,640.00,631.66,0.124858,-0.137887,-0.045783,0.232190,0.940808,TURN RIGHT,1,1,STREETVIEW_DB,streetview_0041.jpg,41,50.10319898,14.39079400,310.69,40.3724,0.075580,0.000000,1.000000
6936,115.716,640.00,628.33,0.136483,-0.154720,-0.052129,0.231462,0.984115,TURN RIGHT,1,1,STREETVIEW_DB,streetview_0041.jpg,41,50.10319898,14.39079400,310.69,40.3724,0.078406,0.000000,1.000000
6942,115.816,640.00,610.80,0.135136,-0.180764,-0.054005,0.234068,0.927210,TURN RIGHT,1,1,STREETVIEW_DB,streetview_0041.jpg,41,50.10319898,14.39079400,310.69,40.3724,0.068281,0.000000,1.000000
6948,115.916,640.00,605.13,0.147390,-0.201882,-0.055834,0.233605,0.966309,TURN RIGHT,1,1,STREETVIEW_DB,streetview_0041.jpg,41,50.10319898,14.39079400,310.69,40.3724,0.070080,0.000000,1.000000
6954,116.016,640.00,609.11,0.114357,-0.162629,-0.054008,0.236645,0.977990,GO STRAIGHT,1,1,STREETVIEW_DB,streetview_0041.jpg,41,50.10319898,14.39079400,310.69,39.0452,0.059044,0.000000,0.983291
6960,116.116,640.00,612.56,0.156901,-0.199777,-0.057656,0.231844,0.500000,TURN RIGHT,0,1,STREETVIEW_DB,streetview_0041.jpg,41,50.10319898,14.39079400,310.69,39.0452,0.077950,0.000000,0.983291
6966,116.216,640.00,619.19,0.190463,-0.222975,-0.064758,0.227515,0.500000,TURN RIGHT,0,1,STREETVIEW_DB,streetview_0041.jpg,41,50.10319898,14.39079400,310.69,39.0452,0.095002,0.000000,0.983291
6972,116.316,640.00,620.77,0.203159,-0.233200,-0.071432,0.226006,0.487144,TURN RIGHT,0,1,STREETVIEW_DB,streetview_0041.jpg,41,50.10319898,14.39079400,310.69,39.0452,0.100946,0.000000,0.983291
